case_id,source_kind,prompt,reference_answer,reference_source,answer_hash,source_row_id,question_variant_rank,token_count_reference,source_dataset,source_revision,adapter_raw_answer,adapter_answer,adapter_token_f1,adapter_reference_marker_recall,adapter_protocol_marker_count,adapter_repeated_ngram_ratio,adapter_generated_tokens,adapter_latency_seconds,adapter_hit_max_new_tokens,adapter_error,reviewer_substance_correct,reviewer_citation_correct,reviewer_complete,reviewer_current,reviewer_grounded,reviewer_abstained_appropriately,reviewer_notes
qa-test-00001,qa_test,Tuliskan kutipan lengkap dari Pasal 283 dalam Undang -Undang Republik Indonesia No 31 Tahun 1997!,"(1) Pemeriksaan sengketa dimulai dengan membacakan isi gugatan dan surat yang memuat jawabannya oleh Hakim K etua dan apabila tidak ada surat jawaban, pihak Tergugat diberi kesempatan untuk mengajukan jawabannya. (2) Hakim Ketua memberikan kesempatan kepada kedua belah pihak untuk menjelaskan seperlunya hal yang akan diajukan oleh mereka masing -masing.",answer:0024a78a4f8396cd7136af27878e55c578532aa5618943103446fdf3101b0660,0024a78a4f8396cd7136af27878e55c578532aa5618943103446fdf3101b0660,train-00010-of-00021.parquet:9378429,1,114,Azzindani/Indonesian_Regulation_QA,54e65e937f1a8cc87cd0fc55eb944c0a6383efe1,"(1) Dalam hal terdakwa tidak dapat dibuktikan bersalah atau tidak terbukti bersalah, maka terdakwa dinyatakan tidak bersalah. (2) Dalam hal terdakwa tidak dapat dibuktikan bersalah atau tidak terbukti bersalah, maka terdakwa tidak dipidana. (3) Dalam hal terdakwa tidak dapat dibuktikan bersalah atau tidak terbukti bersalah, maka terdakwa tidak dipidana. (4) Dalam hal terdakwa tidak dapat dibuktikan bersalah atau tidak terbukti bersalah, maka terdakwa tidak dipidana. (5) Dalam hal terdakwa tidak dapat dibuktikan bersalah atau tidak terbukti bersalah, maka terdakwa tidak dipidana. (6) Dalam hal terdakwa tidak dapat dibuktikan bersalah atau tidak terbukti bersalah, maka terdakwa tidak dipidana. (7) Dalam hal terdakwa tidak dapat dibuktikan bersalah atau tidak terbukti bersalah, maka terdakwa tidak dipidana. (8) Dalam hal terdakwa tidak dapat dibuktikan bersalah atau tidak terbukti bersalah, maka terdakwa tidak dipidana. (9) Dalam hal terdakwa tidak dapat dibuktikan bersalah atau tidak terbukti bersalah, maka terdakwa","(1) Dalam hal terdakwa tidak dapat dibuktikan bersalah atau tidak terbukti bersalah, maka terdakwa dinyatakan tidak bersalah. (2) Dalam hal terdakwa tidak dapat dibuktikan bersalah atau tidak terbukti bersalah, maka terdakwa tidak dipidana. (3) Dalam hal terdakwa tidak dapat dibuktikan bersalah atau tidak terbukti bersalah, maka terdakwa tidak dipidana. (4) Dalam hal terdakwa tidak dapat dibuktikan bersalah atau tidak terbukti bersalah, maka terdakwa tidak dipidana. (5) Dalam hal terdakwa tidak dapat dibuktikan bersalah atau tidak terbukti bersalah, maka terdakwa tidak dipidana. (6) Dalam hal terdakwa tidak dapat dibuktikan bersalah atau tidak terbukti bersalah, maka terdakwa tidak dipidana. (7) Dalam hal terdakwa tidak dapat dibuktikan bersalah atau tidak terbukti bersalah, maka terdakwa tidak dipidana. (8) Dalam hal terdakwa tidak dapat dibuktikan bersalah atau tidak terbukti bersalah, maka terdakwa tidak dipidana. (9) Dalam hal terdakwa tidak dapat dibuktikan bersalah atau tidak terbukti bersalah, maka terdakwa",0.041451,nan,0,0.550725,256,9.5994,True,,,,,,,,
qa-test-00002,qa_test,Bagaimana bunyi lengkap dari Pasal 16 berdasarkan Peraturan Pemerintah Republik Indonesia No 2 Tahun 2006?,"Bunyi lengkap dari Pasal berdasarkan Pasal 16 dalam Peraturan Pemerintah Republik Indonesia No 2 Tahun 2006 tentang Tata Cara Pengadaan Pinjaman Dan/Atau Penerimaan Hibah:
Cukup jelas.",peraturan pemerintah|2|2006,00975a69e487a49d01d60808a4ac859551644f6a680293391786e580a24cb9aa,train-00001-of-00021.parquet:758165,1,85,Azzindani/Indonesian_Regulation_QA,54e65e937f1a8cc87cd0fc55eb944c0a6383efe1,"Bunyi lengkap dari Pasal berdasarkan Pasal 16 dalam Peraturan Pemerintah Republik Indonesia No 2 Tahun 2006 tentang Penanganan Permasalahan Hukum Dalam Rangka Pelaksanaan:
Cukup jelas.<|im_end|>","Bunyi lengkap dari Pasal berdasarkan Pasal 16 dalam Peraturan Pemerintah Republik Indonesia No 2 Tahun 2006 tentang Penanganan Permasalahan Hukum Dalam Rangka Pelaksanaan:
Cukup jelas.",0.730769,1.0,0,0.0,41,1.5487,False,,,,,,,,
qa-test-00003,qa_test,Apa frasa hukum dalam Pasal 21 dari Peraturan Menter! Keuangan Republik Indonesia No 87 Tahun 2014?,"Frasa hukum dalam Pasal 21 dalam Peraturan Menter! Keuangan Republik Indonesia No 87 Tahun 2014 tentang Perubahan Atas Peraturan Menter! Keuangan:
berbunyi sebagai berikut:",answer:0430f8a4cb812114191e2007584fe0f73a0b3c8ec8af8f427bbb5c81e733bd1a,0430f8a4cb812114191e2007584fe0f73a0b3c8ec8af8f427bbb5c81e733bd1a,train-00008-of-00021.parquet:7671916,1,85,Azzindani/Indonesian_Regulation_QA,54e65e937f1a8cc87cd0fc55eb944c0a6383efe1,"Frasa hukum dalam Pasal 21 dalam Peraturan Menter! Keuangan Republik Indonesia No 87 Tahun 2014 tentang Pengelolaan Barang Milik Negara:
(1) Pengguna Barang melakukan inventarisasi BMN yang berada dalam penguasaannya. (2) Inventarisasi sebagaimana dimaksud pada ayat (1) dilakukan untuk mengetahui: a. keberadaan BMN; b. kondisi BMN; dan c. nilai BMN. (3) Inventarisasi sebagaimana dimaksud pada ayat (1) dilakukan secara berkala paling sedikit 1 (satu) kali dalam 1 (satu) tahun. (4) Inventarisasi sebagaimana dimaksud pada ayat (1) dilakukan oleh Pengguna Barang dengan melibatkan Pengelola Barang. (5) Hasil inventarisasi sebagaimana dimaksud pada ayat (2) digunakan sebagai dasar penyusunan laporan BMN. (6) Laporan BMN sebagaimana dimaksud pada ayat (5) digunakan sebagai bahan evaluasi dan pertanggungjawaban pengelolaan BMN.<|im_end|>","Frasa hukum dalam Pasal 21 dalam Peraturan Menter! Keuangan Republik Indonesia No 87 Tahun 2014 tentang Pengelolaan Barang Milik Negara:
(1) Pengguna Barang melakukan inventarisasi BMN yang berada dalam penguasaannya. (2) Inventarisasi sebagaimana dimaksud pada ayat (1) dilakukan untuk mengetahui: a. keberadaan BMN; b. kondisi BMN; dan c. nilai BMN. (3) Inventarisasi sebagaimana dimaksud pada ayat (1) dilakukan secara berkala paling sedikit 1 (satu) kali dalam 1 (satu) tahun. (4) Inventarisasi sebagaimana dimaksud pada ayat (1) dilakukan oleh Pengguna Barang dengan melibatkan Pengelola Barang. (5) Hasil inventarisasi sebagaimana dimaksud pada ayat (2) digunakan sebagai dasar penyusunan laporan BMN. (6) Laporan BMN sebagaimana dimaksud pada ayat (5) digunakan sebagai bahan evaluasi dan pertanggungjawaban pengelolaan BMN.",0.246377,1.0,0,0.036697,197,7.2075,False,,,,,,,,
qa-test-00004,qa_test,Apa saja poin yang tercantum dalam Pasal 27 dalam Peraturan Menteri Pendayagunaan Aparatur Negara No 44 Tahun 2020?,"Berikut kutipan verbatim dari Pasal 27 dalam Peraturan Menteri Pendayagunaan Aparatur Negara No 44 Tahun 2020 tentang Jabatan Fungsional Negosiator Perdagangan:
dan",peraturan menteri|44|2020,0a6032b2bf679aef227c595437b2b6edc62ed5e198230f972babed103897a15f,train-00014-of-00021.parquet:13362758,1,91,Azzindani/Indonesian_Regulation_QA,54e65e937f1a8cc87cd0fc55eb944c0a6383efe1,"Berikut kutipan verbatim dari Pasal 27 dalam Peraturan Menteri Pendayagunaan Aparatur Negara No 44 Tahun 2020 tentang Jabatan Fungsional Asisten Penguji Prasarana Perkeretaapian:
(1) Dalam menjalankan tugasnya, pejabat sebagaimana dimaksud dalam<|im_end|>","Berikut kutipan verbatim dari Pasal 27 dalam Peraturan Menteri Pendayagunaan Aparatur Negara No 44 Tahun 2020 tentang Jabatan Fungsional Asisten Penguji Prasarana Perkeretaapian:
(1) Dalam menjalankan tugasnya, pejabat sebagaimana dimaksud dalam",0.716981,1.0,0,0.0,65,2.4071,False,,,,,,,,
qa-test-00005,qa_test,Uraikan teks hukum dari Pasal 321 menurut Peraturan Menteri Koordinator Bidang Kemaritiman Dan Investasi No 2 Tahun 2020!,"Teks hukum dari Pasal 321 dalam Peraturan Menteri Koordinator Bidang Kemaritiman Dan Investasi No 2 Tahun 2020 tentang Organisasi Dan Tata Kerja:
Bidang Strategi Percepatan Investasi mempunyai tugas melaksanakan pen yiapan bahan koordinasi dan sinkronisasi perumusan, penetapan, dan pelaksanaan serta pengendalian pelaksanaan kebijakan Kementerian/Lembaga, dan pemantauan, analisis, evaluasi, dan pelaporan yang terkait dengan isu di bidang strategi percepatan investasi.",peraturan menteri|2|2020,0ae1ea6753932d294bd0dae8b8f2d179d5c67c51979e1bf8b5f3f8bdda016489,train-00016-of-00021.parquet:15357073,1,140,Azzindani/Indonesian_Regulation_QA,54e65e937f1a8cc87cd0fc55eb944c0a6383efe1,"Teks hukum dari Pasal 321 dalam Peraturan Menteri Koordinator Bidang Kemaritiman Dan Investasi No 2 Tahun 2020 tentang Organisasi Dan Tata Kerja:
Asisten Deputi Pengembangan Sumber Daya Manusia dan Sarana Prasarana terdiri atas: a. Bidang Pengembangan Sumber Daya Manusia; dan b. Bidang Sarana Prasarana.<|im_end|>","Teks hukum dari Pasal 321 dalam Peraturan Menteri Koordinator Bidang Kemaritiman Dan Investasi No 2 Tahun 2020 tentang Organisasi Dan Tata Kerja:
Asisten Deputi Pengembangan Sumber Daya Manusia dan Sarana Prasarana terdiri atas: a. Bidang Pengembangan Sumber Daya Manusia; dan b. Bidang Sarana Prasarana.",0.5,1.0,0,0.0,72,2.6512,False,,,,,,,,
qa-test-00006,qa_test,Jelaskan isi lengkap Pasal 49 dari Peraturan Pemerintah Republik Indonesia No 6 Tahun 2021!,ayat (1) terdiri atas: a. pengelola SPKP; b. Penyedia SPKP; c. Pengguna SPKP; d. prasarana SPKP; dan e. sarana SPKP.,peraturan pemerintah|6|2021,0b6f61b8d07a941ddb0b186737a84ce0679a86a663244f047ded89faeeb38897,train-00016-of-00021.parquet:15305102,1,78,Azzindani/Indonesian_Regulation_QA,54e65e937f1a8cc87cd0fc55eb944c0a6383efe1,(1) Dalam hal terdapat perubahan atas data dan informasi yang telah disampaikan oleh Pelaku Usaha sebagaimana dimaksud dalam<|im_end|>,(1) Dalam hal terdapat perubahan atas data dan informasi yang telah disampaikan oleh Pelaku Usaha sebagaimana dimaksud dalam,0.157895,nan,0,0.0,23,0.8889,False,,,,,,,,
qa-test-00007,qa_test,Apa saja poin yang tercantum dalam Pasal 33 dalam Peraturan Pemerintah No 1 Tahun 2014?,"Berikut kutipan verbatim dari Pasal 33 dalam Peraturan Pemerintah No 1 Tahun 2014 tentang Pemilihan Gubernur , Bupa Ti, Dan Walikota:
Cukup jelas.",peraturan pemerintah|1|2014,0d431935e797bede5ca49842bdf0b914acc5c96ac6fb00bd4ceda16359dc9d3a,train-00001-of-00021.parquet:217708,1,78,Azzindani/Indonesian_Regulation_QA,54e65e937f1a8cc87cd0fc55eb944c0a6383efe1,"Berikut kutipan verbatim dari Pasal 33 dalam Peraturan Pemerintah No 1 Tahun 2014 tentang Perubahan Kedua Atas Undang- Undang Nomor 24 Tahun 2003:
A Cukup jelas. Angka 14<|im_end|>","Berikut kutipan verbatim dari Pasal 33 dalam Peraturan Pemerintah No 1 Tahun 2014 tentang Perubahan Kedua Atas Undang- Undang Nomor 24 Tahun 2003:
A Cukup jelas. Angka 14",0.64,1.0,0,0.0,51,1.8981,False,,,,,,,,
qa-test-00008,qa_test,Uraikan teks hukum dari Pasal 41 menurut Peraturan Menteri Hukum Dan Hak Asasi Manusia No 16 Tahun 2022!,"Teks hukum dari Pasal 41 dalam Peraturan Menteri Hukum Dan Hak Asasi Manusia No 16 Tahun 2022 tentang Petunjuk Teknis Jabatan Fungsional Analis Hukum:
(1) PAK dilakukan berdasarkan hasil penilaian capaian Angka Kredit. (2) Capaian Angka Kredit diperoleh berdasarkan capaian SKP yang diperoleh dari hasil penilaian SKP oleh Pejabat Penilai Kinerja PNS yang ditetapkan dalam bentuk penilaian Angka Kredit oleh Tim Penilai. (3) Penilaian capaian Angka Kredit didasarkan pada SKHK. (4) Untuk mendukung objektivitas dalam penilaian kinerja, Analis Hukum mendokumentasikan Hasil Kerja yang diperoleh sesuai dengan SKP yang ditetapkan setiap tahunnya. (5) Dalam hal sebagai bahan pertimbangan dalam pelaksanaan penilaian Angka Kredit, bukti Hasil Kerja dan bukti pendukung disampaikan kepada Tim Penilai. (6) Jika diperlukan, Tim Penilai dapat melakukan konf irmasi terhadap Pejabat Penilai Kinerja PNS. (7) Dalam melakukan penilaian Angka Kredit, Tim Penilai wajib memperhatikan kesesuaian tugas Analis Hukum dan tugas fungsi unit kerja berdasarkan kedudukan Analis Hukum yang ditetapkan dalam peta jabatan. Bagian Ke dua Pengusulan Angka Kredit Paragraf Kesatu Tata Cara Penyampaian Bahan Usulan Penilaian",peraturan menteri|16|2022,0d437ba6999afb5dfd450e27f8e5afb655f2c395b19d2d1d45ed140c10388084,train-00018-of-00021.parquet:17474098,1,291,Azzindani/Indonesian_Regulation_QA,54e65e937f1a8cc87cd0fc55eb944c0a6383efe1,"Teks hukum dari Pasal 41 dalam Peraturan Menteri Hukum Dan Hak Asasi Manusia No 16 Tahun 2022 tentang Perubahan Atas Peraturan Menteri Hukum Dan Hak Asasi Manusia:
diubah sehingga berbunyi sebagai berikut:<|im_end|>","Teks hukum dari Pasal 41 dalam Peraturan Menteri Hukum Dan Hak Asasi Manusia No 16 Tahun 2022 tentang Perubahan Atas Peraturan Menteri Hukum Dan Hak Asasi Manusia:
diubah sehingga berbunyi sebagai berikut:",0.21,1.0,0,0.074074,49,1.8234,False,,,,,,,,
qa-test-00009,qa_test,Jelaskan kutipan resmi dari Pasal 14 menurut Peraturan Menteri Perindustrian Republik Indonesia No 36 Tahun 2024!,"Kutipan resmi dari Pasal 14 dalam Peraturan Menteri Perindustrian Republik Indonesia No 36 Tahun 2024 tentang Pemberlakuan Standar Nasional Indonesia Dan Spesifikasi:
Produsen di Luar Negeri yang mengganti Perwakilan Resmi sebelum masa berlaku Sertifikat SNI dan/atau Sertifikat Kesesuaian berakhir, Sertifikat SNI dan/atau Sertifikat Kesesuaian yang diterbitkan melalui sistem sertifikasi tipe 5 (lima) dinyatakan berakhir masa berlakunya.",peraturan menteri|36|2024,0d81efef55e980d606638e525adbc1a58b6127cb5f4a317958d4183ec45fd229,train-00021-of-00021.parquet:20912996,1,145,Azzindani/Indonesian_Regulation_QA,54e65e937f1a8cc87cd0fc55eb944c0a6383efe1,"Kutipan resmi dari Pasal 14 dalam Peraturan Menteri Perindustrian Republik Indonesia No 36 Tahun 2024 tentang Pemberlakuan Standar Nasional Indonesia Untuk Alat:
(1) Dalam hal berdasarkan hasil evaluasi sebagaimana dimaksud dalam<|im_end|>","Kutipan resmi dari Pasal 14 dalam Peraturan Menteri Perindustrian Republik Indonesia No 36 Tahun 2024 tentang Pemberlakuan Standar Nasional Indonesia Untuk Alat:
(1) Dalam hal berdasarkan hasil evaluasi sebagaimana dimaksud dalam",0.449438,1.0,0,0.0,49,1.8224,False,,,,,,,,
qa-test-00010,qa_test,Sampaikan isi hukum dalam Pasal 26 dari Peraturan Pemerintah Republik Indonesia No 6 Tahun 2010!,"Ketentuan hukum dalam Pasal 26 dalam Peraturan Pemerintah Republik Indonesia No 6 Tahun 2010 tentang Satuan Polisi Pamong Praja:
Cukup jelas.",peraturan pemerintah|6|2010,0ded6b3053a600d39a5c47e8dc34965170258f6cd84b0f5b9f55527c1a7f4a7c,train-00009-of-00021.parquet:8366982,1,73,Azzindani/Indonesian_Regulation_QA,54e65e937f1a8cc87cd0fc55eb944c0a6383efe1,"Ketentuan hukum dalam Pasal 26 dalam Peraturan Pemerintah Republik Indonesia No 6 Tahun 2010 tentang Perusahaan Umum (Perum) Jasa Tirta I:
(1)Direksi wajib menyampaikan laporan berkala kepada Menteri. (2)Laporan berkala sebagaimana dimaksud pada ayat (1) terdiri atas: a.laporan triwulan; b.laporan semesteran; dan c.laporan tahunan. (3)Laporan triwulan sebagaimana dimaksud pada ayat (2) huruf a disampaikan kepada Menteri paling lambat 15 (lima belas) hari setelah triwulan berakhir. (4)Laporan semesteran sebagaimana dimaksud pada ayat (2) huruf b disampaikan kepada Menteri paling lambat 15 (lima belas) hari setelah semester berakhir. (5)Laporan tahunan sebagaimana dimaksud pada ayat (2) huruf c disampaikan kepada Menteri paling lambat 30 (tiga puluh) hari setelah tahun buku berakhir. (6)Laporan tahunan sebagaimana dimaksud pada ayat (5) paling sedikit memuat: a.laporan realisasi anggaran; b.laporan kinerja; c.laporan keuangan; dan d.laporan tahunan lainnya. (7)Laporan tahunan sebagaimana dimaksud pada ayat (6) disampaikan kepada Menteri paling lambat 30 (tiga puluh) hari setelah tahun buku berakhir. (8","Ketentuan hukum dalam Pasal 26 dalam Peraturan Pemerintah Republik Indonesia No 6 Tahun 2010 tentang Perusahaan Umum (Perum) Jasa Tirta I:
(1)Direksi wajib menyampaikan laporan berkala kepada Menteri. (2)Laporan berkala sebagaimana dimaksud pada ayat (1) terdiri atas: a.laporan triwulan; b.laporan semesteran; dan c.laporan tahunan. (3)Laporan triwulan sebagaimana dimaksud pada ayat (2) huruf a disampaikan kepada Menteri paling lambat 15 (lima belas) hari setelah triwulan berakhir. (4)Laporan semesteran sebagaimana dimaksud pada ayat (2) huruf b disampaikan kepada Menteri paling lambat 15 (lima belas) hari setelah semester berakhir. (5)Laporan tahunan sebagaimana dimaksud pada ayat (2) huruf c disampaikan kepada Menteri paling lambat 30 (tiga puluh) hari setelah tahun buku berakhir. (6)Laporan tahunan sebagaimana dimaksud pada ayat (5) paling sedikit memuat: a.laporan realisasi anggaran; b.laporan kinerja; c.laporan keuangan; dan d.laporan tahunan lainnya. (7)Laporan tahunan sebagaimana dimaksud pada ayat (6) disampaikan kepada Menteri paling lambat 30 (tiga puluh) hari setelah tahun buku berakhir. (8",0.162162,1.0,0,0.106918,256,9.2915,True,,,,,,,,
qa-test-00011,qa_test,Kutipan isi Pasal 2 menurut Keputusan Menteri Keuangan Republik Indonesia No nan Tahun 1985 berbunyi apa?,"Kutipan isi Pasal berbunyi: Pasal 2 dalam Keputusan Menteri Keuangan Republik Indonesia No nan Tahun 1985 tentang Tidak Dilakukannya Pemotongan Pph Pasal 21 Atas Honorarium, Uang Perangsang Dan Imbalan Lainnya Yang Dibayarkan Kepada Pegawai Negeri Sipil Golongan Ii/D Kebawah Dan Anggota Abri Yang Berpangkat Pembantu Letnan Satu Kebawah Yang Dibebankan Kepada Keuangan Negara:
Ketentuan dalam",answer:0e70f04c74c119c73a39218744393d4580c5a0a1c0635e82d6f60a70725ce9be,0e70f04c74c119c73a39218744393d4580c5a0a1c0635e82d6f60a70725ce9be,train-00007-of-00021.parquet:6529442,1,136,Azzindani/Indonesian_Regulation_QA,54e65e937f1a8cc87cd0fc55eb944c0a6383efe1,"Kutipan isi Pasal berbunyi: Pasal 2 dalam Keputusan Menteri Keuangan Republik Indonesia No nan Tahun 1985 tentang Penetapan Tarif Bea Masuk:
(1) Barang yang diimpor melalui Pelabuhan Udara di Indonesia dikenakan tarif bea masuk sesuai dengan ketentuan yang berlaku. (2) Barang yang diimpor melalui Pelabuhan Udara di Indonesia dikenakan tarif bea masuk sesuai dengan ketentuan yang berlaku, apabila barang tersebut diimpor untuk tujuan ekspor kembali. (3) Barang yang diimpor melalui Pelabuhan Udara di Indonesia dikenakan tarif bea masuk sesuai dengan ketentuan yang berlaku, apabila barang tersebut diimpor untuk tujuan ekspor kembali dan telah dikenakan bea masuk sesuai dengan ketentuan yang berlaku. (4) Barang yang diimpor melalui Pelabuhan Udara di Indonesia dikenakan tarif bea masuk sesuai dengan ketentuan yang berlaku, apabila barang tersebut diimpor untuk tujuan ekspor kembali dan telah dikenakan bea masuk sesuai dengan ketentuan yang berlaku. (5) Barang yang diimpor melalui Pelabuhan Udara di Indonesia dikenakan tarif bea masuk sesuai dengan ketentuan yang berlaku, apabila barang tersebut diimpor untuk tujuan ekspor kembali dan telah dikenakan bea masuk sesuai dengan ketentuan yang berlaku. (6) Barang yang diimpor melalui Pelabuhan Udara di Indonesia dikenakan tarif bea masuk sesuai dengan ketentuan yang berlaku, apabila barang","Kutipan isi Pasal berbunyi: Pasal 2 dalam Keputusan Menteri Keuangan Republik Indonesia No nan Tahun 1985 tentang Penetapan Tarif Bea Masuk:
(1) Barang yang diimpor melalui Pelabuhan Udara di Indonesia dikenakan tarif bea masuk sesuai dengan ketentuan yang berlaku. (2) Barang yang diimpor melalui Pelabuhan Udara di Indonesia dikenakan tarif bea masuk sesuai dengan ketentuan yang berlaku, apabila barang tersebut diimpor untuk tujuan ekspor kembali. (3) Barang yang diimpor melalui Pelabuhan Udara di Indonesia dikenakan tarif bea masuk sesuai dengan ketentuan yang berlaku, apabila barang tersebut diimpor untuk tujuan ekspor kembali dan telah dikenakan bea masuk sesuai dengan ketentuan yang berlaku. (4) Barang yang diimpor melalui Pelabuhan Udara di Indonesia dikenakan tarif bea masuk sesuai dengan ketentuan yang berlaku, apabila barang tersebut diimpor untuk tujuan ekspor kembali dan telah dikenakan bea masuk sesuai dengan ketentuan yang berlaku. (5) Barang yang diimpor melalui Pelabuhan Udara di Indonesia dikenakan tarif bea masuk sesuai dengan ketentuan yang berlaku, apabila barang tersebut diimpor untuk tujuan ekspor kembali dan telah dikenakan bea masuk sesuai dengan ketentuan yang berlaku. (6) Barang yang diimpor melalui Pelabuhan Udara di Indonesia dikenakan tarif bea masuk sesuai dengan ketentuan yang berlaku, apabila barang",0.184739,0.666667,0,0.574468,256,9.2951,True,,,,,,,,
qa-test-00012,qa_test,Apa isi legal dari Pasal 54 dalam Eraturan Presiden Republik Indonesia No 58 Tahun 2015?,"Isi legal dari Pasal 54 dalam Eraturan Presiden Republik Indonesia No 58 Tahun 2015 tentang Kementerian Pertahanan:
(1) Staf Khusus Menteri dalam melaksanakan tugasnya wajib menerapkan prinsip koordinasi, integrasi, dan sinkronisasi yang baik dengan satuan organisasi di lingkungan Kementerian Pertahanan. (2) Tata kerja Staf Khusus Menteri diatur oleh Sekretaris Jenderal.",answer:0eb7ce3e7f1338c09cfdaab2c34e751076bb197f42853246c4bee2ee25629e0c,0eb7ce3e7f1338c09cfdaab2c34e751076bb197f42853246c4bee2ee25629e0c,train-00003-of-00021.parquet:2784647,1,115,Azzindani/Indonesian_Regulation_QA,54e65e937f1a8cc87cd0fc55eb944c0a6383efe1,"Isi legal dari Pasal 54 dalam Eraturan Presiden Republik Indonesia No 58 Tahun 2015 tentang Kementerian Kelautan Dan Perikanan:
(1) Deputi Bidang Pengembangan Sumber Daya Manusia berada di bawah dan bertanggung jawab kepada Menteri. (2) Deputi Bidang Pengembangan Sumber Daya Manusia dipimpin oleh Deputi.<|im_end|>","Isi legal dari Pasal 54 dalam Eraturan Presiden Republik Indonesia No 58 Tahun 2015 tentang Kementerian Kelautan Dan Perikanan:
(1) Deputi Bidang Pengembangan Sumber Daya Manusia berada di bawah dan bertanggung jawab kepada Menteri. (2) Deputi Bidang Pengembangan Sumber Daya Manusia dipimpin oleh Deputi.",0.468085,1.0,0,0.025641,72,2.656,False,,,,,,,,
qa-test-00013,qa_test,Sampaikan isi hukum dalam Pasal 4 dari Peraturan Menteri Keuangan Republik Indonesia No nan Tahun 1945!,"Ketentuan hukum dalam Pasal 4 dalam Peraturan Menteri Keuangan Republik Indonesia No nan Tahun 1945 tentang Tarif Layanan Badan Layanan Umum Rumah Sakit Dr. H. Marzoeki:
huruf g memperhitungkan biaya per unit layanan yang paling sedi kit meliputi bahan bakar, alat transportasi, tenaga kerja, dan/atau harga pasar setempat",answer:0f2a2bb88b517f8b75ef617cb06686cc28327047bf5a636fcf0bd095ec866925,0f2a2bb88b517f8b75ef617cb06686cc28327047bf5a636fcf0bd095ec866925,train-00017-of-00021.parquet:16499182,1,104,Azzindani/Indonesian_Regulation_QA,54e65e937f1a8cc87cd0fc55eb944c0a6383efe1,"Ketentuan hukum dalam Pasal 4 dalam Peraturan Menteri Keuangan Republik Indonesia No nan Tahun 1945 tentang Tarif Layanan Badan Layanan Umum:
huruf a dan huruf b memperhitungkan biaya per unit layanan yang paling sedikit meliputi bahan habis pakai, peralatan, akomodasi, transportasi, dan/atau pendampingan instruktur/tenaga ahli.<|im_end|>","Ketentuan hukum dalam Pasal 4 dalam Peraturan Menteri Keuangan Republik Indonesia No nan Tahun 1945 tentang Tarif Layanan Badan Layanan Umum:
huruf a dan huruf b memperhitungkan biaya per unit layanan yang paling sedikit meliputi bahan habis pakai, peralatan, akomodasi, transportasi, dan/atau pendampingan instruktur/tenaga ahli.",0.729167,1.0,0,0.0,72,2.6548,False,,,,,,,,
qa-test-00014,qa_test,Apa saja elemen/komponen yang dibahas dalam Pasal 253 dari Peraturan Pemerintah Republik Indonesia No 6 Tahun 2021?,"Isi resmi sebagaimana tercatat dalam Pasal 253 dalam Peraturan Pemerintah Republik Indonesia No 6 Tahun 2021 tentang Perubahan Ketiga Atas Peraturan Pemerintah Nomor 31:
B dan",peraturan pemerintah|6|2021,123c11d995278de0aebc24de01d742575141942236cb1318605e8d8141747ed8,train-00016-of-00021.parquet:15461935,1,83,Azzindani/Indonesian_Regulation_QA,54e65e937f1a8cc87cd0fc55eb944c0a6383efe1,"Isi resmi sebagaimana tercatat dalam Pasal 253 dalam Peraturan Pemerintah Republik Indonesia No 6 Tahun 2021 tentang Penyelenggaraan Bidang Pelayaran:
(1) Pengawasan terhadap kegiatan usaha angkutan laut sebagaimana dimaksud dalam<|im_end|>","Isi resmi sebagaimana tercatat dalam Pasal 253 dalam Peraturan Pemerintah Republik Indonesia No 6 Tahun 2021 tentang Penyelenggaraan Bidang Pelayaran:
(1) Pengawasan terhadap kegiatan usaha angkutan laut sebagaimana dimaksud dalam",0.607143,1.0,0,0.0,48,1.7891,False,,,,,,,,
qa-test-00015,qa_test,Apa saja poin yang tercantum dalam Pasal 4 dalam Peraturan Menter! Keuangan Republik Indonesia No 220 Tahun 2009?,"Berikut kutipan verbatim dari Pasal 4 dalam Peraturan Menter! Keuangan Republik Indonesia No 220 Tahun 2009 tentang Tata Cara Penghitungan Dan Pemungutan Pajak Pertambahan Nilai:
ayat (2) huruf b, atau Pangkalan sebagaimana dimaksud dalam",answer:12d5019f6fd82f5bb9a1f055b1a1a8716a67fcb69bec9a0444a101d2eeb4b47d,12d5019f6fd82f5bb9a1f055b1a1a8716a67fcb69bec9a0444a101d2eeb4b47d,train-00015-of-00021.parquet:14615708,1,103,Azzindani/Indonesian_Regulation_QA,54e65e937f1a8cc87cd0fc55eb944c0a6383efe1,"Berikut kutipan verbatim dari Pasal 4 dalam Peraturan Menter! Keuangan Republik Indonesia No 220 Tahun 2009 tentang Tata Cara Pengenaan Tarif Bea Masuk Atas Barang Impor:
ayat (1) huruf a, huruf b, huruf c, huruf d, huruf e, huruf f, huruf g, huruf h, huruf i, huruf j, huruf k, huruf 1, huruf m, huruf n, huruf p, huruf q, huruf r, huruf s, huruf t, huruf u, huruf v, huruf w, huruf x, huruf y, huruf z, huruf aa, huruf ab, huruf ac, huruf ad, huruf ae, huruf af, huruf ag, huruf ah, huruf ai, huruf aj, huruf ak, huruf al, huruf am, huruf an, huruf ao, huruf ap, huruf aq, huruf ar, huruf as, huruf at, huruf au, huruf av, huruf aw, huruf ax, huruf ay, huruf az, huruf ba, huruf bb, huruf bc, huruf bd, huruf be, huruf bf, huruf bg, huruf bh, huruf bi, huruf bj, huruf bk, huruf bl, huruf bm, huruf bn, huruf bo, huruf bp, huruf bq, huruf br","Berikut kutipan verbatim dari Pasal 4 dalam Peraturan Menter! Keuangan Republik Indonesia No 220 Tahun 2009 tentang Tata Cara Pengenaan Tarif Bea Masuk Atas Barang Impor:
ayat (1) huruf a, huruf b, huruf c, huruf d, huruf e, huruf f, huruf g, huruf h, huruf i, huruf j, huruf k, huruf 1, huruf m, huruf n, huruf p, huruf q, huruf r, huruf s, huruf t, huruf u, huruf v, huruf w, huruf x, huruf y, huruf z, huruf aa, huruf ab, huruf ac, huruf ad, huruf ae, huruf af, huruf ag, huruf ah, huruf ai, huruf aj, huruf ak, huruf al, huruf am, huruf an, huruf ao, huruf ap, huruf aq, huruf ar, huruf as, huruf at, huruf au, huruf av, huruf aw, huruf ax, huruf ay, huruf az, huruf ba, huruf bb, huruf bc, huruf bd, huruf be, huruf bf, huruf bg, huruf bh, huruf bi, huruf bj, huruf bk, huruf bl, huruf bm, huruf bn, huruf bo, huruf bp, huruf bq, huruf br",0.22,1.0,0,0.0,256,9.3021,True,,,,,,,,
qa-test-00016,qa_test,Jelaskan kutipan resmi dari Pasal 204 menurut Undang-Undang Republik Indonesia No 17 Tahun 2008!,"Kutipan resmi dari Pasal 204 dalam Undang-Undang Republik Indonesia No 17 Tahun 2008 tentang P E L A Y A R A N:
Cukup jelas.",undang-undang|17|2008,1596d0e9a61923acc394e1f1f41c605371faae6d2e6357dbedcf0dcd8030e6d9,train-00004-of-00021.parquet:3396971,1,84,Azzindani/Indonesian_Regulation_QA,54e65e937f1a8cc87cd0fc55eb944c0a6383efe1,"Kutipan resmi dari Pasal 204 dalam Undang-Undang Republik Indonesia No 17 Tahun 2008 tentang Perubahan Atas Undang-Undang:
A (1) Dalam hal terdapat perbedaan pendapat dalam pengambilan keputusan, keputusan diambil berdasarkan musyawarah untuk mufakat. (2) Dalam hal musyawarah untuk mufakat sebagaimana dimaksud pada ayat (1) tidak tercapai, keputusan diambil berdasarkan suara terbanyak. (3) Keputusan yang diambil berdasarkan suara terbanyak sebagaimana dimaksud pada ayat (2) harus mendapat dukungan sekurang-kurangnya 2/3 (dua per tiga) dari jumlah anggota yang hadir. 21. Ketentuan<|im_end|>","Kutipan resmi dari Pasal 204 dalam Undang-Undang Republik Indonesia No 17 Tahun 2008 tentang Perubahan Atas Undang-Undang:
A (1) Dalam hal terdapat perbedaan pendapat dalam pengambilan keputusan, keputusan diambil berdasarkan musyawarah untuk mufakat. (2) Dalam hal musyawarah untuk mufakat sebagaimana dimaksud pada ayat (1) tidak tercapai, keputusan diambil berdasarkan suara terbanyak. (3) Keputusan yang diambil berdasarkan suara terbanyak sebagaimana dimaksud pada ayat (2) harus mendapat dukungan sekurang-kurangnya 2/3 (dua per tiga) dari jumlah anggota yang hadir. 21. Ketentuan",0.296296,1.0,0,0.0,137,5.0108,False,,,,,,,,
qa-test-00017,qa_test,Sebutkan semua ketentuan yang ada dalam Pasal 197 dari Peraturan Menteri Koordinator Bidang Kemaritiman Dan Investasi No 2 Tahun 2020!,"Redaksional Pasal dalam Pasal 197 dalam Peraturan Menteri Koordinator Bidang Kemaritiman Dan Investasi No 2 Tahun 2020 tentang Organisasi Dan Tata Kerja:
Asisten Deputi Infrastruktur Ko nektivitas terdiri atas: a. Bidang Infrastruktur Konektivitas Antar moda; b. Bidang Tata Kelola Transportasi Terpadu; c. Bidang Infrastruktur Pelayaran ; dan d. Kelompok Jabatan Fungsional.",peraturan menteri|2|2020,15f2f5811ca6559c9942ea5fb52a656f757d680b185498b5071034e754d8b1b3,train-00016-of-00021.parquet:15353334,1,137,Azzindani/Indonesian_Regulation_QA,54e65e937f1a8cc87cd0fc55eb944c0a6383efe1,"Redaksional Pasal dalam Pasal 197 dalam Peraturan Menteri Koordinator Bidang Kemaritiman Dan Investasi No 2 Tahun 2020 tentang Organisasi Dan Tata Kerja:
Dalam melaksanakan tugas sebagaimana dimaksud dalam<|im_end|>","Redaksional Pasal dalam Pasal 197 dalam Peraturan Menteri Koordinator Bidang Kemaritiman Dan Investasi No 2 Tahun 2020 tentang Organisasi Dan Tata Kerja:
Dalam melaksanakan tugas sebagaimana dimaksud dalam",0.564103,1.0,0,0.0,43,1.6099,False,,,,,,,,
qa-test-00018,qa_test,Apa frasa hukum dalam Pasal 12 dari Undang-Undang Republik Indonesia No 2 Tahun 1992?,"Frasa hukum dalam Pasal 12 dalam Undang-Undang Republik Indonesia No 2 Tahun 1992 tentang Usaha Perasuransian:
Perusahaan Pialang Asuransi dilarang menempatkan penutupan asuransi pada perusahaan asuransi yang tidak mempunyai izin usaha sebagaimana dimaksud dalam",undang-undang|2|1992,1803fa7be771f037b40830f06ad9f22adbb338c225c8799aadaf849542dc0d79,train-00010-of-00021.parquet:9038191,1,94,Azzindani/Indonesian_Regulation_QA,54e65e937f1a8cc87cd0fc55eb944c0a6383efe1,"Frasa hukum dalam Pasal 12 dalam Undang-Undang Republik Indonesia No 2 Tahun 1992 tentang Sistem Budidaya Tanaman:
(1) Pemerintah dan Pemerintah Daerah wajib memberikan perlindungan terhadap tanaman budidaya dari hama dan penyakit. (2) Perlindungan sebagaimana dimaksud dalam ayat (1) dilakukan melalui pengendalian hama dan penyakit tanaman. (3) Pengendalian hama dan penyakit tanaman sebagaimana dimaksud dalam ayat (2) dilakukan dengan cara: a. pengendalian hayati; b. pengendalian mekanik; c. pengendalian kimiawi; d. pengendalian biologi; e. pengendalian genetika; f. pengendalian kultur. (4) Ketentuan lebih lanjut mengenai pengendalian hama dan penyakit tanaman sebagaimana dimaksud dalam ayat (3) diatur dengan Peraturan Pemerintah.<|im_end|>","Frasa hukum dalam Pasal 12 dalam Undang-Undang Republik Indonesia No 2 Tahun 1992 tentang Sistem Budidaya Tanaman:
(1) Pemerintah dan Pemerintah Daerah wajib memberikan perlindungan terhadap tanaman budidaya dari hama dan penyakit. (2) Perlindungan sebagaimana dimaksud dalam ayat (1) dilakukan melalui pengendalian hama dan penyakit tanaman. (3) Pengendalian hama dan penyakit tanaman sebagaimana dimaksud dalam ayat (2) dilakukan dengan cara: a. pengendalian hayati; b. pengendalian mekanik; c. pengendalian kimiawi; d. pengendalian biologi; e. pengendalian genetika; f. pengendalian kultur. (4) Ketentuan lebih lanjut mengenai pengendalian hama dan penyakit tanaman sebagaimana dimaksud dalam ayat (3) diatur dengan Peraturan Pemerintah.",0.270677,1.0,0,0.043011,162,5.8981,False,,,,,,,,
qa-test-00019,qa_test,Apa isi legal dari Pasal 11 dalam Undang -Undang Republik Indonesia No 10 Tahun 1994?,"Isi legal dari Pasal 11 dalam Undang -Undang Republik Indonesia No 10 Tahun 1994 tentang Perubahan Atas Undang -Undang Nomor 7 Tahun 1983 Tentang:
dan",answer:1b37c0992443e380c49a72aec375d2461fb9fd361c2ee402693fc9ca3d3eefba,1b37c0992443e380c49a72aec375d2461fb9fd361c2ee402693fc9ca3d3eefba,train-00010-of-00021.parquet:9123197,1,82,Azzindani/Indonesian_Regulation_QA,54e65e937f1a8cc87cd0fc55eb944c0a6383efe1,"Isi legal dari Pasal 11 dalam Undang -Undang Republik Indonesia No 10 Tahun 1994 tentang Perubahan Atas Undang -Undang Nomor 7 Tahun 1983 Tentang:
ayat (1) huruf b, huruf c, dan huruf d, dan<|im_end|>","Isi legal dari Pasal 11 dalam Undang -Undang Republik Indonesia No 10 Tahun 1994 tentang Perubahan Atas Undang -Undang Nomor 7 Tahun 1983 Tentang:
ayat (1) huruf b, huruf c, dan huruf d, dan",0.847458,1.0,0,0.0,58,2.1491,False,,,,,,,,
qa-test-00020,qa_test,Apa saja hal yang dijelaskan dalam Pasal 26 dari Peraturan Pemerintah Republ Ik Indonesia No 29 Tahun 2000?,"Berikut adalah isi hukum dari Pasal 26 dalam Peraturan Pemerintah Republ Ik Indonesia No 29 Tahun 2000 tentang Penyelenggaraan Jasa Konstruksi:
, maka pengguna jasa dapat dikenakan sanksi administratif berupa peringatan tertulis atau penghentian sementara sebagian atau keseluruhan pekerjaan konstruksi. (3) Pengguna jasa dalam pelaksanaan pekerjaan konstruksi tidak memenuhi persyaratan dalam",peraturan pemerintah|29|2000,1b7fe7873ba9134cc69443478ab779cc91f616309ffe6d215b515b90f3ea17be,train-00009-of-00021.parquet:8215111,1,111,Azzindani/Indonesian_Regulation_QA,54e65e937f1a8cc87cd0fc55eb944c0a6383efe1,"Berikut adalah isi hukum dari Pasal 26 dalam Peraturan Pemerintah Republ Ik Indonesia No 29 Tahun 2000 tentang Lembaga Penyedia Jasa Pelayanan Penyelesaian Sengketa:
(1) Lembaga Penyedia Jasa sebagaimana dimaksud dalam<|im_end|>","Berikut adalah isi hukum dari Pasal 26 dalam Peraturan Pemerintah Republ Ik Indonesia No 29 Tahun 2000 tentang Lembaga Penyedia Jasa Pelayanan Penyelesaian Sengketa:
(1) Lembaga Penyedia Jasa sebagaimana dimaksud dalam",0.518519,1.0,0,0.0,51,1.8965,False,,,,,,,,
qa-test-00021,qa_test,Apa isi legal dari Pasal 183 dalam Peraturan Pemerintah No 1 Tahun 2014?,"Isi legal dari Pasal 183 dalam Peraturan Pemerintah No 1 Tahun 2014 tentang Pemilihan Gubernur , Bupa Ti, Dan Walikota:
Setiap orang yang melakukan kekerasan terkait dengan penetapan hasil Pemilihan menurut Undang -Undang ini, dipidana dengan pidana penjara paling singkat 12 (dua belas) bulan dan paling lama 36 (tiga puluh enam) bulan dan denda paling se dikit Rp12.000.000,00 (dua belas juta rupiah) dan paling banyak Rp36.000.000,00 (tiga puluh enam juta rupiah).",peraturan pemerintah|1|2014,1bce27907246253d6c45f4221887965dd0bbd74e2ed39ee8787cdedd73be0860,train-00001-of-00021.parquet:215747,1,165,Azzindani/Indonesian_Regulation_QA,54e65e937f1a8cc87cd0fc55eb944c0a6383efe1,"Isi legal dari Pasal 183 dalam Peraturan Pemerintah No 1 Tahun 2014 tentang Peraturan Pelaksanaan Undang-Undang Nomor 15 Tahun 1997:
Cukup jelas.<|im_end|>","Isi legal dari Pasal 183 dalam Peraturan Pemerintah No 1 Tahun 2014 tentang Peraturan Pelaksanaan Undang-Undang Nomor 15 Tahun 1997:
Cukup jelas.",0.30303,1.0,0,0.0,44,1.6431,False,,,,,,,,
qa-test-00022,qa_test,Apa yang tertulis dalam Pasal 8 dalam Peraturan Presiden Republik Indonesia No 47 Tahun 2023?,"Tertulis dalam Pasal 8 dalam Peraturan Presiden Republik Indonesia No 47 Tahun 2023 tentang Strategi Keamanan Siber Nasional:
Manajemen risiko sebagaimana dimaksud dalam",peraturan presiden|47|2023,1c5e44c50a7c3f38bb870db00edd439ca7a3e9f8f94f978dc06d8cb0e1439f98,train-00021-of-00021.parquet:20430674,1,72,Azzindani/Indonesian_Regulation_QA,54e65e937f1a8cc87cd0fc55eb944c0a6383efe1,"Tertulis dalam Pasal 8 dalam Peraturan Presiden Republik Indonesia No 47 Tahun 2023 tentang Rincian Anggaran Pendapatan Dan Belanja Negara:
ayat (1) huruf b, terdiri atas: a. Rincian Anggaran Pendapatan Negara; dan b. Rincian Anggaran Belanja Negara.<|im_end|>","Tertulis dalam Pasal 8 dalam Peraturan Presiden Republik Indonesia No 47 Tahun 2023 tentang Rincian Anggaran Pendapatan Dan Belanja Negara:
ayat (1) huruf b, terdiri atas: a. Rincian Anggaran Pendapatan Negara; dan b. Rincian Anggaran Belanja Negara.",0.466667,1.0,0,0.0,65,2.3994,False,,,,,,,,
qa-test-00023,qa_test,Jelaskan kutipan resmi dari Pasal 1 menurut Keputusan Direktur Jenderal Bea Dan Cukai No nan Tahun 1992!,"Kutipan resmi dari Pasal 1 dalam Keputusan Direktur Jenderal Bea Dan Cukai No nan Tahun 1992 tentang Penetapan Harga Jual Eceran Hasil Tembakau:
(1) Sebelum memproduksi atau mengimpor hasil tembakau dengan merek baru, Pengusaha Pabrik atau Importir hasil tembakau wajib mengajukan permohonan Penetapan Harga Jual Eceran Hasil Tembakau, sebagaimana contoh dalam Lampiran I Keputusan ini, kepada Kepala Kantor Pelay anan Bea dan Cukai. (2) Sebelum melakukan penyesuaian atau menaikkan Harga Jual Eceran hasil tembakau, Pengusaha Pabrik wajib mengajukan permohonan Penetapan Harga Jual Eceran Hasil Tembakau sebagaimana contoh dalam Lampiran I Keputusan ini, kepada Kepala Kantor Pelayanan Bea dan Cukai. (3) Permohonan sebagaimana dimaksud pada ayat (1) atau ayat (2) dibuat rangkap 3 (tiga), yang masing -masing dilampiri dengan : a. Dokumen Cukai Kalkulasi Harga Jual Eceran Hasil Tembakau Dalam Negeri (CK -21A) sebagaimana contoh dalam Lampiran II atau Dokumen Cukai Kalkulasi Harga Jual Eceran Hasil Tembakau Impor (CK -21B) sebagaimana contoh dalam Lampiran III Keputusan ini ; b. contoh merek, etiket, atau kemasan hasil tembakau yang akan diproduksi; c. Daftar Harga Jual Eceran untuk merek -merek hasil tembakau yang masih dipesan pita cukainya dalam 6 (enam) bulan terakhir sebagaimana contoh dalam Lampiran IV Keputusan ini; d. Surat Pernyataan di atas meterai yang cukup bahwa merek yang dimohon Penetapan Harga Jual Ecerann Hasil Tembakaunya tidak memiliki kesamaan pada pokoknya atau pada keseluruhannya dengan merek yang telah dimiliki oleh Pengusaha Pabrik atau Importir lainnya sebagaimana dimaksud dalam Undang -undang Nomor 19 Tahun 1992 tentang Merek, seb agaiman contoh dalam Lampiran V Keputusan ini. (4) Dalam hal merek hasil tembakau milik dari Pengusaha Pabrik atau pemegang merek lainnya, maka disamping lampiran permohonan sebagaimana dimaksud pada ayat (3), wajib dilampirkan pula : a. foto copy surat lisensi dari pemilik merek atau surat perjanjian yang telah ditandasahkan oleh Pengusaha Pabrik, atau b. foto kopi Surat Penunjukan keagenan/distributor/importir tunggal dari pemegang merek hasil tembakau yang akan diimpor. (5) Harga Jual Eceran untuk merek baru yang dimohon Penetapan Harga Jual Eceran Hasil Tembakau -nya tidak boleh lebih rendah dari Batasan Harga Jual Eceran Minimum terendah dari jenis hasil tembakau Golongan Pengusaha Pabrik atau Importir yang bersangkutan. (6) Di dalam CK -21A atau CK -21B, perhitungan maksimum Harga Transaksi Pabri k dibatasi dalam jumlah tidak melebihi 90 % (sembilan puluh persen) dari Harga Jual Eceran yang dimohon. (7) Dalam jangka waktu paling lama 7 (tujuh) hari kerja terhitung sejak dari tanggal permohonan diterima secara lengkap dan benar, Kepala Kantor Pelayanan Bea dan Cukai wajib memberikan keputusan. (8) Apabila sampai dengan jangka waktu sebagaimana dimaksud pada ayat (6) dilampaui Kepala Kantor Pelayanan Bea dan Cukai belum member ikan keputusannya, maka permohonan dianggap diterima.",answer:1d4503a1a3a629b91ad63cae0717b102bbfa6c1afe78e7d0350f1c51ec18d435,1d4503a1a3a629b91ad63cae0717b102bbfa6c1afe78e7d0350f1c51ec18d435,train-00011-of-00021.parquet:10008746,1,731,Azzindani/Indonesian_Regulation_QA,54e65e937f1a8cc87cd0fc55eb944c0a6383efe1,"Kutipan resmi dari Pasal 1 dalam Keputusan Direktur Jenderal Bea Dan Cukai No nan Tahun 1992 tentang Penetapan Harga Patokan Ekspor (Hpe):
Dalam Keputusan ini yang dimaksud dengan : 1. Barang adalah barang yang diimpor atau barang yang berasal dari luar Daerah Pabean yang dimasukkan ke dalam Daerah Pabean untuk dipergunakan atau dipindahtangankan. 2. Barang Kena Pajak adalah barang yang dikenakan Pajak Pertambahan Nilai (PPN) dan Pajak Penjualan atas Barang Mewah (PPnBM) sesuai dengan ketentuan yang berlaku. 3. Barang Kena Pajak Tertentu adalah barang yang dikenakan Pajak Pertambahan Nilai (PPN) dan Pajak Penjualan atas Barang Mewah (PPnBM) sesuai dengan ketentuan yang berlaku. 4. Barang Kena Pajak Tertentu yang Dikenakan Pajak Pertambahan Nilai (PPN) dan Pajak Penjualan atas Barang Mewah (PPnBM) adalah barang yang dikenakan Pajak Pertambahan Nilai (PPN) dan Pajak Penjualan atas Barang Mewah (PPnBM) sesuai dengan ketentuan yang berlaku. 5. Barang Kena Pajak Tertentu yang Dikenakan Pajak Pertambahan Nilai (PPN) dan Pajak Penjualan","Kutipan resmi dari Pasal 1 dalam Keputusan Direktur Jenderal Bea Dan Cukai No nan Tahun 1992 tentang Penetapan Harga Patokan Ekspor (Hpe):
Dalam Keputusan ini yang dimaksud dengan : 1. Barang adalah barang yang diimpor atau barang yang berasal dari luar Daerah Pabean yang dimasukkan ke dalam Daerah Pabean untuk dipergunakan atau dipindahtangankan. 2. Barang Kena Pajak adalah barang yang dikenakan Pajak Pertambahan Nilai (PPN) dan Pajak Penjualan atas Barang Mewah (PPnBM) sesuai dengan ketentuan yang berlaku. 3. Barang Kena Pajak Tertentu adalah barang yang dikenakan Pajak Pertambahan Nilai (PPN) dan Pajak Penjualan atas Barang Mewah (PPnBM) sesuai dengan ketentuan yang berlaku. 4. Barang Kena Pajak Tertentu yang Dikenakan Pajak Pertambahan Nilai (PPN) dan Pajak Penjualan atas Barang Mewah (PPnBM) adalah barang yang dikenakan Pajak Pertambahan Nilai (PPN) dan Pajak Penjualan atas Barang Mewah (PPnBM) sesuai dengan ketentuan yang berlaku. 5. Barang Kena Pajak Tertentu yang Dikenakan Pajak Pertambahan Nilai (PPN) dan Pajak Penjualan",0.188034,1.0,0,0.310811,256,9.2778,True,,,,,,,,
qa-test-00024,qa_test,Sebutkan ketentuan resmi dari Pasal 44 menurut Peraturan Menteri Kelautan Dan Perikanan Republik Indonesia No 28 Tahun 2021!,"Bacaan isi hukum Pasal berdasarkan Pasal 44 dalam Peraturan Menteri Kelautan Dan Perikanan Republik Indonesia No 28 Tahun 2021 tentang Penyelenggaraan Penataan Ruang Laut:
(1) Pengolahan data sebagaimana dimaksud dalam",peraturan menteri|28|2021,1d7bb6de3c00d61e79f2b9bc24a1627a84ee6681d892011b1d2ab11d73d0f796,train-00017-of-00021.parquet:16818339,1,95,Azzindani/Indonesian_Regulation_QA,54e65e937f1a8cc87cd0fc55eb944c0a6383efe1,"Bacaan isi hukum Pasal berdasarkan Pasal 44 dalam Peraturan Menteri Kelautan Dan Perikanan Republik Indonesia No 28 Tahun 2021 tentang Penyelenggaraan Kearsipan:
(1) Pemeliharaan Arsip sebagaimana dimaksud dalam<|im_end|>","Bacaan isi hukum Pasal berdasarkan Pasal 44 dalam Peraturan Menteri Kelautan Dan Perikanan Republik Indonesia No 28 Tahun 2021 tentang Penyelenggaraan Kearsipan:
(1) Pemeliharaan Arsip sebagaimana dimaksud dalam",0.862069,1.0,0,0.0,50,1.861,False,,,,,,,,
qa-test-00025,qa_test,Jelaskan narasi hukum dalam Pasal 182 menurut Peraturan Pemerintah Republik Indonesia No 6 Tahun 2021!,"Narasi hukum dalam Pasal 182 dalam Peraturan Pemerintah Republik Indonesia No 6 Tahun 2021 tentang Penyelenggaraan Penataan Ruang:
ayat (4) huruf c merupakan pembatasan penyediaan jaringan transportasi beserta sarana pendukungnya dan/atau prasarana dan sarana lainnya pada Kawasan tertentu. (2) Bentuk dan mekanisme pembatasan penyediaan prasarana dan sarana sebagaimana dimaksud pada ayat (1) paling sedikit mempertimbangkan: a. keberdayagunaan dan keberhasilgunaan pembatasan penyediaan prasarana dan sarana; dan b. standar pelayanan.",peraturan pemerintah|6|2021,1db5ada81c4e079ceaf99ee9b5c94ecdad3a9e83fbb20ade4ec72c552ce2c34b,train-00016-of-00021.parquet:15001544,1,156,Azzindani/Indonesian_Regulation_QA,54e65e937f1a8cc87cd0fc55eb944c0a6383efe1,"Narasi hukum dalam Pasal 182 dalam Peraturan Pemerintah Republik Indonesia No 6 Tahun 2021 tentang Penyelenggaraan Bidang Pelayaran:
(1) Pengawasan terhadap kegiatan usaha angkutan laut sebagaimana dimaksud dalam<|im_end|>","Narasi hukum dalam Pasal 182 dalam Peraturan Pemerintah Republik Indonesia No 6 Tahun 2021 tentang Penyelenggaraan Bidang Pelayaran:
(1) Pengawasan terhadap kegiatan usaha angkutan laut sebagaimana dimaksud dalam",0.391753,1.0,0,0.0,47,1.7491,False,,,,,,,,
qa-test-00026,qa_test,Apa saja elemen/komponen yang dibahas dalam Pasal 26 dari Peraturan Menteri Pendidikan Dan Kebudayaan No 28 Tahun 2020?,"Isi resmi sebagaimana tercatat dalam Pasal 26 dalam Peraturan Menteri Pendidikan Dan Kebudayaan No 28 Tahun 2020 tentang Organisasi Dan Tata Kerja Politeknik Negeri Kupang:
(1) Subbagian umum dan barang milik negara sebagaimana dimaksud dalam",peraturan menteri|28|2020,1fc4a6528239c7f322a8b5caff501de16c65723ec61b9f3051ad66d63635d977,train-00014-of-00021.parquet:13098485,1,101,Azzindani/Indonesian_Regulation_QA,54e65e937f1a8cc87cd0fc55eb944c0a6383efe1,"Isi resmi sebagaimana tercatat dalam Pasal 26 dalam Peraturan Menteri Pendidikan Dan Kebudayaan No 28 Tahun 2020 tentang Organisasi Dan Tata Kerja Politeknik Negeri Bali:
(1) Unit Penunjang Akademik Bahasa sebagaimana dimaksud dalam<|im_end|>","Isi resmi sebagaimana tercatat dalam Pasal 26 dalam Peraturan Menteri Pendidikan Dan Kebudayaan No 28 Tahun 2020 tentang Organisasi Dan Tata Kerja Politeknik Negeri Bali:
(1) Unit Penunjang Akademik Bahasa sebagaimana dimaksud dalam",0.823529,1.0,0,0.0,55,2.0471,False,,,,,,,,
qa-test-00027,qa_test,Jelaskan narasi hukum dalam Pasal 5 menurut Peraturan Pemerintah Republik Indonesia No 6 Tahun 2021!,"Narasi hukum dalam Pasal 5 dalam Peraturan Pemerintah Republik Indonesia No 6 Tahun 2021 tentang Upaya Administratif Dan Badan Pertimbangan:
(1) PPK wajib mengambil keputusan atas K eberatan yang diajukan oleh Pegawai ASN dalam jangka waktu 21 (dua puluh satu ) hari kerja terhit ung mulai tanggal PPK menerima Keberatan. (2) PPK dapat memanggil dan/atau meminta keterangan dari Pegawai ASN yang mengajukan Keberatan dan/atau pihak lain, jika d iperlukan. (3) Apabila dalam jangka waktu lebih dari 21 (dua puluh satu) hari kerja PPK tidak men gambil keputusan, Pegawai ASN dapat mengajukan upaya hukum kepada Pengadilan Tata Usaha Negara.",peraturan pemerintah|6|2021,203fb51dce9ff0f36dd519a8aafbd8ec24b6a315c0ea27596657613e605f0fee,train-00015-of-00021.parquet:14421769,1,183,Azzindani/Indonesian_Regulation_QA,54e65e937f1a8cc87cd0fc55eb944c0a6383efe1,"Narasi hukum dalam Pasal 5 dalam Peraturan Pemerintah Republik Indonesia No 6 Tahun 2021 tentang Penyelenggaraan Bidang Pelayaran:
ayat (1) huruf a meliputi: a. pembangunan dan pengembangan pelabuhan; b. pembangunan dan pengembangan sarana dan prasarana pelabuhan; c. pembangunan dan pengembangan sarana dan prasarana pelabuhan perikanan; d. pembangunan dan pengembangan sarana dan prasarana pelabuhan perikanan; e. pembangunan dan pengembangan sarana dan prasarana pelabuhan perikanan; f. pembangunan dan pengembangan sarana dan prasarana pelabuhan perikanan; g. pembangunan dan pengembangan sarana dan prasarana pelabuhan perikanan; h. pembangunan dan pengembangan sarana dan prasarana pelabuhan perikanan; i. pembangunan dan pengembangan sarana dan prasarana pelabuhan perikanan; j. pembangunan dan pengembangan sarana dan prasarana pelabuhan perikanan; k. pembangunan dan pengembangan sarana dan prasarana pelabuhan perikanan; l. pembangunan dan pengembangan sarana dan prasarana pelabuhan perikanan; m. pembangunan dan pengembangan sarana dan prasarana pelabuhan perikanan; n. pembangunan dan pengembangan sarana dan prasarana pelabuhan perikanan; o. pembangunan dan pengembangan sarana dan prasarana pelabuhan perikanan; p","Narasi hukum dalam Pasal 5 dalam Peraturan Pemerintah Republik Indonesia No 6 Tahun 2021 tentang Penyelenggaraan Bidang Pelayaran:
ayat (1) huruf a meliputi: a. pembangunan dan pengembangan pelabuhan; b. pembangunan dan pengembangan sarana dan prasarana pelabuhan; c. pembangunan dan pengembangan sarana dan prasarana pelabuhan perikanan; d. pembangunan dan pengembangan sarana dan prasarana pelabuhan perikanan; e. pembangunan dan pengembangan sarana dan prasarana pelabuhan perikanan; f. pembangunan dan pengembangan sarana dan prasarana pelabuhan perikanan; g. pembangunan dan pengembangan sarana dan prasarana pelabuhan perikanan; h. pembangunan dan pengembangan sarana dan prasarana pelabuhan perikanan; i. pembangunan dan pengembangan sarana dan prasarana pelabuhan perikanan; j. pembangunan dan pengembangan sarana dan prasarana pelabuhan perikanan; k. pembangunan dan pengembangan sarana dan prasarana pelabuhan perikanan; l. pembangunan dan pengembangan sarana dan prasarana pelabuhan perikanan; m. pembangunan dan pengembangan sarana dan prasarana pelabuhan perikanan; n. pembangunan dan pengembangan sarana dan prasarana pelabuhan perikanan; o. pembangunan dan pengembangan sarana dan prasarana pelabuhan perikanan; p",0.166008,1.0,0,0.255034,256,9.3376,True,,,,,,,,
qa-test-00028,qa_test,Apa saja elemen/komponen yang dibahas dalam Pasal 29 dari Peraturan Menteri Pekerjaan Umum Dan Perumahan Rakyat No 28 Tahun 2021?,"Isi resmi sebagaimana tercatat dalam Pasal 29 dalam Peraturan Menteri Pekerjaan Umum Dan Perumahan Rakyat No 28 Tahun 2021 tentang Tempat Istirahat Dan Pelayanan Pada Jalan Tol:
Tempat parkir pada TIP antarkota harus memenuhi ketentuan sebagai berikut: dapat menampung paling sedikit: a. 200 (dua ratus) uni t kendaraa n golongan I (kendaraan kecil termasuk bus) dan 50 (lima puluh) unit kendaraan golongan II/III/IV/V (truk dengan 2 (dua) gandar atau lebih), pada TIP antarkota tipe A; b. 100 (seratus) unit kendaraan golongan I (kendaraan kecil termasuk bus) dan 25 (dua pu luh lima) unit kendaraan golongan II/III/IV/V (truk dengan 2 (dua) gandar atau lebih), pada TIP antarkota tipe B; dan c. 20 (dua puluh) unit kendaraan golongan I (kendaraan kecil termasuk bus) dan 5 (lima) unit kendaraan golongan II/III/IV/V (tru k dengan 2 (dua) gandar atau lebih), pada TIP antarkota tipe C; b. tempat parkir kendaraan golongan I (kendaraan kecil termasuk bus) dan tempat parkir kendaraan golongan II/III/IV/V (truk dengan 2 (dua) gandar atau lebih) berada pada lokasi yang terpisah; dan c. tempat parkir kendaraan golongan II/III/IV/V (truk dengan 2 (dua) gandar atau lebih) harus dilengkapi dengan fasilitas istirahat.",peraturan menteri|28|2021,20629d3d2327ee9140cadf584f49d8007a7fa680cb1d7b221bb9f74f1e8580ea,train-00017-of-00021.parquet:16479660,1,369,Azzindani/Indonesian_Regulation_QA,54e65e937f1a8cc87cd0fc55eb944c0a6383efe1,"Isi resmi sebagaimana tercatat dalam Pasal 29 dalam Peraturan Menteri Pekerjaan Umum Dan Perumahan Rakyat No 28 Tahun 2021 tentang Perubahan Atas Peraturan Menteri Pe Kerjaan Umum Dan:
diubah sehingga berbunyi sebagai berikut:<|im_end|>","Isi resmi sebagaimana tercatat dalam Pasal 29 dalam Peraturan Menteri Pekerjaan Umum Dan Perumahan Rakyat No 28 Tahun 2021 tentang Perubahan Atas Peraturan Menteri Pe Kerjaan Umum Dan:
diubah sehingga berbunyi sebagai berikut:",0.194915,1.0,0,0.0,50,1.873,False,,,,,,,,
qa-test-00029,qa_test,Kutipan isi Pasal 2 menurut Keputusan Dan/Atau Tindakan Dalam No 30 Tahun 2014 berbunyi apa?,"Kutipan isi Pasal berbunyi: Pasal 2 dalam Keputusan Dan/Atau Tindakan Dalam No 30 Tahun 2014 tentang Administrasi Pemerintahan:
6 (1) Pejabat yang menggunakan Diskresi sebagaimana dimaks ud dalam",answer:239af1d19d5800ff5a21b9d3b2bc451f8502dae8496b84d834f0b4254af7420d,239af1d19d5800ff5a21b9d3b2bc451f8502dae8496b84d834f0b4254af7420d,train-00004-of-00021.parquet:3313492,1,93,Azzindani/Indonesian_Regulation_QA,54e65e937f1a8cc87cd0fc55eb944c0a6383efe1,"Kutipan isi Pasal berbunyi: Pasal 2 dalam Keputusan Dan/Atau Tindakan Dalam No 30 Tahun 2014 tentang Administrasi Pemerintahan:
ayat (1) huruf a, huruf b, huruf c, huruf d, huruf e, huruf f, huruf g, huruf h, huruf i, huruf j, huruf k, huruf l, huruf m, huruf n, huruf o, huruf p, huruf q, huruf r, huruf s, huruf t, huruf u, huruf v, huruf w, huruf x, huruf y, huruf z, huruf aa, huruf ab, huruf ac, huruf ad, huruf ae, huruf af, huruf ag, huruf ah, huruf ai, huruf aj, huruf ak, huruf al, huruf am, huruf an, huruf ao, huruf ap, huruf aq, huruf ar, huruf as, huruf at, huruf au, huruf av, huruf aw, huruf ax, huruf ay, huruf az, huruf ba, huruf bb, huruf bc, huruf bd, huruf be, huruf bf, huruf bg, huruf bh, huruf bi, huruf bj, huruf bk, huruf bl, huruf bm, huruf bn, huruf bo, huruf bp, huruf bq, huruf br, huruf bs, huruf bt,","Kutipan isi Pasal berbunyi: Pasal 2 dalam Keputusan Dan/Atau Tindakan Dalam No 30 Tahun 2014 tentang Administrasi Pemerintahan:
ayat (1) huruf a, huruf b, huruf c, huruf d, huruf e, huruf f, huruf g, huruf h, huruf i, huruf j, huruf k, huruf l, huruf m, huruf n, huruf o, huruf p, huruf q, huruf r, huruf s, huruf t, huruf u, huruf v, huruf w, huruf x, huruf y, huruf z, huruf aa, huruf ab, huruf ac, huruf ad, huruf ae, huruf af, huruf ag, huruf ah, huruf ai, huruf aj, huruf ak, huruf al, huruf am, huruf an, huruf ao, huruf ap, huruf aq, huruf ar, huruf as, huruf at, huruf au, huruf av, huruf aw, huruf ax, huruf ay, huruf az, huruf ba, huruf bb, huruf bc, huruf bd, huruf be, huruf bf, huruf bg, huruf bh, huruf bi, huruf bj, huruf bk, huruf bl, huruf bm, huruf bn, huruf bo, huruf bp, huruf bq, huruf br, huruf bs, huruf bt,",0.206186,1.0,0,0.0,256,9.3557,True,,,,,,,,
qa-test-00030,qa_test,Apa saja elemen/komponen yang dibahas dalam Pasal 38 dari Undang-Undang Republik Indonesia No 44 Tahun 2008?,"Isi resmi sebagaimana tercatat dalam Pasal 38 dalam Undang-Undang Republik Indonesia No 44 Tahun 2008 tentang Pornografi:
Setiap orang yang mengajak, membujuk, memanfaatkan, membiarkan, menyalahgunakan kekuasaan, atau memaksa anak dalam menggunakan produk atau jasa pornografi sebagaimana dimaksud dalam",undang-undang|44|2008,2435c9f130dff54238f065d6b0bd0918399603f234d669a1badc32db721152e5,train-00003-of-00021.parquet:2885385,1,111,Azzindani/Indonesian_Regulation_QA,54e65e937f1a8cc87cd0fc55eb944c0a6383efe1,"Isi resmi sebagaimana tercatat dalam Pasal 38 dalam Undang-Undang Republik Indonesia No 44 Tahun 2008 tentang Rumah Sakit:
Cukup jelas.<|im_end|>","Isi resmi sebagaimana tercatat dalam Pasal 38 dalam Undang-Undang Republik Indonesia No 44 Tahun 2008 tentang Rumah Sakit:
Cukup jelas.",0.566667,1.0,0,0.0,36,1.3631,False,,,,,,,,
qa-test-00031,qa_test,Sampaikan isi hukum dalam Pasal 73 dari Peraturan Pemerintah Republik Indonesia No 6 Tahun 2021!,"Ketentuan hukum dalam Pasal 73 dalam Peraturan Pemerintah Republik Indonesia No 6 Tahun 2021 tentang Penyelenggaraan Bidang Kelautan Dan Perikanan:
(1) Monitoring dan evaluasi terhadap jenis Ikan dan wilayah penebaran kembali serta Penangkapan Ikan Berbasis Budi Daya dilakukan oleh Menteri, gubernur, atau bupat i/wali kota sesuai dengan kewenangannya. (2) Monitoring dan evaluasi sebagaimana dimaksud pada ayat (1) dapat melibatkan nelayan. (3) Monitoring dan evaluasi sebagaimana dimaksud pada ayat (1) dilakukan terhadap perkembangan dan/atau jumlah hasil tangkapan . Bagian Kelima Wabah dan Wilayah Wabah Penyakit Ikan Paragraf 1 Umum",peraturan pemerintah|6|2021,24583b7b55a18fa80f2fcf533a6fec31bef72593d5988736f9943e998063520e,train-00016-of-00021.parquet:15306357,1,175,Azzindani/Indonesian_Regulation_QA,54e65e937f1a8cc87cd0fc55eb944c0a6383efe1,"Ketentuan hukum dalam Pasal 73 dalam Peraturan Pemerintah Republik Indonesia No 6 Tahun 2021 tentang Penyelenggaraan Bidang Pelayaran:
(1) Pengawasan terhadap kegiatan usaha angkutan laut sebagaimana dimaksud dalam<|im_end|>","Ketentuan hukum dalam Pasal 73 dalam Peraturan Pemerintah Republik Indonesia No 6 Tahun 2021 tentang Penyelenggaraan Bidang Pelayaran:
(1) Pengawasan terhadap kegiatan usaha angkutan laut sebagaimana dimaksud dalam",0.358974,1.0,0,0.0,45,1.6891,False,,,,,,,,
qa-test-00032,qa_test,"Apa frasa hukum dalam Pasal 72 dari Peraturan Menteri Perindustrian Republik Indonesia, No 19 Tahun 2022?","Frasa hukum dalam Pasal 72 dalam Peraturan Menteri Perindustrian Republik Indonesia, No 19 Tahun 2022 tentang Statuta Politeknik Aka Bogor:
(1) Mahasiswa mempunyai kewajiban sebagai berikut : a. menanggung biaya penyele nggaraan pendidikan kecuali bagi Mahasiswa yang dibebaskan dari kewajiban tersebut sesuai dengan ketentuan peraturan perundang -undangan; b. mematuhi semua peraturan/ketentuan yang berlaku pada Politeknik AKA Bogor; c. ikut memelihara sarana dan prasarana serta kebersihan, ketertiban, dan keamanan Politeknik AKA Bogor; d. menghargai ilmu pengetahuan dan/atau teknologi; e. menjaga kewibawaan dan nama baik Politeknik AKA Bogor; dan f. menjunjung tinggi kebudayaan nasional. (2) Ketentuan lebih lanjut mengenai kewajiban Mahasiswa sebagaimana dimaksud pada ayat (1) diatur dengan Peraturan Direktur.",peraturan menteri|19|2022,2489a7ab194308328f500fccd86559f5f3e16775caa0c79935f73c6e87f9fb2d,train-00018-of-00021.parquet:17679266,1,230,Azzindani/Indonesian_Regulation_QA,54e65e937f1a8cc87cd0fc55eb944c0a6383efe1,"Frasa hukum dalam Pasal 72 dalam Peraturan Menteri Perindustrian Republik Indonesia, No 19 Tahun 2022 tentang Statuta Politeknik Sttt Bandung:
(1) Direktur diangkat dan diberhentikan oleh Menteri. (2) Masa jabatan Direktur selama 4 (empat) tahun dan dapat diangkat kembali untuk 1 (satu) kali masa jabatan.<|im_end|>","Frasa hukum dalam Pasal 72 dalam Peraturan Menteri Perindustrian Republik Indonesia, No 19 Tahun 2022 tentang Statuta Politeknik Sttt Bandung:
(1) Direktur diangkat dan diberhentikan oleh Menteri. (2) Masa jabatan Direktur selama 4 (empat) tahun dan dapat diangkat kembali untuk 1 (satu) kali masa jabatan.",0.311688,1.0,0,0.0,81,2.9971,False,,,,,,,,
qa-test-00033,qa_test,Berikan isi dokumen dari Pasal 35 dalam Peraturan Pemerintah Republik Indonesia No 6 Tahun 2021!,"Isi dokumen dari Pasal 35 dalam Peraturan Pemerintah Republik Indonesia No 6 Tahun 2021 tentang Pelaksanaan Pelindungan Pekerja Migran Indonesia:
huruf a, dilakukan melalui : a. penetapan norma, standar, prosedur, dan kriteria; b. pemberdayaan ekonomi dan sosial; c. fasilitasi pemulangan Pekerja Migran Indonesia; d. fasilitasi penyelesaian permasalahan Pekerja Migran Indonesia; e. kemudahan l ayanan pemenuhan dokumen Calon Pekerja Migran Indonesia; dan f. fasilitasi layanan informasi proses migrasi yang aman.",peraturan pemerintah|6|2021,2502da817c08846c7087079456ddad3d70fbbd5f2d42b9147d4d9a6d234f8aea,train-00016-of-00021.parquet:15427845,1,149,Azzindani/Indonesian_Regulation_QA,54e65e937f1a8cc87cd0fc55eb944c0a6383efe1,"Isi dokumen dari Pasal 35 dalam Peraturan Pemerintah Republik Indonesia No 6 Tahun 2021 tentang Penyelenggaraan Bidang Pelayaran:
(1) Pengawasan sebagaimana dimaksud dalam<|im_end|>","Isi dokumen dari Pasal 35 dalam Peraturan Pemerintah Republik Indonesia No 6 Tahun 2021 tentang Penyelenggaraan Bidang Pelayaran:
(1) Pengawasan sebagaimana dimaksud dalam",0.32967,1.0,0,0.0,40,1.5071,False,,,,,,,,
qa-test-00034,qa_test,Apa saja elemen/komponen yang dibahas dalam Pasal 99 dari Undang- Undang Republik Indonesia No 1 Tahun 2015?,"Isi resmi sebagaimana tercatat dalam Pasal 99 dalam Undang- Undang Republik Indonesia No 1 Tahun 2015 tentang Penetapan Peraturan Pemerintah Pengganti Un Dang-Undang:
, dipidana dengan pidana penjar a paling singkat 3 (tiga) bulan dan paling lama 12 (dua belas) bulan dan denda paling sedikit Rp3.000.000,00 (tiga juta rupiah) dan paling banyak Rp12.000.000,00 (dua belas juta rupiah)",answer:261df3b4d6db73e8d03a1c30320b61ff96815f2b127d87661ea2086cd368abdd,261df3b4d6db73e8d03a1c30320b61ff96815f2b127d87661ea2086cd368abdd,train-00002-of-00021.parquet:1718460,1,156,Azzindani/Indonesian_Regulation_QA,54e65e937f1a8cc87cd0fc55eb944c0a6383efe1,"Isi resmi sebagaimana tercatat dalam Pasal 99 dalam Undang- Undang Republik Indonesia No 1 Tahun 2015 tentang Penetapan Peraturan Pemerintah Pengganti Un Dang-Undang:
Cukup jelas.<|im_end|>","Isi resmi sebagaimana tercatat dalam Pasal 99 dalam Undang- Undang Republik Indonesia No 1 Tahun 2015 tentang Penetapan Peraturan Pemerintah Pengganti Un Dang-Undang:
Cukup jelas.",0.539326,1.0,0,0.0,43,1.6107,False,,,,,,,,
qa-test-00035,qa_test,Berikan isi dokumen dari Pasal 14 dalam Peraturan Pemerintah Republik Indonesia No 6 Tahun 2021!,"Isi dokumen dari Pasal 14 dalam Peraturan Pemerintah Republik Indonesia No 6 Tahun 2021 tentang Pengelolaan Royalti Hak Cipta Lagu Dan/Atau Musik:
(1) Royalti yang telah dihimpun oleh LMKN sebagaimana dimaksud dalam",peraturan pemerintah|6|2021,264e3dc6ff4a1859c4e2af73124a7063f4848ec4d83dbda5b0ae026353e50c1a,train-00015-of-00021.parquet:14354295,1,92,Azzindani/Indonesian_Regulation_QA,54e65e937f1a8cc87cd0fc55eb944c0a6383efe1,"Isi dokumen dari Pasal 14 dalam Peraturan Pemerintah Republik Indonesia No 6 Tahun 2021 tentang Penyelenggaraan Bidang Pelayaran:
ayat (1) huruf a dilakukan oleh: a. Pemerintah Pusat; b. Pemerintah Daerah; dan/atau c. badan usaha. (2) Penyelenggaraan prasarana dan sarana Pelayaran sebagaimana dimaksud pada ayat (1) dilakukan untuk: a. meningkatkan pelayanan jasa Pelayaran; b. meningkatkan keselamatan dan keamanan Pelayaran; c. meningkatkan efisiensi dan efektivitas Pelayaran; d. meningkatkan daya saing dan daya tarik Pelayaran; dan/atau e. meningkatkan pelayanan jasa Pelayaran. (3) Penyelenggaraan prasarana dan sarana Pelayaran sebagaimana dimaksud pada ayat (1) dilakukan sesuai dengan ketentuan peraturan perundang -undangan.<|im_end|>","Isi dokumen dari Pasal 14 dalam Peraturan Pemerintah Republik Indonesia No 6 Tahun 2021 tentang Penyelenggaraan Bidang Pelayaran:
ayat (1) huruf a dilakukan oleh: a. Pemerintah Pusat; b. Pemerintah Daerah; dan/atau c. badan usaha. (2) Penyelenggaraan prasarana dan sarana Pelayaran sebagaimana dimaksud pada ayat (1) dilakukan untuk: a. meningkatkan pelayanan jasa Pelayaran; b. meningkatkan keselamatan dan keamanan Pelayaran; c. meningkatkan efisiensi dan efektivitas Pelayaran; d. meningkatkan daya saing dan daya tarik Pelayaran; dan/atau e. meningkatkan pelayanan jasa Pelayaran. (3) Penyelenggaraan prasarana dan sarana Pelayaran sebagaimana dimaksud pada ayat (1) dilakukan sesuai dengan ketentuan peraturan perundang -undangan.",0.320611,1.0,0,0.064516,168,6.1359,False,,,,,,,,
qa-test-00036,qa_test,Kutipan isi Pasal 106 menurut Ng-Undang Republik Indonesia No 1 Tahun 2009 berbunyi apa?,"Kutipan isi Pasal berbunyi: Pasal 106 dalam Ng-Undang Republik Indonesia No 1 Tahun 2009 tentang Penerbangan:
(1) Badan usaha angkutan udara niaga yang melakukan kegiatan angkutan udara perintis sebagaimana dimaksud dalam",answer:26a26a7fceb78aeca3f856e0e0fc4f91312a23b5bfba977ed6e29938e798d7ca,26a26a7fceb78aeca3f856e0e0fc4f91312a23b5bfba977ed6e29938e798d7ca,train-00002-of-00021.parquet:1785867,1,95,Azzindani/Indonesian_Regulation_QA,54e65e937f1a8cc87cd0fc55eb944c0a6383efe1,"Kutipan isi Pasal berbunyi: Pasal 106 dalam Ng-Undang Republik Indonesia No 1 Tahun 2009 tentang Penerbangan:
Cukup jelas.<|im_end|>","Kutipan isi Pasal berbunyi: Pasal 106 dalam Ng-Undang Republik Indonesia No 1 Tahun 2009 tentang Penerbangan:
Cukup jelas.",0.666667,1.0,0,0.0,39,1.4666,False,,,,,,,,
qa-test-00037,qa_test,Apa saja hal yang dijelaskan dalam Pasal 160 dari Peraturan Pemerintah No 1 Tahun 2014?,"Berikut adalah isi hukum dari Pasal 160 dalam Peraturan Pemerintah No 1 Tahun 2014 tentang Pemilihan Gubernur , Bupa Ti, Dan Walikota:
(1) Pengesahan pengangkatan Gubernur terpilih dilakukan berdasarkan penetapan calon terpili h oleh KPU Provinsi yang disampaikan oleh DPRD Provinsi kepada Presiden melalui Menteri. (2) Pengesahan pengangkatan calon Gubernur terpilih dilakukan oleh Presiden dalam waktu paling lama 14 (empat belas) hari terhitung sejak tanggal usul dan berkas diterima secara lengkap. (3) Pengesahan pengangkatan Bupati dan Walikota terpilih dilakukan berdasarkan penetapan calon t erpilih oleh KPU Kabupaten/Kota yang disampaikan oleh DPRD Kabupaten/Kota kepada Menteri melalui Gubernur. (4) Pengesahan pengangkatan Bupati dan Walik ota terpilih dilakukan oleh Menteri dalam waktu paling lama 14 (empat belas) hari terhitung sejak tanggal usul dan berkas diterima secara lengkap. Bagian Kedua Pelantikan",peraturan pemerintah|1|2014,26bb07547987fa1a182240efdfef8e29f1f3c6f37d59a9701a31dfd227792456,train-00001-of-00021.parquet:214911,1,224,Azzindani/Indonesian_Regulation_QA,54e65e937f1a8cc87cd0fc55eb944c0a6383efe1,"Berikut adalah isi hukum dari Pasal 160 dalam Peraturan Pemerintah No 1 Tahun 2014 tentang Peraturan Pelaksanaan Undang-Undang Nomor 15 Tahun 1997:
Cukup jelas.<|im_end|>","Berikut adalah isi hukum dari Pasal 160 dalam Peraturan Pemerintah No 1 Tahun 2014 tentang Peraturan Pelaksanaan Undang-Undang Nomor 15 Tahun 1997:
Cukup jelas.",0.196078,1.0,0,0.0,46,1.7222,False,,,,,,,,
qa-test-00038,qa_test,Sampaikan isi hukum dalam Pasal 5 dari Peraturan Pemerintah Republik Indonesia No 76 Tahun 2008!,"Ketentuan hukum dalam Pasal 5 dalam Peraturan Pemerintah Republik Indonesia No 76 Tahun 2008 tentang Rehabilitasi Dan Reklamasi Hutan:
harus menggunakan kriteria dan standar: a. karakteristik lokasi kegiatan; b. jenis kegiatan; c. penataan lahan; d. pengendalian erosi dan limbah; e. revegetasi; dan f. pengembangan sosial ekonomi.",peraturan pemerintah|76|2008,278d748d566ee7b89030cc8f980fa58f712a74691b4dcf994844e23df1315da4,train-00001-of-00021.parquet:137057,1,118,Azzindani/Indonesian_Regulation_QA,54e65e937f1a8cc87cd0fc55eb944c0a6383efe1,"Ketentuan hukum dalam Pasal 5 dalam Peraturan Pemerintah Republik Indonesia No 76 Tahun 2008 tentang Perubahan Atas Peraturan Pemerintah Nomor 29 Tahun 2000 Tentang:
ayat (1) huruf a, huruf b, huruf c, huruf d, huruf e, huruf f, huruf g, huruf h, huruf i, huruf j, huruf k, huruf l, huruf m, huruf n, huruf o, huruf p, huruf q, huruf r, huruf s, huruf t, huruf u, huruf v, huruf w, huruf x, huruf y, huruf z, huruf aa, huruf ab, huruf ac, huruf ad, huruf ae, huruf af, huruf ag, huruf ah, huruf ai, huruf aj, huruf ak, huruf al, huruf am, huruf an, huruf ao, huruf ap, huruf aq, huruf ar, huruf as, huruf at, huruf au, huruf av, huruf aw, huruf ax, huruf ay, huruf az, huruf ba, huruf bb, huruf bc, huruf bd, huruf be, huruf bf, huruf bg, huruf bh, huruf bi, huruf bj, huruf bk, huruf bl, huruf bm, huruf bn, huruf bo, huruf bp, huruf bq, huruf br, huruf","Ketentuan hukum dalam Pasal 5 dalam Peraturan Pemerintah Republik Indonesia No 76 Tahun 2008 tentang Perubahan Atas Peraturan Pemerintah Nomor 29 Tahun 2000 Tentang:
ayat (1) huruf a, huruf b, huruf c, huruf d, huruf e, huruf f, huruf g, huruf h, huruf i, huruf j, huruf k, huruf l, huruf m, huruf n, huruf o, huruf p, huruf q, huruf r, huruf s, huruf t, huruf u, huruf v, huruf w, huruf x, huruf y, huruf z, huruf aa, huruf ab, huruf ac, huruf ad, huruf ae, huruf af, huruf ag, huruf ah, huruf ai, huruf aj, huruf ak, huruf al, huruf am, huruf an, huruf ao, huruf ap, huruf aq, huruf ar, huruf as, huruf at, huruf au, huruf av, huruf aw, huruf ax, huruf ay, huruf az, huruf ba, huruf bb, huruf bc, huruf bd, huruf be, huruf bf, huruf bg, huruf bh, huruf bi, huruf bj, huruf bk, huruf bl, huruf bm, huruf bn, huruf bo, huruf bp, huruf bq, huruf br, huruf",0.197183,1.0,0,0.0,256,9.3099,True,,,,,,,,
qa-test-00039,qa_test,Tulis isi hukum dari Pasal 2 dalam Peraturan Pemerintah Republik Indonesia No 60 Tahun 2023!,"Isi hukum dari Pasal 2 dalam Peraturan Pemerintah Republik Indonesia No 60 Tahun 2023 tentang Penambahan Penyertaan Modal Negara Republik Indonesia:
Nilai penambahan penyertaan modal negara sebagaimana dimaksud dalam",peraturan pemerintah|60|2023,28e2770ab16b1bab55aabed2aa74d1518b82f06026cce179f010c2ed9a60e3ab,train-00020-of-00021.parquet:19436568,1,83,Azzindani/Indonesian_Regulation_QA,54e65e937f1a8cc87cd0fc55eb944c0a6383efe1,"Isi hukum dari Pasal 2 dalam Peraturan Pemerintah Republik Indonesia No 60 Tahun 2023 tentang Penambahan Penyertaan Modal Negara Republik Indonesia:
(1) Nilai penambahan penyertaan modal Negara sebagaimana dimaksud dalam<|im_end|>","Isi hukum dari Pasal 2 dalam Peraturan Pemerintah Republik Indonesia No 60 Tahun 2023 tentang Penambahan Penyertaan Modal Negara Republik Indonesia:
(1) Nilai penambahan penyertaan modal Negara sebagaimana dimaksud dalam",0.983051,1.0,0,0.0,48,1.7943,False,,,,,,,,
qa-test-00040,qa_test,Sebutkan seluruh isi Pasal 57 dalam Peraturan Pemerintah Republik Indonesia No 34 Tahun 2006!,"Ayat (1) Yang dimaksud dengan “jalan” tidak termasuk jalan khusus. Ayat (2) Cukup jelas. Ayat (3) Cukup jelas. Ayat (4) Yang dimaksud dengan “pengaturan, pembinaan, pembangunan, dan pengawasan secara makro” meliputi kebijakan jaringan jalan, pembentukan peraturan perundang-undangan, standar pelayanan, sistem pemrograman, sistem penganggaran, standar konstruksi, manajemen pemeliharaan, dan pengoperasian jalan. Ayat (5) Cukup jelas.",peraturan pemerintah|34|2006,295610f5a62b818fcfbfc2b135e93df1f594507630a23648282ffa424887e22a,train-00002-of-00021.parquet:1120003,1,138,Azzindani/Indonesian_Regulation_QA,54e65e937f1a8cc87cd0fc55eb944c0a6383efe1,(1) Dalam hal terjadi perubahan data dan/atau dokumen sebagaimana dimaksud dalam<|im_end|>,(1) Dalam hal terjadi perubahan data dan/atau dokumen sebagaimana dimaksud dalam,0.089552,nan,0,0.0,16,0.6366,False,,,,,,,,
qa-test-00041,qa_test,Uraikan teks hukum dari Pasal 29 menurut Peraturan Pemerintah Republik Indonesia No 32 Tahun 2011!,"Teks hukum dari Pasal 29 dalam Peraturan Pemerintah Republik Indonesia No 32 Tahun 2011 tentang Manajemen Dan Rekayasa, Analisis Dampak,:
(1) Perbaikan geometrik ruas jalan dan/atau persimpangan serta perlengkapan jalan yang tidak berkaitan langsung dengan pengguna jalan sebagaimana dimaksud dalam",peraturan pemerintah|32|2011,2b1e9a1417bed1f71380815db0297c9b99372f4d64bd13a651920227ac2f75cc,train-00009-of-00021.parquet:8118973,1,102,Azzindani/Indonesian_Regulation_QA,54e65e937f1a8cc87cd0fc55eb944c0a6383efe1,"Teks hukum dari Pasal 29 dalam Peraturan Pemerintah Republik Indonesia No 32 Tahun 2011 tentang Pelayanan Darah:
Cukup jelas.<|im_end|>","Teks hukum dari Pasal 29 dalam Peraturan Pemerintah Republik Indonesia No 32 Tahun 2011 tentang Pelayanan Darah:
Cukup jelas.",0.5,1.0,0,0.0,34,1.287,False,,,,,,,,
qa-test-00042,qa_test,Apa saja poin yang tercantum dalam Pasal 29 dalam Undang-Undang Republik Indonesia No 16 Tahun 2016?,"Berikut kutipan verbatim dari Pasal 29 dalam Undang-Undang Republik Indonesia No 16 Tahun 2016 tentang Pengesahan Parisagreemejvt To The United Lvatlolvs:
Naskah asli dari Persetujuan ini, yang dalam teks Bahasa Arab, Tiongkok, lnggris, Perancis, Rusia dan spanyol sama otentiknya, wajib disimpan di sekretaris Jenderal Perserikatan Bangsa-Bangsa. DIBUAT di Paris hari kedua belas bulan Desember tahun Dua Ribu Lima Belas. SEBAGAI BUKTI, penandatangan, yang tetah diberi kuasa untuk hal itu, telah menandatangani Persetujuan ini. 26 www.regulasip.com",undang-undang|16|2016,2c5148a57deda406d9492240710359a0d803558e3868583d4389eb2e4ecc1a65,train-00003-of-00021.parquet:2189008,1,190,Azzindani/Indonesian_Regulation_QA,54e65e937f1a8cc87cd0fc55eb944c0a6383efe1,"Berikut kutipan verbatim dari Pasal 29 dalam Undang-Undang Republik Indonesia No 16 Tahun 2016 tentang Pengesahan International Convention On The Protection Of:
ayat (1) huruf a, huruf b, huruf c, huruf d, huruf e, huruf f, huruf g, huruf h, huruf i, huruf j, huruf k, huruf 1, huruf m, huruf n, huruf o, huruf p, huruf q, huruf r, huruf s, huruf t, huruf u, huruf v, huruf w, huruf x, huruf y, huruf z, huruf aa, huruf ab, huruf ac, huruf ad, huruf ae, huruf af, huruf ag, huruf ah, huruf ai, huruf aj, huruf ak, huruf al, huruf am, huruf an, huruf ao, huruf ap, huruf aq, huruf ar, huruf as, huruf at, huruf au, huruf av, huruf aw, huruf ax, huruf ay, huruf az, huruf ba, huruf bb, huruf bc, huruf bd, huruf be, huruf bf, huruf bg, huruf bh, huruf bi, huruf bj, huruf bk, huruf bl, huruf bm, huruf bn, huruf bo, huruf bp, huruf bq, huruf br, huruf","Berikut kutipan verbatim dari Pasal 29 dalam Undang-Undang Republik Indonesia No 16 Tahun 2016 tentang Pengesahan International Convention On The Protection Of:
ayat (1) huruf a, huruf b, huruf c, huruf d, huruf e, huruf f, huruf g, huruf h, huruf i, huruf j, huruf k, huruf 1, huruf m, huruf n, huruf o, huruf p, huruf q, huruf r, huruf s, huruf t, huruf u, huruf v, huruf w, huruf x, huruf y, huruf z, huruf aa, huruf ab, huruf ac, huruf ad, huruf ae, huruf af, huruf ag, huruf ah, huruf ai, huruf aj, huruf ak, huruf al, huruf am, huruf an, huruf ao, huruf ap, huruf aq, huruf ar, huruf as, huruf at, huruf au, huruf av, huruf aw, huruf ax, huruf ay, huruf az, huruf ba, huruf bb, huruf bc, huruf bd, huruf be, huruf bf, huruf bg, huruf bh, huruf bi, huruf bj, huruf bk, huruf bl, huruf bm, huruf bn, huruf bo, huruf bp, huruf bq, huruf br, huruf",0.146939,1.0,0,0.0,256,9.3116,True,,,,,,,,
qa-test-00043,qa_test,Tulis isi hukum dari Pasal 11 dalam Keputusan Menteri Dalam Negeri No 131 Tahun 1997!,"Isi hukum dari Pasal 11 dalam Keputusan Menteri Dalam Negeri No 131 Tahun 1997 tentang Penyelenggaraan Catatan Sipil:
(1) Setiap peristiwa perceraian yang telah menda pat putusan Pengadilan Negeri dicatatkan pada Kantor Catatan Sipil/Dinas Ke pendudukan dan Catatan Sipil. (2) Setiap permohonan gugatan pe rceraian sebelum diajukan ke Pengadilan Negeri untuk mendapatkan putusan terlebih dahul u harus dilengkapi dengan surat pengantar dari Kantor Catatan Sipil/Dinas Kependudukan dan Catatan Sipil. (3) Pencatatan perceraian sebagaimana dima ksud ayat (1) diterbit kan Akta Perceraian. BAB VIII PENCATATAN PENGANGKATAN ANAK",keputusan menteri|131|1997,2cc9ed053a73dfec4a44399c4c1f98775818042cf312c3941719f5589e6b6644,train-00004-of-00021.parquet:3935043,1,191,Azzindani/Indonesian_Regulation_QA,54e65e937f1a8cc87cd0fc55eb944c0a6383efe1,"Isi hukum dari Pasal 11 dalam Keputusan Menteri Dalam Negeri No 131 Tahun 1997 tentang Pedoman Pelaksanaan Pemilihan, Pengesahan, Dan:
(1) Panitia Pemilihan Kecamatan melakukan penelitian terhadap persyaratan calon sebagaimana dimaksud dalam<|im_end|>","Isi hukum dari Pasal 11 dalam Keputusan Menteri Dalam Negeri No 131 Tahun 1997 tentang Pedoman Pelaksanaan Pemilihan, Pengesahan, Dan:
(1) Panitia Pemilihan Kecamatan melakukan penelitian terhadap persyaratan calon sebagaimana dimaksud dalam",0.3,1.0,0,0.0,54,2.0095,False,,,,,,,,
qa-test-00044,qa_test,Apa saja hal yang dijelaskan dalam Pasal 116 dari Peraturan Menteri Koordinator Bidang Kemaritiman Dan Investasi No 2 Tahun 2020?,"Berikut adalah isi hukum dari Pasal 116 dalam Peraturan Menteri Koordinator Bidang Kemaritiman Dan Investasi No 2 Tahun 2020 tentang Organisasi Dan Tata Kerja:
Bidang Penanganan Kecelakaan Maritim mempunyai tugas melaksanakan penyiapan bahan koordinasi dan sinkronisasi perumusan, penetapan, dan pelaksanaan serta pengendalian pelaksanaan kebijakan Kementerian/Lembaga, dan pemantauan, analisis, evaluasi, dan pelaporan yang terkait dengan isu di bidang penanganan kecelakaan maritim . Bagian Kedelapan Asisten Deputi Energi",peraturan menteri|2|2020,2d46f20a63344ad3343aa39a45afd3ab8d29ddd2418fb157873fc00e598a70e6,train-00016-of-00021.parquet:15350886,1,152,Azzindani/Indonesian_Regulation_QA,54e65e937f1a8cc87cd0fc55eb944c0a6383efe1,"Berikut adalah isi hukum dari Pasal 116 dalam Peraturan Menteri Koordinator Bidang Kemaritiman Dan Investasi No 2 Tahun 2020 tentang Organisasi Dan Tata Kerja:
Dalam melaksanakan tugas sebagaimana dimaksud dalam<|im_end|>","Berikut adalah isi hukum dari Pasal 116 dalam Peraturan Menteri Koordinator Bidang Kemaritiman Dan Investasi No 2 Tahun 2020 tentang Organisasi Dan Tata Kerja:
Dalam melaksanakan tugas sebagaimana dimaksud dalam",0.541667,1.0,0,0.0,44,1.649,False,,,,,,,,
qa-test-00045,qa_test,Berikan isi dokumen dari Pasal 6 dalam Peraturan Menteri Keuangan Republik Indonesia No 68 Tahun 2021!,"Isi dokumen dari Pasal 6 dalam Peraturan Menteri Keuangan Republik Indonesia No 68 Tahun 2021 tentang Pajak Pertambahan Nilai Dan Pajak Penghasilan:
aya t (2) yang dibuat melalui Sarana Elektronik yang diselenggarakan oleh Penyelenggara Perdagangan Melalui Sistem Elektronik ditetapkan sebagai dokumen tertentu yang kedudukannya dipersamakan dengan Faktur Pajak; c. Penjual Aset Kripto tidak melakukan pemungutan Pajak Pertambahan Nilai atas penyerahan Aset Kripto melalui sistem Penyelenggara Perdagangan Melalui Sistem Elektronik ; d. Penjual Aset Kripto melaporkan Pajak Pertambahan Nilai yang dipungut oleh Penyelenggara Perdagangan Melalui Sistem Elektronik atas peny erahan Aset Kripto sebagaimana dimaksud dalam",peraturan menteri|68|2021,2e1c096928b453eaceab9bd4b565c7a2d9fd395b7909615d2f8402dffcf0f699,train-00018-of-00021.parquet:17526695,1,177,Azzindani/Indonesian_Regulation_QA,54e65e937f1a8cc87cd0fc55eb944c0a6383efe1,"Isi dokumen dari Pasal 6 dalam Peraturan Menteri Keuangan Republik Indonesia No 68 Tahun 2021 tentang Tata Cara Penyediaan, Pencairan, Dan Pertanggungjawaban Dana:
ayat (1) huruf b, dan<|im_end|>","Isi dokumen dari Pasal 6 dalam Peraturan Menteri Keuangan Republik Indonesia No 68 Tahun 2021 tentang Tata Cara Penyediaan, Pencairan, Dan Pertanggungjawaban Dana:
ayat (1) huruf b, dan",0.280992,1.0,0,0.0,50,1.8717,False,,,,,,,,
qa-test-00046,qa_test,"Menurut Peraturan Pemerintah Republik Indonesia No 35 Tahun 2010, apa yang diatur dalam Pasal 51?","Rumusan Pasal berdasarkan Pasal 51 dalam Peraturan Pemerintah Republik Indonesia No 35 Tahun 2010 tentang Pelaksanaan Undang -Undang Nomor 20 Tahun 2009:
Cukup jelas.",peraturan pemerintah|35|2010,3012ef44c76e0fd1840acb67e5a7eee00b605b3acf7bf8fcc3a622c7f2a0fce1,train-00008-of-00021.parquet:7807306,1,85,Azzindani/Indonesian_Regulation_QA,54e65e937f1a8cc87cd0fc55eb944c0a6383efe1,"Rumusan Pasal berdasarkan Pasal 51 dalam Peraturan Pemerintah Republik Indonesia No 35 Tahun 2010 tentang Pemberian Gaji/Pensiun/Tunjangan Bulan Ketiga Belas:
Cukup jelas.<|im_end|>","Rumusan Pasal berdasarkan Pasal 51 dalam Peraturan Pemerintah Republik Indonesia No 35 Tahun 2010 tentang Pemberian Gaji/Pensiun/Tunjangan Bulan Ketiga Belas:
Cukup jelas.",0.708333,0.666667,0,0.0,46,1.7183,False,,,,,,,,
qa-test-00047,qa_test,Sebutkan semua ketentuan yang ada dalam Pasal 5 dari Peraturan Pemerintah Republik Indonesia No 72 Tahun 2009!,"Redaksional Pasal dalam Pasal 5 dalam Peraturan Pemerintah Republik Indonesia No 72 Tahun 2009 tentang Lalu Lintas Dan Angkutan Kereta Api:
Jaringan pelayanan perkeretaapian merupakan kumpulan lintas pelayanan yang tersambung satu dengan yang lain menghubungkan lintas pelayanan perkeretaapian dengan pusat kegiatan, pusat logistik, dan antarmoda. Bagian Kedua Jaringan Pelayanan Perkeretaapian Antarkota",peraturan pemerintah|72|2009,32140d40b14168869d26e9410ad62d521cf7676b53f05fdb3dcfbcc9e7df0d8b,train-00001-of-00021.parquet:169559,1,129,Azzindani/Indonesian_Regulation_QA,54e65e937f1a8cc87cd0fc55eb944c0a6383efe1,"Redaksional Pasal dalam Pasal 5 dalam Peraturan Pemerintah Republik Indonesia No 72 Tahun 2009 tentang Jenis Dan Tarif Atas Jenis Penerimaan Negara Bukan Pajak:
Cukup jelas.<|im_end|>","Redaksional Pasal dalam Pasal 5 dalam Peraturan Pemerintah Republik Indonesia No 72 Tahun 2009 tentang Jenis Dan Tarif Atas Jenis Penerimaan Negara Bukan Pajak:
Cukup jelas.",0.415584,1.0,0,0.0,42,1.5754,False,,,,,,,,
qa-test-00048,qa_test,Berikan isi dokumen dari Pasal 12 dalam Peraturan Pemerintah Republik Indonesia No 35 Tahun 2016!,"Isi dokumen dari Pasal 12 dalam Peraturan Pemerintah Republik Indonesia No 35 Tahun 2016 tentang Jenis Dan Tarif Atas Jenis Penerimaan Negara Bukan Pajak:
Seluruh Penerimaan Negara Bukan pajak yang berlaku pada Kementerian Pertanian wajib disetor langSung secepatnya ke Kas Negara.",peraturan pemerintah|35|2016,324269fcdb96de5057a35763779bd42b4541f56e51d2f950dd1fc47eb7a7c77b,train-00002-of-00021.parquet:1109170,1,103,Azzindani/Indonesian_Regulation_QA,54e65e937f1a8cc87cd0fc55eb944c0a6383efe1,"Isi dokumen dari Pasal 12 dalam Peraturan Pemerintah Republik Indonesia No 35 Tahun 2016 tentang Perubahan Atas Peraturan Pemerintah Nomor 7 Tahun 2Oi4:
ayat (1) huruf a, huruf b, huruf c, huruf d, huruf e, huruf f, huruf g, huruf h, huruf i, huruf j, huruf k, huruf 1, huruf m, huruf n, huruf o, huruf p, huruf q, huruf r, huruf s, huruf t, huruf u, huruf v, huruf w, huruf x, huruf y, huruf z, huruf aa, huruf ab, huruf ac, huruf ad, huruf ae, huruf af, huruf ag, huruf ah, huruf ai, huruf aj, huruf ak, huruf al, huruf am, huruf an, huruf ao, huruf ap, huruf aq, huruf ar, huruf as, huruf at, huruf au, huruf av, huruf aw, huruf ax, huruf ay, huruf az, huruf ba, huruf bb, huruf bc, huruf bd, huruf be, huruf bf, huruf bg, huruf bh, huruf bi, huruf bj, huruf bk, huruf bl, huruf bm, huruf bn, huruf bo, huruf bp, huruf bq, huruf br, huruf bs","Isi dokumen dari Pasal 12 dalam Peraturan Pemerintah Republik Indonesia No 35 Tahun 2016 tentang Perubahan Atas Peraturan Pemerintah Nomor 7 Tahun 2Oi4:
ayat (1) huruf a, huruf b, huruf c, huruf d, huruf e, huruf f, huruf g, huruf h, huruf i, huruf j, huruf k, huruf 1, huruf m, huruf n, huruf o, huruf p, huruf q, huruf r, huruf s, huruf t, huruf u, huruf v, huruf w, huruf x, huruf y, huruf z, huruf aa, huruf ab, huruf ac, huruf ad, huruf ae, huruf af, huruf ag, huruf ah, huruf ai, huruf aj, huruf ak, huruf al, huruf am, huruf an, huruf ao, huruf ap, huruf aq, huruf ar, huruf as, huruf at, huruf au, huruf av, huruf aw, huruf ax, huruf ay, huruf az, huruf ba, huruf bb, huruf bc, huruf bd, huruf be, huruf bf, huruf bg, huruf bh, huruf bi, huruf bj, huruf bk, huruf bl, huruf bm, huruf bn, huruf bo, huruf bp, huruf bq, huruf br, huruf bs",0.153846,1.0,0,0.0,256,9.2909,True,,,,,,,,
qa-test-00049,qa_test,Apa redaksi asli dari Pasal 81 dalam Peraturan Pemerintah Republik Indonesia No 32 Tahun 2011?,"Frasa hukum penting dalam Pasal 81 dalam Peraturan Pemerintah Republik Indonesia No 32 Tahun 2011 tentang Manajemen Dan Rekayasa, Analisis Dampak,:
Untuk pelaksanaan pembatasan sebagaimana dimaksud dalam",peraturan pemerintah|32|2011,32a41c61b29e417b7820f408f247a1591561125a5f554a8940b196f61a30dee6,train-00009-of-00021.parquet:8121763,1,82,Azzindani/Indonesian_Regulation_QA,54e65e937f1a8cc87cd0fc55eb944c0a6383efe1,"Frasa hukum penting dalam Pasal 81 dalam Peraturan Pemerintah Republik Indonesia No 32 Tahun 2011 tentang Pelayanan Darah:
Cukup jelas.<|im_end|>","Frasa hukum penting dalam Pasal 81 dalam Peraturan Pemerintah Republik Indonesia No 32 Tahun 2011 tentang Pelayanan Darah:
Cukup jelas.",0.680851,1.0,0,0.0,36,1.3552,False,,,,,,,,
qa-test-00050,qa_test,Apa saja elemen/komponen yang dibahas dalam Pasal 62 dari Peraturan Menteri Lingkungan Hidup Dan Kehutanan No 14 Tahun 2024?,"Isi resmi sebagaimana tercatat dalam Pasal 62 dalam Peraturan Menteri Lingkungan Hidup Dan Kehutanan No 14 Tahun 2024 tentang Penyelenggaraan Pengawasan Dan Sanksi Administratif:
kepada Menteri, gubernur, dan bupati/wali kota sesuai dengan kewenangannya. (2) Laporan sebagaimana dimaksud pada ayat (1) memuat: a. identitas Pejabat Pengawas Lingkungan Hidup yang melaksanakan pengawasan; b. identitas penanggung jawab Usaha dan/atau Kegiatan; c. hasil pengawasan sebagaimana dimaksud dalam",peraturan menteri|14|2024,333c05ef1ff5971d501d64d46a8cc63f3b6bb694c8ac58878670eb3357e86252,train-00021-of-00021.parquet:20815160,1,153,Azzindani/Indonesian_Regulation_QA,54e65e937f1a8cc87cd0fc55eb944c0a6383efe1,"Isi resmi sebagaimana tercatat dalam Pasal 62 dalam Peraturan Menteri Lingkungan Hidup Dan Kehutanan No 14 Tahun 2024 tentang Pelaksanaan Peraturan Pemerintah Nomor 46 Tahun 2016:
(1) Dalam hal hasil verifikasi sebagaimana dimaksud dalam<|im_end|>","Isi resmi sebagaimana tercatat dalam Pasal 62 dalam Peraturan Menteri Lingkungan Hidup Dan Kehutanan No 14 Tahun 2024 tentang Pelaksanaan Peraturan Pemerintah Nomor 46 Tahun 2016:
(1) Dalam hal hasil verifikasi sebagaimana dimaksud dalam",0.484848,1.0,0,0.0,56,2.0802,False,,,,,,,,
qa-test-00051,qa_test,Sebutkan ketentuan resmi dari Pasal 25 menurut Peraturan Pemerit{Tah Republik Indonesia No 13 Tahun 2018!,"Bacaan isi hukum Pasal berdasarkan Pasal 25 dalam Peraturan Pemerit{Tah Republik Indonesia No 13 Tahun 2018 tentang Penelitian, Rekayasa, Dan Pengembangan Industri Meteorologi,:
huruf a dilakukan untuk: a. pemenuhan kebutuhan dalam penyelenggaraan Meteorologi, Klimatologi, dan Geofisika; dan/atau b. keanekaragaman sarana Meteorologi, Klimatologi, dan Geofisika. Pasal2T Peningkatan nilai guna sarana Meteorologi, Klimatologi, dan Geofisika sebagaigl6sa dimaksud dalam",answer:3546e3acadaff55bb36c9c57c5a1133499f5ae9060ea86c096baa0387d348328,3546e3acadaff55bb36c9c57c5a1133499f5ae9060ea86c096baa0387d348328,train-00002-of-00021.parquet:1149689,1,162,Azzindani/Indonesian_Regulation_QA,54e65e937f1a8cc87cd0fc55eb944c0a6383efe1,"Bacaan isi hukum Pasal berdasarkan Pasal 25 dalam Peraturan Pemerit{Tah Republik Indonesia No 13 Tahun 2018 tentang Penelitian, Rekayasa, Dan Pengembangan Industri Meteorologi,:
(1) Dalam hal hasil Penelitian, Rekayasa, dan/atau Pengembangan Industri Meteorologi, Klimatologi, dan Geofisika sebagaimana dimaksud dalam<|im_end|>","Bacaan isi hukum Pasal berdasarkan Pasal 25 dalam Peraturan Pemerit{Tah Republik Indonesia No 13 Tahun 2018 tentang Penelitian, Rekayasa, Dan Pengembangan Industri Meteorologi,:
(1) Dalam hal hasil Penelitian, Rekayasa, dan/atau Pengembangan Industri Meteorologi, Klimatologi, dan Geofisika sebagaimana dimaksud dalam",0.666667,1.0,0,0.0,73,2.6918,False,,,,,,,,
qa-test-00052,qa_test,Apa saja hal yang dijelaskan dalam Pasal 3 dari Uran Presiden Republik Indonesia No 35 Tahun 2015?,"Berikut adalah isi hukum dari Pasal 3 dalam Uran Presiden Republik Indonesia No 35 Tahun 2015 tentang Kementerian Kesehatan:
Dalam melaksanakan tugas sebagaimana dimaksud dalam",answer:358d09fd10136c3b6fde729a6e81520b1238f292b9faa8872a22efa6c64912f4,358d09fd10136c3b6fde729a6e81520b1238f292b9faa8872a22efa6c64912f4,train-00003-of-00021.parquet:2811261,1,74,Azzindani/Indonesian_Regulation_QA,54e65e937f1a8cc87cd0fc55eb944c0a6383efe1,"Berikut adalah isi hukum dari Pasal 3 dalam Uran Presiden Republik Indonesia No 35 Tahun 2015 tentang Kementerian Agama:
(1) Kementerian Agama mempunyai tugas menyelenggarakan urusan pemerintahan di bidang agama untuk membantu Presiden dalam menyelenggarakan pemerintahan negara. (2) Untuk menyelenggarakan tugas sebagaimana dimaksud pada ayat (1), Kementerian Agama mempunyai fungsi: a. perumusan kebijakan di bidang agama; b. pelaksanaan kebijakan di bidang agama; c. koordinasi dan sinkronisasi pelaksanaan kebijakan di bidang agama; d. penyusunan norma, standar, prosedur, dan kriteria di bidang agama; e. pemberian bimbingan teknis dan supervisi di bidang agama; f. pelaksanaan pemantauan, evaluasi, dan pelaporan di bidang agama; dan g. pelaksanaan administrasi Kementerian Agama.<|im_end|>","Berikut adalah isi hukum dari Pasal 3 dalam Uran Presiden Republik Indonesia No 35 Tahun 2015 tentang Kementerian Agama:
(1) Kementerian Agama mempunyai tugas menyelenggarakan urusan pemerintahan di bidang agama untuk membantu Presiden dalam menyelenggarakan pemerintahan negara. (2) Untuk menyelenggarakan tugas sebagaimana dimaksud pada ayat (1), Kementerian Agama mempunyai fungsi: a. perumusan kebijakan di bidang agama; b. pelaksanaan kebijakan di bidang agama; c. koordinasi dan sinkronisasi pelaksanaan kebijakan di bidang agama; d. penyusunan norma, standar, prosedur, dan kriteria di bidang agama; e. pemberian bimbingan teknis dan supervisi di bidang agama; f. pelaksanaan pemantauan, evaluasi, dan pelaporan di bidang agama; dan g. pelaksanaan administrasi Kementerian Agama.",0.338462,1.0,0,0.0,155,5.646,False,,,,,,,,
qa-test-00053,qa_test,Apa saja hal yang dijelaskan dalam Pasal 26 dari Peraturan Pemerintah Republik Indonesia No 59 Tahun 2018?,"Berikut adalah isi hukum dari Pasal 26 dalam Peraturan Pemerintah Republik Indonesia No 59 Tahun 2018 tentang Tata Cara Pengajuan Dan Penyelesaian Keberatan, Keringanan,:
ayat(1)',28 ayat(21,",peraturan pemerintah|59|2018,36bc565f12921a1ced8cc455f598d2b9a085ee7257c11b5c672bdfffa1a04d88,train-00016-of-00021.parquet:15110786,1,93,Azzindani/Indonesian_Regulation_QA,54e65e937f1a8cc87cd0fc55eb944c0a6383efe1,"Berikut adalah isi hukum dari Pasal 26 dalam Peraturan Pemerintah Republik Indonesia No 59 Tahun 2018 tentang Tata Cara Pelaksanaan Peran Serta Masyarakat Dan:
Cukup jelas.<|im_end|>","Berikut adalah isi hukum dari Pasal 26 dalam Peraturan Pemerintah Republik Indonesia No 59 Tahun 2018 tentang Tata Cara Pelaksanaan Peran Serta Masyarakat Dan:
Cukup jelas.",0.727273,1.0,0,0.0,41,1.5392,False,,,,,,,,
qa-test-00054,qa_test,Jelaskan narasi hukum dalam Pasal 11 menurut Peraturan Pemerintah Republik Indonesia No 96 Tahun 2000!,"Narasi hukum dalam Pasal 11 dalam Peraturan Pemerintah Republik Indonesia No 96 Tahun 2000 tentang Wewenang Pengangkatan, Pemindahan, Dan Pemberhentian:
(1) Pejabat Pembina Kepegawaian Daerah Propinsi menetapkan: a. pengangkatan Sekretaris Daerah Propinsi setelah mendapat persetujuan dari pimpinan Dewan Perwakilan Rakyat Daerah Propinsi. b. Pemberhentian Sekretaris Daerah Propinsi. c. Pengangkatan, pemindahan, dan pemberhentian Pegawai Negeri Sipil Daerah Propinsi dalam dan dari jabatan struktural eselon II ke bawah atau jabatan fungsional. (2) Pejabat sebagaimana dimaksud dalam ayat (1) dapat mendelegasikan sebagian wewenangnya atau memberikan kuasa kepada pejabat lain di lingkungannya untuk menetapkan pengangkatan, pemindahan, dan pemberhentian Pegawai Negeri Sipil dalam dan dari jabatan struktural eselon III ke bawah atau jenjang jabatan fungsional yang setingkat dengan itu.",peraturan pemerintah|96|2000,374ed1f9aec42f12aa25a6db7873ea0b1f6e047917e70b17cf1b6dd707351108,train-00001-of-00021.parquet:291219,1,234,Azzindani/Indonesian_Regulation_QA,54e65e937f1a8cc87cd0fc55eb944c0a6383efe1,"Narasi hukum dalam Pasal 11 dalam Peraturan Pemerintah Republik Indonesia No 96 Tahun 2000 tentang Pendirian Perusahaan Jawatan Rumah Sakit:
(1) Dewan Pengawas mempunyai tugas : a. melakukan pengawasan terhadap pengelolaan PERJAN; b. memberikan nasihat kepada Direksi dalam melaksanakan kegiatan kepengurusan PERJAN. (2) Pengawasan sebagaimana dimaksud dalam ayat (1) huruf a, meliputi pengawasan terhadap : a. pelaksanaan rencana kerja dan anggaran PERJAN; b. pelaksanaan kegiatan kepengurusan PERJAN; c. keadaan keuangan PERJAN. (3) Pengawasan sebagaimana dimaksud dalam ayat (1) huruf a, dilakukan secara berkala dan sewaktu -waktu sesuai dengan kebutuhan. (4) Pengawasan sebagaimana dimaksud dalam ayat (1) huruf a, dilakukan oleh Dewan Pengawas secara bersama -sama atau masing -masing sesuai dengan bidang tugasnya. (5) Pengawasan sebagaimana dimaksud dalam ayat (1) huruf a, dilakukan dengan memperhatikan ketentuan peraturan perundang -undangan yang berlaku. (6) Dewan Pengawas wajib melaporkan hasil pengawasan kepada Menteri Keuangan secara berkala dan sewaktu -waktu sesuai dengan kebutuhan.<|im_end|>","Narasi hukum dalam Pasal 11 dalam Peraturan Pemerintah Republik Indonesia No 96 Tahun 2000 tentang Pendirian Perusahaan Jawatan Rumah Sakit:
(1) Dewan Pengawas mempunyai tugas : a. melakukan pengawasan terhadap pengelolaan PERJAN; b. memberikan nasihat kepada Direksi dalam melaksanakan kegiatan kepengurusan PERJAN. (2) Pengawasan sebagaimana dimaksud dalam ayat (1) huruf a, meliputi pengawasan terhadap : a. pelaksanaan rencana kerja dan anggaran PERJAN; b. pelaksanaan kegiatan kepengurusan PERJAN; c. keadaan keuangan PERJAN. (3) Pengawasan sebagaimana dimaksud dalam ayat (1) huruf a, dilakukan secara berkala dan sewaktu -waktu sesuai dengan kebutuhan. (4) Pengawasan sebagaimana dimaksud dalam ayat (1) huruf a, dilakukan oleh Dewan Pengawas secara bersama -sama atau masing -masing sesuai dengan bidang tugasnya. (5) Pengawasan sebagaimana dimaksud dalam ayat (1) huruf a, dilakukan dengan memperhatikan ketentuan peraturan perundang -undangan yang berlaku. (6) Dewan Pengawas wajib melaporkan hasil pengawasan kepada Menteri Keuangan secara berkala dan sewaktu -waktu sesuai dengan kebutuhan.",0.276923,1.0,0,0.099291,233,8.4875,False,,,,,,,,
qa-test-00055,qa_test,Apa yang tertulis dalam Pasal 20 dalam Peraturan Menteri Kesehatan Republik Indonesia No 16 Tahun 2022?,"Tertulis dalam Pasal 20 dalam Peraturan Menteri Kesehatan Republik Indonesia No 16 Tahun 2022 tentang Tata Cara Penyelenggaraan Produksi Dan/Atau Penggunaan:
(1) Menteri dan Kepala BPOM melakukan pembinaan terhadap pelaksanaan Peraturan Menteri ini sesuai dengan tugas, fungsi, dan kewenangan masing -masing. (2) Pembinaan terhadap pelaksanaan Peraturan Menteri ini oleh Kepala BPOM sebagaimana dima ksud pada ayat (1) dilakukan dalam bidang pengawasan Narkotika.",peraturan menteri|16|2022,3b611632ca4e5f598124c353e4e3af533aff8816168418dd8369bb2c8963c52f,train-00018-of-00021.parquet:17101699,1,137,Azzindani/Indonesian_Regulation_QA,54e65e937f1a8cc87cd0fc55eb944c0a6383efe1,"Tertulis dalam Pasal 20 dalam Peraturan Menteri Kesehatan Republik Indonesia No 16 Tahun 2022 tentang Organisasi Dan Tata Kerja:
(1) Direktorat Pelayanan Medik, Keperawatan, dan Penunjang terdiri atas: a. Bidang Pelayanan Medik; b. Bidang Pelayanan Keperawatan; dan c. Bidang Pelayanan Penunjang. (2) Bidang Pelayanan Medik, Keperawatan, dan Penunjang sebagaimana dimaksud pada ayat (1) terdiri atas kelompok jabatan fungsional.<|im_end|>","Tertulis dalam Pasal 20 dalam Peraturan Menteri Kesehatan Republik Indonesia No 16 Tahun 2022 tentang Organisasi Dan Tata Kerja:
(1) Direktorat Pelayanan Medik, Keperawatan, dan Penunjang terdiri atas: a. Bidang Pelayanan Medik; b. Bidang Pelayanan Keperawatan; dan c. Bidang Pelayanan Penunjang. (2) Bidang Pelayanan Medik, Keperawatan, dan Penunjang sebagaimana dimaksud pada ayat (1) terdiri atas kelompok jabatan fungsional.",0.429752,1.0,0,0.0,102,3.7485,False,,,,,,,,
qa-test-00056,qa_test,Sebutkan semua ketentuan yang ada dalam Pasal 59 dari Peraturan Menteri Pariwisata Dan Ekonomi Kreatif/ No 15 Tahun 2020!,"Redaksional Pasal dalam Pasal 59 dalam Peraturan Menteri Pariwisata Dan Ekonomi Kreatif/ No 15 Tahun 2020 tentang Statuta Politeknik Pariwisata Medan:
Kententuan mengenai p ersyaratan dan tata cara pengangkatan serta pemberhentian Ketua Jurusan diatur dengan Peraturan Direktur.",peraturan menteri|15|2020,3ddc44cd99d7a97ce62cc50f5221a0f779a6f478fdaa6ab672115aece14f946f,train-00016-of-00021.parquet:15144284,1,107,Azzindani/Indonesian_Regulation_QA,54e65e937f1a8cc87cd0fc55eb944c0a6383efe1,"Redaksional Pasal dalam Pasal 59 dalam Peraturan Menteri Pariwisata Dan Ekonomi Kreatif/ No 15 Tahun 2020 tentang Statuta Politeknik Pariwisata Makassar:
(1) Kepala Unit Penunjang diangkat dan diberhentikan oleh Direktur. (2) Masa jabatan Kepala Unit Penunjang selama 4 (empat) tahun dan dapat diangkat kembali untuk 1 (satu) kali masa jabatan.<|im_end|>","Redaksional Pasal dalam Pasal 59 dalam Peraturan Menteri Pariwisata Dan Ekonomi Kreatif/ No 15 Tahun 2020 tentang Statuta Politeknik Pariwisata Makassar:
(1) Kepala Unit Penunjang diangkat dan diberhentikan oleh Direktur. (2) Masa jabatan Kepala Unit Penunjang selama 4 (empat) tahun dan dapat diangkat kembali untuk 1 (satu) kali masa jabatan.",0.505747,1.0,0,0.0,88,3.2586,False,,,,,,,,
qa-test-00057,qa_test,Sampaikan isi hukum dalam Pasal 61 dari Peraturan Pemerintah Republik Indonesia No 34 Tahun 2006!,"Ketentuan hukum dalam Pasal 61 dalam Peraturan Pemerintah Republik Indonesia No 34 Tahun 2006 tentang Jalan:
(1) Penetapan ruas-ruas jalan menurut fungsinya untuk jalan arteri dan jalan kolektor yang menghubungkan antar ibukota provinsi dalam sistem jaringan jalan primer dilakukan secara berkala dengan keputusan Menteri. (2) Penetapan ruas-ruas jalan sebagaimana dimaksud pada ayat (1) dilakukan setelah mendengar pendapat menteri yang menyelenggarakan urusan pemerintahan di bidang lalu lintas dan angkutan jalan sesuai dengan tingkat perkembangan wilayah yang telah dicapai. (3) Penetapan ruas-ruas jalan menurut fungsinya dalam sistem jaringan jalan sekunder, jalan kolektor dalam sistem jaringan jalan primer selain dimaksud pada ayat (1), jalan lokal dalam sistem jaringan jalan primer, serta jalan lingkungan dalam sistem jaringan jalan primer dilakukan secara berkala dengan Keputusan Gubernur. (4) Penetapan ruas-ruas jalan sebagaimana dimaksud pada ayat (3) dilakukan berdasarkan usul bupati/walikota yang bersangkutan dengan memperhatikan keputusan Menteri sebagaimana dimaksud pada ayat (1), keputusan Menteri sebagaimana dimaksud dalam",peraturan pemerintah|34|2006,412bdbb7bdd57cf2047b1e7b6d5c1d27697eb56b8c58fc4b8c119aaa66a5ff21,train-00002-of-00021.parquet:1115407,1,251,Azzindani/Indonesian_Regulation_QA,54e65e937f1a8cc87cd0fc55eb944c0a6383efe1,"Ketentuan hukum dalam Pasal 61 dalam Peraturan Pemerintah Republik Indonesia No 34 Tahun 2006 tentang Perubahan Atas Peraturan Pemerintah Nomor 25 Tahun 2004:
A (1) Dalam hal terjadi perubahan data dan/atau informasi yang berkaitan dengan kegiatan usaha pertambangan sebagaimana dimaksud dalam<|im_end|>","Ketentuan hukum dalam Pasal 61 dalam Peraturan Pemerintah Republik Indonesia No 34 Tahun 2006 tentang Perubahan Atas Peraturan Pemerintah Nomor 25 Tahun 2004:
A (1) Dalam hal terjadi perubahan data dan/atau informasi yang berkaitan dengan kegiatan usaha pertambangan sebagaimana dimaksud dalam",0.233503,1.0,0,0.0,64,2.3769,False,,,,,,,,
qa-test-00058,qa_test,Apa redaksi asli dari Pasal 211 dalam Undang-Undang Republik Indonesia No 17 Tahun 2008?,"Frasa hukum penting dalam Pasal 211 dalam Undang-Undang Republik Indonesia No 17 Tahun 2008 tentang P E L A Y A R A N:
(1) Syahbandar memiliki kewenangan tertinggi melaksanakan koordinasi kegiatan kepabeanan, keimigrasian, kekarantinaan, dan kegiatan institusi pemerintahan lainnya. (2) Koordinasi yang dilaksanakan oleh Syahbandar sebagaimana dimaksud pada ayat (1) dalam rangka pengawasan dan penegakan hukum di bidang keselamatan dan keamanan pelayaran .",undang-undang|17|2008,414d57957efbf308c39a1594ed4f5ae4377f3f905ad8f2bdab1904f6c33b3b95,train-00004-of-00021.parquet:3384988,1,151,Azzindani/Indonesian_Regulation_QA,54e65e937f1a8cc87cd0fc55eb944c0a6383efe1,"Frasa hukum penting dalam Pasal 211 dalam Undang-Undang Republik Indonesia No 17 Tahun 2008 tentang Perubahan Atas Undang-Undang:
A (1) Dalam hal terdapat perbedaan pendapat dalam pengambilan keputusan, keputusan diambil berdasarkan musyawarah untuk mufakat. (2) Dalam hal musyawarah untuk mufakat sebagaimana dimaksud pada ayat (1) tidak tercapai, keputusan diambil berdasarkan suara terbanyak. (3) Keputusan yang diambil berdasarkan suara terbanyak sebagaimana dimaksud pada ayat (2) harus mendapat dukungan sekurang-kurangnya 2/3 (dua per tiga) dari jumlah anggota yang hadir. 21. Ketentuan<|im_end|>","Frasa hukum penting dalam Pasal 211 dalam Undang-Undang Republik Indonesia No 17 Tahun 2008 tentang Perubahan Atas Undang-Undang:
A (1) Dalam hal terdapat perbedaan pendapat dalam pengambilan keputusan, keputusan diambil berdasarkan musyawarah untuk mufakat. (2) Dalam hal musyawarah untuk mufakat sebagaimana dimaksud pada ayat (1) tidak tercapai, keputusan diambil berdasarkan suara terbanyak. (3) Keputusan yang diambil berdasarkan suara terbanyak sebagaimana dimaksud pada ayat (2) harus mendapat dukungan sekurang-kurangnya 2/3 (dua per tiga) dari jumlah anggota yang hadir. 21. Ketentuan",0.353741,1.0,0,0.0,138,5.0365,False,,,,,,,,
qa-test-00059,qa_test,Kutipan isi Pasal 18 menurut Peraturan Menteri Keuangan Republik Indonesia No 107 Tahun 1945 berbunyi apa?,"Kutipan isi Pasal berbunyi: Pasal 18 dalam Peraturan Menteri Keuangan Republik Indonesia No 107 Tahun 1945 tentang Penerbitan Dan Penjualan Surat Berharga Syariah Negara:
ayat (1), Direktur Jenderal dapat menerima seluruh, menerima sebagian, atau membatalkan hasil kesepakatan yang telah dituangkan dalam dokumen kesepakatan sebagaimana dimaksud dalam",peraturan menteri|107|1945,41d0178459678cc36bf73c505f58c28d29be27d93c59e67bee3876cbe1e963f9,train-00018-of-00021.parquet:17515042,1,116,Azzindani/Indonesian_Regulation_QA,54e65e937f1a8cc87cd0fc55eb944c0a6383efe1,"Kutipan isi Pasal berbunyi: Pasal 18 dalam Peraturan Menteri Keuangan Republik Indonesia No 107 Tahun 1945 tentang Tarif Layanan Badan Layanan Umum:
(1) Tarif penggunaan lahan, ruangan, dan gedung sebagaimana dimaksud dalam<|im_end|>","Kutipan isi Pasal berbunyi: Pasal 18 dalam Peraturan Menteri Keuangan Republik Indonesia No 107 Tahun 1945 tentang Tarif Layanan Badan Layanan Umum:
(1) Tarif penggunaan lahan, ruangan, dan gedung sebagaimana dimaksud dalam",0.564103,1.0,0,0.0,52,1.9363,False,,,,,,,,
qa-test-00060,qa_test,Sebutkan ketentuan resmi dari Pasal 4 menurut Undang- Undang Republik Indonesia No 23 Tahun 2013!,"Bacaan isi hukum Pasal berdasarkan Pasal 4 dalam Undang- Undang Republik Indonesia No 23 Tahun 2013 tentang Anggaran Pendapatan Dan Belanja Negara:
(1) Penerimaan Perpajakan sebagaimana dimaksud dalam",answer:43320b293dffd0bf2fe1b6387e5fb7d127af9f074c70a9d0cac3ca4b29044927,43320b293dffd0bf2fe1b6387e5fb7d127af9f074c70a9d0cac3ca4b29044927,train-00004-of-00021.parquet:3130939,1,85,Azzindani/Indonesian_Regulation_QA,54e65e937f1a8cc87cd0fc55eb944c0a6383efe1,"Bacaan isi hukum Pasal berdasarkan Pasal 4 dalam Undang- Undang Republik Indonesia No 23 Tahun 2013 tentang Anggaran Pendapatan Dan Belanja Negara:
(1) Penerimaan Negara Bukan Pajak sebagaimana dimaksud dalam<|im_end|>","Bacaan isi hukum Pasal berdasarkan Pasal 4 dalam Undang- Undang Republik Indonesia No 23 Tahun 2013 tentang Anggaran Pendapatan Dan Belanja Negara:
(1) Penerimaan Negara Bukan Pajak sebagaimana dimaksud dalam",0.931034,1.0,0,0.0,47,1.7554,False,,,,,,,,
qa-test-00061,qa_test,Uraikan teks hukum dari Pasal 14 menurut Peraturan Menteri Pendidikan Dan Kebudayaan No 34 Tahun 2019!,"Teks hukum dari Pasal 14 dalam Peraturan Menteri Pendidikan Dan Kebudayaan No 34 Tahun 2019 tentang Tata Edar, Pertunjukan, Ekspor, D An Impor Film:
. (2) Dalam hal Menteri belum dapat memenuhi ketentuan sebagaimana dimaksud pada ayat (1) maka Pelaku Usaha Pertunjukan Film tidak wajib memenuhi ketentuan sebagaimana dimaksud dalam",peraturan menteri|34|2019,44d6358330aee9076ac2d9f47b8dd4f5d50e41aaeca9fdc9d8054ea9dbee3441,train-00013-of-00021.parquet:12142648,1,114,Azzindani/Indonesian_Regulation_QA,54e65e937f1a8cc87cd0fc55eb944c0a6383efe1,"Teks hukum dari Pasal 14 dalam Peraturan Menteri Pendidikan Dan Kebudayaan No 34 Tahun 2019 tentang Pedoman Penyelesaian Kerugian Negara Terhadap Pegawai:
(1) Dalam hal hasil pemeriksaan sebagaimana dimaksud dalam<|im_end|>","Teks hukum dari Pasal 14 dalam Peraturan Menteri Pendidikan Dan Kebudayaan No 34 Tahun 2019 tentang Pedoman Penyelesaian Kerugian Negara Terhadap Pegawai:
(1) Dalam hal hasil pemeriksaan sebagaimana dimaksud dalam",0.556962,1.0,0,0.0,48,1.7941,False,,,,,,,,
qa-test-00062,qa_test,"Apa saja elemen/komponen yang dibahas dalam Pasal 54 dari Peraturan Menteri Pendidikan , Kebudayaan, Riset, Dan Teknologi No 21 Tahun 2024?","Isi resmi sebagaimana tercatat dalam Pasal 54 dalam Peraturan Menteri Pendidikan , Kebudayaan, Riset, Dan Teknologi No 21 Tahun 2024 tentang Organisasi Dan Tata Kerja Universitas Tanjungpura:
Dalam melaksanakan tugas sebagaimana dimaksud dalam",peraturan menteri|21|2024,45353373e4b99a8b948599e286f1efa88583df5a3164bb43becff1709d311fe9,train-00021-of-00021.parquet:20214060,1,100,Azzindani/Indonesian_Regulation_QA,54e65e937f1a8cc87cd0fc55eb944c0a6383efe1,"Isi resmi sebagaimana tercatat dalam Pasal 54 dalam Peraturan Menteri Pendidikan , Kebudayaan, Riset, Dan Teknologi No 21 Tahun 2024 tentang Perubahan Atas Peraturan Menteri Pendidikan, Kebudayaan,:
diubah sehingga berbunyi sebagai berikut:<|im_end|>","Isi resmi sebagaimana tercatat dalam Pasal 54 dalam Peraturan Menteri Pendidikan , Kebudayaan, Riset, Dan Teknologi No 21 Tahun 2024 tentang Perubahan Atas Peraturan Menteri Pendidikan, Kebudayaan,:
diubah sehingga berbunyi sebagai berikut:",0.634921,1.0,0,0.0,51,1.9021,False,,,,,,,,
qa-test-00063,qa_test,Apa saja hal yang dijelaskan dalam Pasal 11 dari Peraturan Menter! Keuangan Republik Indonesia No nan Tahun 2014?,"Berikut adalah isi hukum dari Pasal 11 dalam Peraturan Menter! Keuangan Republik Indonesia No nan Tahun 2014 tentang Tata Cara Penundaan Dan/Atau Pemotongan Dana Perimbangan:
(1) Penundaan DAU dan/atau DBH sebagaimana dimaksud dalam",answer:46402464ba18388f42a2ea3ac95f08b7802d6cc3131a01278ec10f186d7d862d,46402464ba18388f42a2ea3ac95f08b7802d6cc3131a01278ec10f186d7d862d,train-00007-of-00021.parquet:6879061,1,101,Azzindani/Indonesian_Regulation_QA,54e65e937f1a8cc87cd0fc55eb944c0a6383efe1,"Berikut adalah isi hukum dari Pasal 11 dalam Peraturan Menter! Keuangan Republik Indonesia No nan Tahun 2014 tentang Tata Cara Pelaksanaan:
(1) Dalam hal terdapat perubahan atas jumlah dan/ atau jenis barang dan/ atau jasa yang akan diserahkan kepada Pemerintah Daerah, perubahan tersebut harus mendapat persetujuan dari Menteri Keuangan. (2) Perubahan sebagaimana dimaksud pada ayat (1) dapat dilakukan dalam hal: a. terdapat perubahan atas jumlah dan/ atau jenis barang dan/ atau jasa yang akan diserahkan kepada Pemerintah Daerah; dan/ atau b. terdapat perubahan atas besaran nilai barang dan/ atau jasa yang akan diserahkan kepada Pemerintah Daerah. (3) Perubahan sebagaimana dimaksud pada ayat (1) dapat dilakukan dalam hal: a. terdapat perubahan atas jumlah dan/ atau jenis barang dan/ atau jasa yang akan diserahkan kepada Pemerintah Daerah; dan/ atau b. terdapat perubahan atas besaran nilai barang dan/ atau jasa yang akan diserahkan kepada Pemerintah Daerah. (4) Perubahan sebagaimana dimaksud pada ayat (1) dapat dilakukan dalam hal: a. terdapat perubahan atas jumlah dan/ atau jenis barang dan/ atau jasa yang akan diserahkan kepada Pemerintah Daerah; dan/ atau b. terdapat perubahan atas besaran nilai barang dan/ atau jasa","Berikut adalah isi hukum dari Pasal 11 dalam Peraturan Menter! Keuangan Republik Indonesia No nan Tahun 2014 tentang Tata Cara Pelaksanaan:
(1) Dalam hal terdapat perubahan atas jumlah dan/ atau jenis barang dan/ atau jasa yang akan diserahkan kepada Pemerintah Daerah, perubahan tersebut harus mendapat persetujuan dari Menteri Keuangan. (2) Perubahan sebagaimana dimaksud pada ayat (1) dapat dilakukan dalam hal: a. terdapat perubahan atas jumlah dan/ atau jenis barang dan/ atau jasa yang akan diserahkan kepada Pemerintah Daerah; dan/ atau b. terdapat perubahan atas besaran nilai barang dan/ atau jasa yang akan diserahkan kepada Pemerintah Daerah. (3) Perubahan sebagaimana dimaksud pada ayat (1) dapat dilakukan dalam hal: a. terdapat perubahan atas jumlah dan/ atau jenis barang dan/ atau jasa yang akan diserahkan kepada Pemerintah Daerah; dan/ atau b. terdapat perubahan atas besaran nilai barang dan/ atau jasa yang akan diserahkan kepada Pemerintah Daerah. (4) Perubahan sebagaimana dimaksud pada ayat (1) dapat dilakukan dalam hal: a. terdapat perubahan atas jumlah dan/ atau jenis barang dan/ atau jasa yang akan diserahkan kepada Pemerintah Daerah; dan/ atau b. terdapat perubahan atas besaran nilai barang dan/ atau jasa",0.255708,1.0,0,0.519553,256,9.2854,True,,,,,,,,
qa-test-00064,qa_test,Apa saja hal yang dijelaskan dalam Pasal 4 dari Undang-Undang Republik Indonesia No 44 Tahun 2008?,"Berikut adalah isi hukum dari Pasal 4 dalam Undang-Undang Republik Indonesia No 44 Tahun 2008 tentang Pornografi:
.",undang-undang|44|2008,468f878175149682ae7e1bff9833d8131d9fc955497f830e8cfae5687766beef,train-00003-of-00021.parquet:2883861,1,71,Azzindani/Indonesian_Regulation_QA,54e65e937f1a8cc87cd0fc55eb944c0a6383efe1,"Berikut adalah isi hukum dari Pasal 4 dalam Undang-Undang Republik Indonesia No 44 Tahun 2008 tentang Pembentukan Kabupaten Buton Utara:
Cukup jelas.<|im_end|>","Berikut adalah isi hukum dari Pasal 4 dalam Undang-Undang Republik Indonesia No 44 Tahun 2008 tentang Pembentukan Kabupaten Buton Utara:
Cukup jelas.",0.829268,1.0,0,0.0,39,1.4678,False,,,,,,,,
qa-test-00065,qa_test,Berikan isi dokumen dari Pasal 3 dalam Peraturan Menteri Pemuda Dan Olahraga No 3 Tahun 2024!,"Isi dokumen dari Pasal 3 dalam Peraturan Menteri Pemuda Dan Olahraga No 3 Tahun 2024 tentang Tata Cara Pemberian Rekomendasi:
ayat (2) huruf h diterbitkan oleh Menteri dalam rangka pengajuan permohonan pemberian kewarganegaraan Republik Indonesia bagi olahragawan warga negara asing dan/atau tenaga Keolahragaan warga negara asing yang telah berjasa kepada Negara Republik Indonesia atau dengan alasan kepentingan negara. (2) Tata cara pemberian Rekomendasi sebagaimana dimaksud pada ayat (1) dilaksanakan sesuai dengan ketentuan peraturan perundang -undangan.",peraturan menteri|3|2024,46c35a0193189076bfde9f1b93da5817b5d402940f1789609815c19467dd4acc,train-00020-of-00021.parquet:19545345,1,148,Azzindani/Indonesian_Regulation_QA,54e65e937f1a8cc87cd0fc55eb944c0a6383efe1,"Isi dokumen dari Pasal 3 dalam Peraturan Menteri Pemuda Dan Olahraga No 3 Tahun 2024 tentang Tata Cara Pengangkatan Pegawai Negeri Sipil Dalam Jabatan:
(1) Pengangkatan PNS dalam Jabatan Fungsional Pelatih Olahraga melalui Penyesuaian/ Inpassing sebagaimana dimaksud dalam<|im_end|>","Isi dokumen dari Pasal 3 dalam Peraturan Menteri Pemuda Dan Olahraga No 3 Tahun 2024 tentang Tata Cara Pengangkatan Pegawai Negeri Sipil Dalam Jabatan:
(1) Pengangkatan PNS dalam Jabatan Fungsional Pelatih Olahraga melalui Penyesuaian/ Inpassing sebagaimana dimaksud dalam",0.385965,1.0,0,0.0,64,2.368,False,,,,,,,,
qa-test-00066,qa_test,Apa saja poin yang tercantum dalam Pasal 9 dalam Peraturan Pemerintah Republik Indonesia No 6 Tahun 2021?,"Berikut kutipan verbatim dari Pasal 9 dalam Peraturan Pemerintah Republik Indonesia No 6 Tahun 2021 tentang Pajak Daerah Dan Retribusi Daerah Dalam Rangka Mendukung:
huruf b dilakukan oleh gubernur, Menteri Dalam Negeri, dan Menteri Keuangan. (2) Rancangan Perda kabupaten/kota mengenai Pajak dan Retribusi yang telah disetujui bersama oleh DPRD kabupaten/kota dan bupati/wali kota sebelum ditetapkan wajib disampaikan kepada gubernur, Menteri Dalam Negeri, dan Menteri Keuangan paling lama 3 (tiga) hari kerja terhitung sejak tanggal persetujuan. (3) Rancangan Perda kabupaten/kota mengenai Pajak dan Retribusi sebagaimana dimaksud pada ayat (2) disampaikan bupati/wali kota melalui surat permohonan evaluasi dengan paling sedikit melampirkan: a. latar belakang dan penjelasan paling sedikit memuat: 1. dasar pertimbangan penetapan tarif Pajak dan Retribusi; 2. proyeksi penerimaan Pajak dan R etribusi berdasarkan potensi; dan 3. dampak terhadap kemudahan berusaha, dan b. berita acara/naskah persetujuan bersama antara DPRD kabupaten/kota dan bupati/wali kota.",peraturan pemerintah|6|2021,47584bff69f77f7f4c7f1b743ca20bb3d7f57e2668e80df902547ae71992e190,train-00016-of-00021.parquet:15230383,1,268,Azzindani/Indonesian_Regulation_QA,54e65e937f1a8cc87cd0fc55eb944c0a6383efe1,"Berikut kutipan verbatim dari Pasal 9 dalam Peraturan Pemerintah Republik Indonesia No 6 Tahun 2021 tentang Penyelenggaraan Bidang Pelayaran:
ayat (1) huruf a dilakukan oleh: a. Pemerintah Pusat; b. Pemerintah Daerah; dan/atau c. badan usaha. (2) Penyelenggaraan prasarana dan sarana Pelayaran sebagaimana dimaksud pada ayat (1) dilakukan untuk: a. mendukung kegiatan Pelayaran; b. mendukung kegiatan usaha Pelayaran; dan/atau c. mendukung kegiatan jasa Pelayaran. (3) Penyelenggaraan prasarana dan sarana Pelayaran sebagaimana dimaksud pada ayat (1) dilakukan sesuai dengan ketentuan peraturan perundang -undangan.<|im_end|>","Berikut kutipan verbatim dari Pasal 9 dalam Peraturan Pemerintah Republik Indonesia No 6 Tahun 2021 tentang Penyelenggaraan Bidang Pelayaran:
ayat (1) huruf a dilakukan oleh: a. Pemerintah Pusat; b. Pemerintah Daerah; dan/atau c. badan usaha. (2) Penyelenggaraan prasarana dan sarana Pelayaran sebagaimana dimaksud pada ayat (1) dilakukan untuk: a. mendukung kegiatan Pelayaran; b. mendukung kegiatan usaha Pelayaran; dan/atau c. mendukung kegiatan jasa Pelayaran. (3) Penyelenggaraan prasarana dan sarana Pelayaran sebagaimana dimaksud pada ayat (1) dilakukan sesuai dengan ketentuan peraturan perundang -undangan.",0.309013,1.0,0,0.076923,143,5.2148,False,,,,,,,,
qa-test-00067,qa_test,"Menurut Peraturan Pemerintah Republik Indonesia No 72 Tahun 2009, apa yang diatur dalam Pasal 16?","Rumusan Pasal berdasarkan Pasal 16 dalam Peraturan Pemerintah Republik Indonesia No 72 Tahun 2009 tentang Lalu Lintas Dan Angkutan Kereta Api:
Cukup jelas.",peraturan pemerintah|72|2009,48f41bd29597932f5dfdbef8640b1b75672e704f7ce6f690b3f4a8eabf804558,train-00001-of-00021.parquet:176881,1,81,Azzindani/Indonesian_Regulation_QA,54e65e937f1a8cc87cd0fc55eb944c0a6383efe1,"Rumusan Pasal berdasarkan Pasal 16 dalam Peraturan Pemerintah Republik Indonesia No 72 Tahun 2009 tentang Jenis Dan Tarif Atas Jenis Penerimaan Negara Bukan Pajak:
Cukup jelas.<|im_end|>","Rumusan Pasal berdasarkan Pasal 16 dalam Peraturan Pemerintah Republik Indonesia No 72 Tahun 2009 tentang Jenis Dan Tarif Atas Jenis Penerimaan Negara Bukan Pajak:
Cukup jelas.",0.734694,1.0,0,0.0,43,1.6108,False,,,,,,,,
qa-test-00068,qa_test,Apa saja poin yang tercantum dalam Pasal 48 dalam Peraturan Menteri Perdagangan Republik Indonesia No 3 Tahun 2024?,"Berikut kutipan verbatim dari Pasal 48 dalam Peraturan Menteri Perdagangan Republik Indonesia No 3 Tahun 2024 tentang Perubahan Atas Peraturan Menteri Perdagangan Nomor 36:
disis ipkan 1 (satu) ayat, yakni ayat (2a) sehingga",peraturan menteri|3|2024,494dc10dee2b3063f0cdc9891f135d1469624f0258e8ceba47d2cebfaa2ae32d,train-00020-of-00021.parquet:19859258,1,99,Azzindani/Indonesian_Regulation_QA,54e65e937f1a8cc87cd0fc55eb944c0a6383efe1,"Berikut kutipan verbatim dari Pasal 48 dalam Peraturan Menteri Perdagangan Republik Indonesia No 3 Tahun 2024 tentang Besaran, Persyaratan, Dan Tata Cara Pengenaan Tarif:
(1) Tarif atas jenis PNBP yang berasal dari jasa layanan pendidikan sebagaimana dimaksud dalam<|im_end|>","Berikut kutipan verbatim dari Pasal 48 dalam Peraturan Menteri Perdagangan Republik Indonesia No 3 Tahun 2024 tentang Besaran, Persyaratan, Dan Tata Cara Pengenaan Tarif:
(1) Tarif atas jenis PNBP yang berasal dari jasa layanan pendidikan sebagaimana dimaksud dalam",0.535211,1.0,0,0.0,60,2.2255,False,,,,,,,,
qa-test-00069,qa_test,Tulis isi hukum dari Pasal 18 dalam Keputusan Gubernur Propinsi Daerah Khusus Ibukota Jakarta No 64 Tahun 2001!,"Isi hukum dari Pasal 18 dalam Keputusan Gubernur Propinsi Daerah Khusus Ibukota Jakarta No 64 Tahun 2001 tentang Petunjuk Teknis Pemungutan Retribusi Monumen Nasional:
Permohonan keberatan atas ketetapan retribusi monumen nasional terutang sebagaimana dimaksud pada",keputusan gubernur|64|2001,495ac2a3e1ce0884d34ccb4290f526df4902e23b1dadff45c015552bd7884342,train-00012-of-00021.parquet:11758693,1,108,Azzindani/Indonesian_Regulation_QA,54e65e937f1a8cc87cd0fc55eb944c0a6383efe1,"Isi hukum dari Pasal 18 dalam Keputusan Gubernur Propinsi Daerah Khusus Ibukota Jakarta No 64 Tahun 2001 tentang Pedoman Pembentukan, Penghapusan Dan/Atau:
(1) Dalam hal terjadi perubahan nama Desa, nama kelurahan, nama kecamatan, nama kelurahan dan nama kecamatan sebagaimana dimaksud dalam<|im_end|>","Isi hukum dari Pasal 18 dalam Keputusan Gubernur Propinsi Daerah Khusus Ibukota Jakarta No 64 Tahun 2001 tentang Pedoman Pembentukan, Penghapusan Dan/Atau:
(1) Dalam hal terjadi perubahan nama Desa, nama kelurahan, nama kecamatan, nama kelurahan dan nama kecamatan sebagaimana dimaksud dalam",0.519481,1.0,0,0.0,71,2.6202,False,,,,,,,,
qa-test-00070,qa_test,Tulis isi hukum dari Pasal 26 dalam Nomor 11 Tahun 201 4 No 11 Tahun 1945!,"Isi hukum dari Pasal 26 dalam Nomor 11 Tahun 201 4 No 11 Tahun 1945 tentang Penyelenggaraan Pendidikan:
Dalam penyelenggaraan pendidikan bidang penjaminan dan pengendalian mutu pendidikan sebagaimana dimaksud dalam",answer:4a9d040a1a313dd886dca2274c30e0b175c81e5cc028a85abc631268404caec6,4a9d040a1a313dd886dca2274c30e0b175c81e5cc028a85abc631268404caec6,train-00009-of-00021.parquet:8608543,1,98,Azzindani/Indonesian_Regulation_QA,54e65e937f1a8cc87cd0fc55eb944c0a6383efe1,"Isi hukum dari Pasal 26 dalam Nomor 11 Tahun 201 4 No 11 Tahun 1945 tentang Penyelenggaraan Pendidikan:
Cukup jelas.<|im_end|>","Isi hukum dari Pasal 26 dalam Nomor 11 Tahun 201 4 No 11 Tahun 1945 tentang Penyelenggaraan Pendidikan:
Cukup jelas.",0.72,1.0,0,0.0,41,1.5354,False,,,,,,,,
qa-test-00071,qa_test,Kutipan isi Pasal 58 menurut Ng-Undang Republik Indonesia No 8 Tahun 2010 berbunyi apa?,"Kutipan isi Pasal berbunyi: Pasal 58 dalam Ng-Undang Republik Indonesia No 8 Tahun 2010 tentang Pencegahan Dan Pemberantasan Tindak Pidana Pencucian Uang:
Cukup jelas.",answer:4cbd5efa1dd825d75df0254ab3f0d939909b60a9130a0b6320d18fadab9ca348,4cbd5efa1dd825d75df0254ab3f0d939909b60a9130a0b6320d18fadab9ca348,train-00003-of-00021.parquet:2612717,1,89,Azzindani/Indonesian_Regulation_QA,54e65e937f1a8cc87cd0fc55eb944c0a6383efe1,"Kutipan isi Pasal berbunyi: Pasal 58 dalam Ng-Undang Republik Indonesia No 8 Tahun 2010 tentang Pencegahan Dan Pemberantasan Tindak Pidana Pencucian Uang:
Cukup jelas.<|im_end|>","Kutipan isi Pasal berbunyi: Pasal 58 dalam Ng-Undang Republik Indonesia No 8 Tahun 2010 tentang Pencegahan Dan Pemberantasan Tindak Pidana Pencucian Uang:
Cukup jelas.",1.0,1.0,0,0.0,49,1.8284,False,,,,,,,,
qa-test-00072,qa_test,"Menurut Peraturan Pemerintah Repubuk Indonesia No 12 Tahun 2018, apa yang diatur dalam Pasal 133?","Rumusan Pasal berdasarkan Pasal 133 dalam Peraturan Pemerintah Repubuk Indonesia No 12 Tahun 2018 tentang Pedoman Penyusunan Tata Tertib Dewan Perwaislan Raiffat:
Sekretaris DPRD provinsi wajib melaporkan kepada Menteri melalui gubemur sebagai wakil Pemerintah Pusat status hukum anggota DPRD provinsi yang terlibat dalam kasus tindak pidana. Sekretaris DPRD kabupaten/kota wajib melaporkan kepada gubernur sebagai wakil Pemerintah Pusat melalui bupati/wali kota status hukum anggota DPRD kabupaten/kota yang terlibat dalam kasus tindak pidana dengan tembusan disampaikan kepada Menteri. BAB )(V KEf,ENTUAN PENUTUP",peraturan pemerintah|12|2018,4d86365b87476d71b4b85d259c2862bf25aabb51a764254d8b7024f15e16a0f7,train-00001-of-00021.parquet:626731,1,169,Azzindani/Indonesian_Regulation_QA,54e65e937f1a8cc87cd0fc55eb944c0a6383efe1,"Rumusan Pasal berdasarkan Pasal 133 dalam Peraturan Pemerintah Repubuk Indonesia No 12 Tahun 2018 tentang Penelitian, Pengujian, Dan Pengendalian:
Cukup jelas.<|im_end|>","Rumusan Pasal berdasarkan Pasal 133 dalam Peraturan Pemerintah Repubuk Indonesia No 12 Tahun 2018 tentang Penelitian, Pengujian, Dan Pengendalian:
Cukup jelas.",0.285714,1.0,0,0.0,43,1.6045,False,,,,,,,,
qa-test-00073,qa_test,Berikan isi dokumen dari Pasal 15 dalam Peraturan Menteri Pendayagunaan Aparatur Negara Dan No 19 Tahun 2022!,"Isi dokumen dari Pasal 15 dalam Peraturan Menteri Pendayagunaan Aparatur Negara Dan No 19 Tahun 2022 tentang Jabatan Fungsional Asisten Penyuluh Perikanan:
(1) Pengangkatan dalam J abatan Fungsional Asisten Penyuluh Perikanan melalui perpindahan dari jabatan lain sebagaimana dimaksud dalam",peraturan menteri|19|2022,4e10f545a19390f7cbad046ff6ebd17b3a34a76c22b9c8a4bad9fe3e9e27d641,train-00018-of-00021.parquet:17183070,1,115,Azzindani/Indonesian_Regulation_QA,54e65e937f1a8cc87cd0fc55eb944c0a6383efe1,"Isi dokumen dari Pasal 15 dalam Peraturan Menteri Pendayagunaan Aparatur Negara Dan No 19 Tahun 2022 tentang Pengadaan Pegawai Pemerintah Dengan Perjanjian Kerja:
(1) Pengumuman lowongan sebagaimana dimaksud dalam<|im_end|>","Isi dokumen dari Pasal 15 dalam Peraturan Menteri Pendayagunaan Aparatur Negara Dan No 19 Tahun 2022 tentang Pengadaan Pegawai Pemerintah Dengan Perjanjian Kerja:
(1) Pengumuman lowongan sebagaimana dimaksud dalam",0.617647,1.0,0,0.0,51,1.9015,False,,,,,,,,
qa-test-00074,qa_test,Sampaikan isi hukum dalam Pasal 34 dari Peraturan Menteri Sosial Republik Indonesia No 25 Tahun 2017!,"Ketentuan hukum dalam Pasal 34 dalam Peraturan Menteri Sosial Republik Indonesia No 25 Tahun 2017 tentang Lembaga Konsultasi Kesejahteraan Keluarga:
huruf b paling sedikit terdiri atas: a. alat tulis kantor; b. peralatan kantor; c. papan kegiatan; d. papan data; dan e. papan str uktur organisasi.",peraturan menteri|25|2017,4eb48671503ef75486b587a6bcaea10700c4a9f4699be27f45f25b6c532998b1,train-00006-of-00021.parquet:5900507,1,113,Azzindani/Indonesian_Regulation_QA,54e65e937f1a8cc87cd0fc55eb944c0a6383efe1,"Ketentuan hukum dalam Pasal 34 dalam Peraturan Menteri Sosial Republik Indonesia No 25 Tahun 2017 tentang Standar Nasional Rehabilitasi Sosial:
(1) Rehabilitasi Sosial melalui kegiatan sebagaimana dimaksud dalam<|im_end|>","Ketentuan hukum dalam Pasal 34 dalam Peraturan Menteri Sosial Republik Indonesia No 25 Tahun 2017 tentang Standar Nasional Rehabilitasi Sosial:
(1) Rehabilitasi Sosial melalui kegiatan sebagaimana dimaksud dalam",0.465753,1.0,0,0.0,46,1.7212,False,,,,,,,,
qa-test-00075,qa_test,"Menurut Peraturan Perpajakan (Lembaran Negara Republik No 38 Tahun 2023, apa yang diatur dalam Pasal 9?","Rumusan Pasal berdasarkan Pasal 9 dalam Peraturan Perpajakan (Lembaran Negara Republik No 38 Tahun 2023 tentang Pajak Pertambahan Nilai Atas Penyerahan Kendaraan Bermotor:
Direktur Jenderal Pajak dapat menagih Pajak Pertambahan Nilai yang terutang, jika diperoleh data/informasi yang menu njukkan: a. KBL Berbasis Baterai Roda Empat Tertentu dan KBL Berbasis Baterai Bus Tertentu yang diserahkan: 1. tidak termasuk KBL Berbasis Baterai Roda Empat Tertentu dan KBL Berbasis Baterai Bus Tertentu ditanggung Pemerintah sebagaimana dimaksud dalam",answer:4f92ea78c7972a9ce0dc17e11d4698a40fd92e230c9930dd0b5f172558c8527f,4f92ea78c7972a9ce0dc17e11d4698a40fd92e230c9930dd0b5f172558c8527f,train-00020-of-00021.parquet:19801581,1,173,Azzindani/Indonesian_Regulation_QA,54e65e937f1a8cc87cd0fc55eb944c0a6383efe1,"Rumusan Pasal berdasarkan Pasal 9 dalam Peraturan Perpajakan (Lembaran Negara Republik No 38 Tahun 2023 tentang Pajak Pertambahan Nilai Atas Penyerahan Kendaraan Bermotor:
ayat (1) huruf a, huruf b, huruf c, huruf d, huruf e, huruf f, huruf g, huruf h, huruf i, huruf j, huruf k, huruf 1, huruf m, huruf n, huruf o, huruf p, huruf q, huruf r, huruf s, huruf t, huruf u, huruf v, huruf w, huruf x, huruf y, huruf z, huruf aa, huruf ab, huruf ac, huruf ad, huruf ae, huruf af, huruf ag, huruf ah, huruf ai, huruf aj, huruf ak, huruf al, huruf am, huruf an, huruf ao, huruf ap, huruf aq, huruf ar, huruf as, huruf at, huruf au, huruf av, huruf aw, huruf ax, huruf ay, huruf az, huruf ba, huruf bb, huruf bc, huruf bd, huruf be, huruf bf, huruf bg, huruf bh, huruf bi, huruf bj, huruf bk, huruf bl, huruf bm, huruf bn, huruf bo, huruf bp, huruf bq,","Rumusan Pasal berdasarkan Pasal 9 dalam Peraturan Perpajakan (Lembaran Negara Republik No 38 Tahun 2023 tentang Pajak Pertambahan Nilai Atas Penyerahan Kendaraan Bermotor:
ayat (1) huruf a, huruf b, huruf c, huruf d, huruf e, huruf f, huruf g, huruf h, huruf i, huruf j, huruf k, huruf 1, huruf m, huruf n, huruf o, huruf p, huruf q, huruf r, huruf s, huruf t, huruf u, huruf v, huruf w, huruf x, huruf y, huruf z, huruf aa, huruf ab, huruf ac, huruf ad, huruf ae, huruf af, huruf ag, huruf ah, huruf ai, huruf aj, huruf ak, huruf al, huruf am, huruf an, huruf ao, huruf ap, huruf aq, huruf ar, huruf as, huruf at, huruf au, huruf av, huruf aw, huruf ax, huruf ay, huruf az, huruf ba, huruf bb, huruf bc, huruf bd, huruf be, huruf bf, huruf bg, huruf bh, huruf bi, huruf bj, huruf bk, huruf bl, huruf bm, huruf bn, huruf bo, huruf bp, huruf bq,",0.210084,1.0,0,0.0,256,9.3336,True,,,,,,,,
qa-test-00076,qa_test,Tunjukkan kutipan teks dari Pasal 7 menurut Peraturan Menteri Perhubungan Republik Indonesia No 60 Tahun 2020!,"Kutipan isi Pasal sesuai teks asli dalam Pasal 7 dalam Peraturan Menteri Perhubungan Republik Indonesia No 60 Tahun 2020 tentang Pengawasan Prasarana Dan Sarana Perkeretaapian:
(1) Penyelenggara Prasarana Perkeretaapian sebagaimana dimaksud dalam",peraturan menteri|60|2020,4fe8a5a7d1ec260629bc88b32cdb17835e68ec3248d525a05d8dfff433349bea,train-00016-of-00021.parquet:15728812,1,102,Azzindani/Indonesian_Regulation_QA,54e65e937f1a8cc87cd0fc55eb944c0a6383efe1,"Kutipan isi Pasal sesuai teks asli dalam Pasal 7 dalam Peraturan Menteri Perhubungan Republik Indonesia No 60 Tahun 2020 tentang Perubahan Kedua Atas Peraturan Menteri Perhubungan Nomor:
diubah sehingga berbunyi sebagai berikut:<|im_end|>","Kutipan isi Pasal sesuai teks asli dalam Pasal 7 dalam Peraturan Menteri Perhubungan Republik Indonesia No 60 Tahun 2020 tentang Perubahan Kedua Atas Peraturan Menteri Perhubungan Nomor:
diubah sehingga berbunyi sebagai berikut:",0.625,1.0,0,0.0,49,1.8411,False,,,,,,,,
qa-test-00077,qa_test,Apa redaksi asli dari Pasal 69 dalam Peraturan Pemerintah No 1 Tahun 2014?,"Frasa hukum penting dalam Pasal 69 dalam Peraturan Pemerintah No 1 Tahun 2014 tentang Pemilihan Gubernur , Bupa Ti, Dan Walikota:
huruf g, huruf h, huruf i, atau huruf j dipidana dengan pidana penjar a paling singkat 1 (sa tu) bulan atau paling lama 6 (enam) bulan dan/atau denda paling sedikit Rp100.000,00 (seratus ribu rupiah) atau paling banyak Rp1.000.000,00 (satu juta rupiah). (4) Setiap orang yang dengan sengaja mengacaukan, menghalangi, atau mengganggu jalannya Kampanye, dipidana dengan pidana penjara paling singkat 1 (satu) bulan atau paling lama 6 (enam) bulan dan/atau denda paling sedikit Rp600.000,00 (enam ratus ribu ruplah) atau paling banyak Rp6.000.000,00 (enam juta rupiah). (5) Setiap orang yang me mberi atau menerima dana Kampanye melebihi batas yang ditentukan sebagaimana dimaksud dalam",peraturan pemerintah|1|2014,54d2a510d00dfe024ac902c7531f3a1825fe3fd6e4904c4f82a613c25ad5ce09,train-00001-of-00021.parquet:215913,1,271,Azzindani/Indonesian_Regulation_QA,54e65e937f1a8cc87cd0fc55eb944c0a6383efe1,"Frasa hukum penting dalam Pasal 69 dalam Peraturan Pemerintah No 1 Tahun 2014 tentang Peraturan Pelaksanaan Undang-Undang Nomor 15 Tahun 1997:
Cukup jelas.<|im_end|>","Frasa hukum penting dalam Pasal 69 dalam Peraturan Pemerintah No 1 Tahun 2014 tentang Peraturan Pelaksanaan Undang-Undang Nomor 15 Tahun 1997:
Cukup jelas.",0.178344,1.0,0,0.0,45,1.6901,False,,,,,,,,
qa-test-00078,qa_test,Tunjukkan kutipan teks dari Pasal 55 menurut Peraturan Pemerintah Republik Indonesia No 76 Tahun 2008!,"Kutipan isi Pasal sesuai teks asli dalam Pasal 55 dalam Peraturan Pemerintah Republik Indonesia No 76 Tahun 2008 tentang Rehabilitasi Dan Reklamasi Hutan:
ditindaklanjuti oleh pelaksana rehabilitasi dan reklamasi hutan. (2) Pelaksana rehabilitasi dan reklamasi hutan melaporkan pelaksanaan hasil pengendalian kepada Menteri, gubernur, dan bupati/walikota.",peraturan pemerintah|76|2008,56a8b817f3745f5b2cc8238fc96b91124bfa046ef8a975d09305db270866d592,train-00001-of-00021.parquet:139487,1,121,Azzindani/Indonesian_Regulation_QA,54e65e937f1a8cc87cd0fc55eb944c0a6383efe1,"Kutipan isi Pasal sesuai teks asli dalam Pasal 55 dalam Peraturan Pemerintah Republik Indonesia No 76 Tahun 2008 tentang Perubahan Atas Peraturan Pemerintah Nomor 23 Tahun 2005:
A (1) Dalam hal hasil pemeriksaan sebagaimana dimaksud dalam<|im_end|>","Kutipan isi Pasal sesuai teks asli dalam Pasal 55 dalam Peraturan Pemerintah Republik Indonesia No 76 Tahun 2008 tentang Perubahan Atas Peraturan Pemerintah Nomor 23 Tahun 2005:
A (1) Dalam hal hasil pemeriksaan sebagaimana dimaksud dalam",0.487805,1.0,0,0.0,57,2.1231,False,,,,,,,,
qa-test-00079,qa_test,Sebutkan semua ketentuan yang ada dalam Pasal 37 dari Peraturan Presiden Republik Indonesia No 98 Tahun 1945!,"Redaksional Pasal dalam Pasal 37 dalam Peraturan Presiden Republik Indonesia No 98 Tahun 1945 tentang Lembaga Ketahanan Nasional Republik Indonesia:
Selain Tenaga Ahli sebagaimana dimaksud dalam",peraturan presiden|98|1945,5748142c55a98926525f1c4cd937bd7c5c74e09c161aa1ca427069f06615a5dd,train-00002-of-00021.parquet:1558184,1,82,Azzindani/Indonesian_Regulation_QA,54e65e937f1a8cc87cd0fc55eb944c0a6383efe1,"Redaksional Pasal dalam Pasal 37 dalam Peraturan Presiden Republik Indonesia No 98 Tahun 1945 tentang Kementerian Agama:
Dalam melaksanakan tugas sebagaimana dimaksud dalam<|im_end|>","Redaksional Pasal dalam Pasal 37 dalam Peraturan Presiden Republik Indonesia No 98 Tahun 1945 tentang Kementerian Agama:
Dalam melaksanakan tugas sebagaimana dimaksud dalam",0.734694,1.0,0,0.0,36,1.3607,False,,,,,,,,
qa-test-00080,qa_test,"Menurut Peraturan Pemerintah Republik Indonesia No 6 Tahun 2021, apa yang diatur dalam Pasal 43?","Rumusan Pasal berdasarkan Pasal 43 dalam Peraturan Pemerintah Republik Indonesia No 6 Tahun 2021 tentang Badan Usaha Milik Desa:
(1) Penyertaan modal yang berasal dari Desa dan/atau masyarakat Desa sebagaimana dimaksud dalam",peraturan pemerintah|6|2021,577c8e95b44e8b1d1a11f643fb3159ee07630c4967a7ad1ae7717110bca9e123,train-00016-of-00021.parquet:15113581,1,89,Azzindani/Indonesian_Regulation_QA,54e65e937f1a8cc87cd0fc55eb944c0a6383efe1,"Rumusan Pasal berdasarkan Pasal 43 dalam Peraturan Pemerintah Republik Indonesia No 6 Tahun 2021 tentang Penyelenggaraan Bidang Pelayaran:
(1) Pengawasan sebagaimana dimaksud dalam<|im_end|>","Rumusan Pasal berdasarkan Pasal 43 dalam Peraturan Pemerintah Republik Indonesia No 6 Tahun 2021 tentang Penyelenggaraan Bidang Pelayaran:
(1) Pengawasan sebagaimana dimaksud dalam",0.678571,1.0,0,0.0,41,1.5481,False,,,,,,,,
qa-test-00081,qa_test,Sebutkan ketentuan resmi dari Pasal 80 menurut Undang-Undang Republik Indonesia No 23 Tahun 1992!,"Bacaan isi hukum Pasal berdasarkan Pasal 80 dalam Undang-Undang Republik Indonesia No 23 Tahun 1992 tentang Kesehatan:
(1) Barang siapa dengan sengaja melakukan tindakan medis tertentu terhadap ibu hamil yang tidak memenuhi ketentuan sebagaimana dimaksud dalam",undang-undang|23|1992,58be2c06d5682d49890a5ba8cef0da5c3afff86eac144d0786f72450f53f2f55,train-00009-of-00021.parquet:8932389,1,92,Azzindani/Indonesian_Regulation_QA,54e65e937f1a8cc87cd0fc55eb944c0a6383efe1,"Bacaan isi hukum Pasal berdasarkan Pasal 80 dalam Undang-Undang Republik Indonesia No 23 Tahun 1992 tentang Perlindungan Anak:
Cukup jelas<|im_end|>","Bacaan isi hukum Pasal berdasarkan Pasal 80 dalam Undang-Undang Republik Indonesia No 23 Tahun 1992 tentang Perlindungan Anak:
Cukup jelas",0.586207,1.0,0,0.0,36,1.3656,False,,,,,,,,
qa-test-00082,qa_test,Apa saja poin yang tercantum dalam Pasal 23 dalam Peraturan Pemerintah Republik Indonesia No 100 Tahun 2000?,"Berikut kutipan verbatim dari Pasal 23 dalam Peraturan Pemerintah Republik Indonesia No 100 Tahun 2000 tentang Pengangkatan Pegawai Negeri Sipil:
Cukup jelas",peraturan pemerintah|100|2000,59e0010a703bc3190ba476204891d093cb5060c605cd174f338216b1fb1cd466,train-00001-of-00021.parquet:392083,1,83,Azzindani/Indonesian_Regulation_QA,54e65e937f1a8cc87cd0fc55eb944c0a6383efe1,"Berikut kutipan verbatim dari Pasal 23 dalam Peraturan Pemerintah Republik Indonesia No 100 Tahun 2000 tentang Pendirian Perusahaan Jawatan Rumah Sakit:
(1) Dewan Pengawas wajib mengadakan rapat sekurang -kurangnya 1 (satu) kali dalam 6 (enam) bulan. (2) Rapat Dewan Pengawas sebagaimana dimaksud dalam ayat (1) dapat diadakan sewaktu -waktu apabila diperlukan. (3) Keputusan rapat Dewan Pengawas diambil atas dasar musyawarah untuk mufakat. (4) Dalam hal tidak tercapai mufakat, keputusan diambil berdasarkan suara terbanyak. (5) Untuk setiap rapat dibuat risalah rapat.<|im_end|>","Berikut kutipan verbatim dari Pasal 23 dalam Peraturan Pemerintah Republik Indonesia No 100 Tahun 2000 tentang Pendirian Perusahaan Jawatan Rumah Sakit:
(1) Dewan Pengawas wajib mengadakan rapat sekurang -kurangnya 1 (satu) kali dalam 6 (enam) bulan. (2) Rapat Dewan Pengawas sebagaimana dimaksud dalam ayat (1) dapat diadakan sewaktu -waktu apabila diperlukan. (3) Keputusan rapat Dewan Pengawas diambil atas dasar musyawarah untuk mufakat. (4) Dalam hal tidak tercapai mufakat, keputusan diambil berdasarkan suara terbanyak. (5) Untuk setiap rapat dibuat risalah rapat.",0.313725,1.0,0,0.0,139,5.0945,False,,,,,,,,
qa-test-00083,qa_test,Sampaikan isi hukum dalam Pasal 141 dari Peraturan Pemerintah Republik Indonesia No 6 Tahun 2020!,"Ketentuan hukum dalam Pasal 141 dalam Peraturan Pemerintah Republik Indonesia No 6 Tahun 2020 tentang Peratu Ran Pelaksanaan Undang -Undang Nomor 2 Tahun 2017:
dan",peraturan pemerintah|6|2020,5b93422b95a3de3d9e8bd06e1c1e8fd7a9e440fa72976d60956ce4dae0690c3c,train-00014-of-00021.parquet:13028107,1,82,Azzindani/Indonesian_Regulation_QA,54e65e937f1a8cc87cd0fc55eb944c0a6383efe1,"Ketentuan hukum dalam Pasal 141 dalam Peraturan Pemerintah Republik Indonesia No 6 Tahun 2020 tentang Kebijakan Keuangan Negara Dan:
(1) Dalam hal terjadi keadaan kahar yang mengakibatkan Pemerintah tidak dapat melaksanakan kewajiban pembayaran bunga dan/atau pokok Obligasi Daerah, Pemerintah dapat melakukan penundaan pembayaran bunga dan/atau pokok Obligasi Daerah. (2) Penundaan pembayaran bunga dan/atau pokok Obligasi Daerah sebagaimana dimaksud pada ayat (1) dapat dilakukan paling lama 1 (satu) tahun. (3) Dalam hal penundaan pembayaran bunga dan/atau pokok Obligasi Daerah sebagaimana dimaksud pada ayat (2) tidak dapat dilaksanakan, Pemerintah dapat melakukan pembayaran bunga dan/atau pokok Obligasi Daerah secara sekaligus. (4) Dalam hal terjadi keadaan kahar sebagaimana dimaksud pada ayat (1), Pemerintah wajib memberikan kompensasi kepada pemegang Obligasi Daerah. (5) Ketentuan lebih lanjut mengenai penundaan pembayaran bunga dan/atau pokok Obligasi Daerah sebagaimana dimaksud pada ayat (1) sampai dengan ayat (4) diatur dengan Peraturan Menteri.<|im_end|>","Ketentuan hukum dalam Pasal 141 dalam Peraturan Pemerintah Republik Indonesia No 6 Tahun 2020 tentang Kebijakan Keuangan Negara Dan:
(1) Dalam hal terjadi keadaan kahar yang mengakibatkan Pemerintah tidak dapat melaksanakan kewajiban pembayaran bunga dan/atau pokok Obligasi Daerah, Pemerintah dapat melakukan penundaan pembayaran bunga dan/atau pokok Obligasi Daerah. (2) Penundaan pembayaran bunga dan/atau pokok Obligasi Daerah sebagaimana dimaksud pada ayat (1) dapat dilakukan paling lama 1 (satu) tahun. (3) Dalam hal penundaan pembayaran bunga dan/atau pokok Obligasi Daerah sebagaimana dimaksud pada ayat (2) tidak dapat dilaksanakan, Pemerintah dapat melakukan pembayaran bunga dan/atau pokok Obligasi Daerah secara sekaligus. (4) Dalam hal terjadi keadaan kahar sebagaimana dimaksud pada ayat (1), Pemerintah wajib memberikan kompensasi kepada pemegang Obligasi Daerah. (5) Ketentuan lebih lanjut mengenai penundaan pembayaran bunga dan/atau pokok Obligasi Daerah sebagaimana dimaksud pada ayat (1) sampai dengan ayat (4) diatur dengan Peraturan Menteri.",0.209302,0.666667,0,0.15493,215,7.8618,False,,,,,,,,
qa-test-00084,qa_test,Berikan bunyi asli dari Pasal 25 menurut Peraturan Menteri Dalam Negeri Republik Indonesia No 53 Tahun 2021!,(1) Sekretaris Jenderal membentuk tim pengelolaan Kapabilitas UKPBJ. (2) Tim pengelolaan Kapabilitas UKPBJ sebagaimana dimaksud pada ayat (1) ditetapkan dengan Keputusan Menteri yang ditandatangani oleh Sekretaris Jenderal. (3) Kepala UKPBJ menyampaikan tim pengelolaan Kapabilitas UKPBJ sebagaimana dimaksud pada a yat (2) kepada LKPP melalui sistem informasi UKPBJ. (4) Sistem informasi UKPBJ sebagaimana dimaksud pada ayat (3) merupakan aplikasi berbasis web yang digunakan untuk melakukan pengukuran tingkat kematangan setiap UKPBJ. BAB IX PELAPORAN,peraturan menteri|53|2021,5e737d299a936f83561070b7f063887abd7a3c75cf0be5db76003c133fbf2583,train-00017-of-00021.parquet:16350950,1,158,Azzindani/Indonesian_Regulation_QA,54e65e937f1a8cc87cd0fc55eb944c0a6383efe1,(1) Pengawasan terhadap pelaksanaan anggaran sebagaimana dimaksud dalam<|im_end|>,(1) Pengawasan terhadap pelaksanaan anggaran sebagaimana dimaksud dalam,0.075,nan,0,0.0,12,0.4934,False,,,,,,,,
qa-test-00085,qa_test,Kutipan isi Pasal 64 menurut Peraturan Presiden Republik Indonesia No 31 Tahun 2015 berbunyi apa?,"Kutipan isi Pasal berbunyi: Pasal 64 dalam Peraturan Presiden Republik Indonesia No 31 Tahun 2015 tentang Rencana Tata Ruang Kawasan Perbatasan Negara:
Rencana pola ruang untuk PPKT diatur lebih rinci sesuai dengan ketentuan peraturan perundang-undangan.",peraturan presiden|31|2015,5ef3d427adc48beb61044bc016c3a7da1d20a82cbd71cce46841057dfc5f6ffa,train-00003-of-00021.parquet:2947442,1,98,Azzindani/Indonesian_Regulation_QA,54e65e937f1a8cc87cd0fc55eb944c0a6383efe1,"Kutipan isi Pasal berbunyi: Pasal 64 dalam Peraturan Presiden Republik Indonesia No 31 Tahun 2015 tentang Kementerian Negara, Perlu:
(1) Sekretariat Jenderal mempunyai tugas menyelenggarakan koordinasi pelaksanaan tugas, pembinaan, dan pemberian dukungan administrasi kepada seluruh unit organisasi di lingkungan Kementerian. (2) Sekretariat Jenderal dipimpin oleh Sekretaris Jenderal.<|im_end|>","Kutipan isi Pasal berbunyi: Pasal 64 dalam Peraturan Presiden Republik Indonesia No 31 Tahun 2015 tentang Kementerian Negara, Perlu:
(1) Sekretariat Jenderal mempunyai tugas menyelenggarakan koordinasi pelaksanaan tugas, pembinaan, dan pemberian dukungan administrasi kepada seluruh unit organisasi di lingkungan Kementerian. (2) Sekretariat Jenderal dipimpin oleh Sekretaris Jenderal.",0.409639,1.0,0,0.0,74,2.7413,False,,,,,,,,
qa-test-00086,qa_test,Sebutkan ketentuan resmi dari Pasal 68 menurut Peraturan Menteri Hukum Dan Hak Asasi Manusia No 14 Tahun 2024!,"Bacaan isi hukum Pasal berdasarkan Pasal 68 dalam Peraturan Menteri Hukum Dan Hak Asasi Manusia No 14 Tahun 2024 tentang Tata Naskah Dinas:
(1) Susunan dan bentu k siaran pers sebagaimana dimaksud dalam",peraturan menteri|14|2024,5f6083a15101fba1ddb08171a95c08a32e2dd6754ce0ce335ed895f85ecff493,train-00021-of-00021.parquet:20302414,1,95,Azzindani/Indonesian_Regulation_QA,54e65e937f1a8cc87cd0fc55eb944c0a6383efe1,"Bacaan isi hukum Pasal berdasarkan Pasal 68 dalam Peraturan Menteri Hukum Dan Hak Asasi Manusia No 14 Tahun 2024 tentang Statuta Politeknik Imigrasi:
(1) Poltekim menyelenggarakan pendidikan akademik dan/atau pendidikan vokasi. (2) Pendidikan akademik sebagaimana dimaksud pada ayat (1) diselenggarakan dalam bentuk program studi. (3) Pendidikan vokasi sebagaimana dimaksud pada ayat (1) diselenggarakan dalam bentuk program studi dan/atau pelatihan. (4) Ketentuan lebih lanjut mengenai penyelenggaraan pendidikan akademik dan/atau pendidikan vokasi sebagaimana dimaksud pada ayat (1) sampai dengan ayat (3) diatur dengan Peraturan Direktur setelah mendapat pertimbangan Senat.<|im_end|>","Bacaan isi hukum Pasal berdasarkan Pasal 68 dalam Peraturan Menteri Hukum Dan Hak Asasi Manusia No 14 Tahun 2024 tentang Statuta Politeknik Imigrasi:
(1) Poltekim menyelenggarakan pendidikan akademik dan/atau pendidikan vokasi. (2) Pendidikan akademik sebagaimana dimaksud pada ayat (1) diselenggarakan dalam bentuk program studi. (3) Pendidikan vokasi sebagaimana dimaksud pada ayat (1) diselenggarakan dalam bentuk program studi dan/atau pelatihan. (4) Ketentuan lebih lanjut mengenai penyelenggaraan pendidikan akademik dan/atau pendidikan vokasi sebagaimana dimaksud pada ayat (1) sampai dengan ayat (3) diatur dengan Peraturan Direktur setelah mendapat pertimbangan Senat.",0.406504,1.0,0,0.094118,141,5.1734,False,,,,,,,,
qa-test-00087,qa_test,Sampaikan isi hukum dalam Pasal 347 dari Undang-Undang Republik Indonesia No 17 Tahun 2008!,"Ketentuan hukum dalam Pasal 347 dalam Undang-Undang Republik Indonesia No 17 Tahun 2008 tentang P E L A Y A R A N:
Cukup jelas.",undang-undang|17|2008,5fb1087737b2d1ad20ec764cfd16ba74090653ce544687829ff03cc4486979dc,train-00004-of-00021.parquet:3400807,1,82,Azzindani/Indonesian_Regulation_QA,54e65e937f1a8cc87cd0fc55eb944c0a6383efe1,"Ketentuan hukum dalam Pasal 347 dalam Undang-Undang Republik Indonesia No 17 Tahun 2008 tentang Perubahan Atas Undang-Undang Nomor 1 Tahun 1995:
diubah sehingga berbunyi sebagai berikut:<|im_end|>","Ketentuan hukum dalam Pasal 347 dalam Undang-Undang Republik Indonesia No 17 Tahun 2008 tentang Perubahan Atas Undang-Undang Nomor 1 Tahun 1995:
diubah sehingga berbunyi sebagai berikut:",0.555556,1.0,0,0.0,51,1.9119,False,,,,,,,,
qa-test-00088,qa_test,Apa isi legal dari Pasal 31 dalam Peraturan Menteri Keuangan Republik Indonesia No 182 Tahun 2007?,"Isi legal dari Pasal 31 dalam Peraturan Menteri Keuangan Republik Indonesia No 182 Tahun 2007 tentang Pengelolaan Rekening Milik Satuan Kerja:
Dalam rangka pengelolaan kas, Kuasa BUN Pusat dapat memerintahkan Bank Umum melakukan : a. penutupan Rekening; dan/ atau b. pemindahbukuan sebagian atau seluruh dana yang ada pada Rekening milik Satuan Kerja lingkup Kementerian Negara/Lembaga ke Kas Negara. Pasal32 Kuasa BUN Pusat atau Kuasa BUN di Daerah berwenang menutup Rekening dan meminda hbukukan saldonya ke kas negara dalam hal: a. KPA/Kepala Satuan Kerja/Pimpinan BLU membuka Rekening tanpa persetujuan dari Kuasa BUN di Daerah; b. KPA/Kepala Satuan Kerja/Pimpinan BLU tidak menyampaikan laporan pembukaan Rekening sebagaimana dimaksud dalam",peraturan menteri|182|2007,614f93b1cb6ffe9556d63237c5cfbd462cacf2bb6b29d2c61d36231ce40238d9,train-00008-of-00021.parquet:7373597,1,215,Azzindani/Indonesian_Regulation_QA,54e65e937f1a8cc87cd0fc55eb944c0a6383efe1,"Isi legal dari Pasal 31 dalam Peraturan Menteri Keuangan Republik Indonesia No 182 Tahun 2007 tentang Tata Cara Pengajuan Dan Penyelesaian Keberatan,:
ayat (1) huruf a, huruf b, huruf c, huruf d, huruf e, huruf f, huruf g, huruf h, huruf i, huruf j, huruf k, huruf l, huruf m, huruf n, huruf o, huruf p, huruf q, huruf r, huruf s, huruf t, huruf u, huruf v, huruf w, huruf x, huruf y, huruf z, huruf aa, huruf ab, huruf ac, huruf ad, huruf ae, huruf af, huruf ag, huruf ah, huruf ai, huruf aj, huruf ak, huruf al, huruf am, huruf an, huruf ao, huruf ap, huruf aq, huruf ar, huruf as, huruf at, huruf au, huruf av, huruf aw, huruf ax, huruf ay, huruf az, huruf ba, huruf bb, huruf bc, huruf bd, huruf be, huruf bf, huruf bg, huruf bh, huruf bi, huruf bj, huruf bk, huruf bl, huruf bm, huruf bn, huruf bo, huruf bp, huruf bq, huruf br, huruf bs,","Isi legal dari Pasal 31 dalam Peraturan Menteri Keuangan Republik Indonesia No 182 Tahun 2007 tentang Tata Cara Pengajuan Dan Penyelesaian Keberatan,:
ayat (1) huruf a, huruf b, huruf c, huruf d, huruf e, huruf f, huruf g, huruf h, huruf i, huruf j, huruf k, huruf l, huruf m, huruf n, huruf o, huruf p, huruf q, huruf r, huruf s, huruf t, huruf u, huruf v, huruf w, huruf x, huruf y, huruf z, huruf aa, huruf ab, huruf ac, huruf ad, huruf ae, huruf af, huruf ag, huruf ah, huruf ai, huruf aj, huruf ak, huruf al, huruf am, huruf an, huruf ao, huruf ap, huruf aq, huruf ar, huruf as, huruf at, huruf au, huruf av, huruf aw, huruf ax, huruf ay, huruf az, huruf ba, huruf bb, huruf bc, huruf bd, huruf be, huruf bf, huruf bg, huruf bh, huruf bi, huruf bj, huruf bk, huruf bl, huruf bm, huruf bn, huruf bo, huruf bp, huruf bq, huruf br, huruf bs,",0.137681,1.0,0,0.0,256,9.365,True,,,,,,,,
qa-test-00089,qa_test,Bagaimana bunyi lengkap dari Pasal 90 berdasarkan Peraturan Pemerintah Republik Indonesia No 108 Tahun 2021?,"Bunyi lengkap dari Pasal berdasarkan Pasal 90 dalam Peraturan Pemerintah Republik Indonesia No 108 Tahun 2021 tentang Perguruan Tinggi Negeri Badan Hukum:
dan",peraturan pemerintah|108|2021,635cb46b1a078d7d6a85588428c2d1e3e074d8cb204caf128eab7b4c6c6580cc,train-00015-of-00021.parquet:14595440,1,79,Azzindani/Indonesian_Regulation_QA,54e65e937f1a8cc87cd0fc55eb944c0a6383efe1,"Bunyi lengkap dari Pasal berdasarkan Pasal 90 dalam Peraturan Pemerintah Republik Indonesia No 108 Tahun 2021 tentang Modal Dasar Perseroan:
(1) Dalam hal terjadi perubahan Modal Dasar sebagaimana dimaksud dalam<|im_end|>","Bunyi lengkap dari Pasal berdasarkan Pasal 90 dalam Peraturan Pemerintah Republik Indonesia No 108 Tahun 2021 tentang Modal Dasar Perseroan:
(1) Dalam hal terjadi perubahan Modal Dasar sebagaimana dimaksud dalam",0.641509,1.0,0,0.0,47,1.7656,False,,,,,,,,
qa-test-00090,qa_test,Berikan isi dokumen dari Pasal 44 dalam Peraturan Pemerintah Republik Indonesia No 6 Tahun 2021!,"Isi dokumen dari Pasal 44 dalam Peraturan Pemerintah Republik Indonesia No 6 Tahun 2021 tentang Penyelenggaraan Pengadaan Tanah Bagi Pembangunan Untuk:
berlaku untuk jangka waktu 3 (tiga) tahun dan dapat diperpanjang 1 (satu) k ali untuk jangka waktu paling lama 1 (satu) tahun. (2) Keputusan Penetapan Lokasi sebagaimana dimaksud dalam",peraturan pemerintah|6|2021,6436e2c1a6698e942a4b3dfd4455bee329b3c33624ddd327dad2b6280f0bb2fa,train-00016-of-00021.parquet:15486570,1,118,Azzindani/Indonesian_Regulation_QA,54e65e937f1a8cc87cd0fc55eb944c0a6383efe1,"Isi dokumen dari Pasal 44 dalam Peraturan Pemerintah Republik Indonesia No 6 Tahun 2021 tentang Penyelenggaraan Bidang Pelayaran:
(1) Pengawasan sebagaimana dimaksud dalam<|im_end|>","Isi dokumen dari Pasal 44 dalam Peraturan Pemerintah Republik Indonesia No 6 Tahun 2021 tentang Penyelenggaraan Bidang Pelayaran:
(1) Pengawasan sebagaimana dimaksud dalam",0.547945,1.0,0,0.0,40,1.5096,False,,,,,,,,
qa-test-00091,qa_test,Apa yang tertulis dalam Pasal 21 dalam Keputusan Menteri Keuangan Republik Indonesia No nan Tahun 1983?,"Tertulis dalam Pasal 21 dalam Keputusan Menteri Keuangan Republik Indonesia No nan Tahun 1983 tentang Tidak Dilakukannya Pemotongan Pph Pasal 21 Atas Honorarium, Uang Perangsang Dan:
dimaksud dalam",answer:64e63c6755fd37f03a0f0cf4ef7f626cac9ce24c0236f9800ede8f4b7f1103da,64e63c6755fd37f03a0f0cf4ef7f626cac9ce24c0236f9800ede8f4b7f1103da,train-00007-of-00021.parquet:6158399,1,88,Azzindani/Indonesian_Regulation_QA,54e65e937f1a8cc87cd0fc55eb944c0a6383efe1,"Tertulis dalam Pasal 21 dalam Keputusan Menteri Keuangan Republik Indonesia No nan Tahun 1983 tentang Perubahan Atas Keputusan Menteri Keuangan Nomor 447/Kmk.010/1994 Tent Ang Perusahaan Pembiayaan:
ayat (1) huruf b, huruf c, huruf d, huruf e, huruf f, huruf g, huruf h, huruf i, huruf j, huruf k, huruf l, huruf m, huruf n, huruf o, huruf p, huruf q, huruf r, huruf s, huruf t, huruf u, huruf v, huruf w, huruf x, huruf y, huruf z, huruf aa, huruf ab, huruf ac, huruf ad, huruf ae, huruf af, huruf ag, huruf ah, huruf ai, huruf aj, huruf ak, huruf al, huruf am, huruf an, huruf ao, huruf ap, huruf aq, huruf ar, huruf as, huruf at, huruf au, huruf av, huruf aw, huruf ax, huruf ay, huruf az, huruf ba, huruf bb, huruf bc, huruf bd, huruf be, huruf bf, huruf bg, huruf bh, huruf bi, huruf bj, huruf bk, huruf bl, huruf bm, huruf bn, huruf bo, huruf","Tertulis dalam Pasal 21 dalam Keputusan Menteri Keuangan Republik Indonesia No nan Tahun 1983 tentang Perubahan Atas Keputusan Menteri Keuangan Nomor 447/Kmk.010/1994 Tent Ang Perusahaan Pembiayaan:
ayat (1) huruf b, huruf c, huruf d, huruf e, huruf f, huruf g, huruf h, huruf i, huruf j, huruf k, huruf l, huruf m, huruf n, huruf o, huruf p, huruf q, huruf r, huruf s, huruf t, huruf u, huruf v, huruf w, huruf x, huruf y, huruf z, huruf aa, huruf ab, huruf ac, huruf ad, huruf ae, huruf af, huruf ag, huruf ah, huruf ai, huruf aj, huruf ak, huruf al, huruf am, huruf an, huruf ao, huruf ap, huruf aq, huruf ar, huruf as, huruf at, huruf au, huruf av, huruf aw, huruf ax, huruf ay, huruf az, huruf ba, huruf bb, huruf bc, huruf bd, huruf be, huruf bf, huruf bg, huruf bh, huruf bi, huruf bj, huruf bk, huruf bl, huruf bm, huruf bn, huruf bo, huruf",0.166667,1.0,0,0.0,256,9.3416,True,,,,,,,,
qa-test-00092,qa_test,"Menurut Peraturan Pemerintah Republik Indonesia No 35 Tahun 2010, apa yang diatur dalam Pasal 72?","Rumusan Pasal berdasarkan Pasal 72 dalam Peraturan Pemerintah Republik Indonesia No 35 Tahun 2010 tentang Pelaksanaan Undang -Undang Nomor 20 Tahun 2009:
Tanda Kehormatan berupa Satyalancana yang dipakai dengan cara digantungkan seb agaimana dimaksud d alam",peraturan pemerintah|35|2010,66aba71da5417cac3e1b2b303a63f2afbac9659bc633f238f64c4d77d5d82e45,train-00008-of-00021.parquet:7805406,1,103,Azzindani/Indonesian_Regulation_QA,54e65e937f1a8cc87cd0fc55eb944c0a6383efe1,"Rumusan Pasal berdasarkan Pasal 72 dalam Peraturan Pemerintah Republik Indonesia No 35 Tahun 2010 tentang Pemberian Gaji/Pensiun/Tunjangan Bulan Ketiga Belas:
Cukup jelas.<|im_end|>","Rumusan Pasal berdasarkan Pasal 72 dalam Peraturan Pemerintah Republik Indonesia No 35 Tahun 2010 tentang Pemberian Gaji/Pensiun/Tunjangan Bulan Ketiga Belas:
Cukup jelas.",0.5,0.666667,0,0.0,46,1.7278,False,,,,,,,,
qa-test-00093,qa_test,"Menurut Peraturan Bank Indonesia No 3 Tahun 2024, apa yang diatur dalam Pasal 23?","Rumusan Pasal berdasarkan Pasal 23 dalam Peraturan Bank Indonesia No 3 Tahun 2024 tentang Lembaga Alternatif Penyelesaian Sengketa:
Cukup jelas.",peraturan bank indonesia|3|2024,68079c1a93fa3636108fcef81720f900ae58f202e9f631037b1675fd0433d2d3,train-00021-of-00021.parquet:20184256,1,76,Azzindani/Indonesian_Regulation_QA,54e65e937f1a8cc87cd0fc55eb944c0a6383efe1,"Rumusan Pasal berdasarkan Pasal 23 dalam Peraturan Bank Indonesia No 3 Tahun 2024 tentang Perubahan Atas Peraturan Bank Indonesia Nomor 13/Poi.03/2014 Tentang Pelaksanaan Good Corporate Governance:
diubah sehingga berbunyi sebagai berikut:<|im_end|>","Rumusan Pasal berdasarkan Pasal 23 dalam Peraturan Bank Indonesia No 3 Tahun 2024 tentang Perubahan Atas Peraturan Bank Indonesia Nomor 13/Poi.03/2014 Tentang Pelaksanaan Good Corporate Governance:
diubah sehingga berbunyi sebagai berikut:",0.518519,1.0,0,0.0,58,2.1637,False,,,,,,,,
qa-test-00094,qa_test,Apa redaksi asli dari Pasal 114 dalam Peraturan Pemerintah Repubuk Indonesia No 12 Tahun 2018?,"Frasa hukum penting dalam Pasal 114 dalam Peraturan Pemerintah Repubuk Indonesia No 12 Tahun 2018 tentang Pedoman Penyusunan Tata Tertib Dewan Perwaislan Raiffat:
Cukup jelas.",peraturan pemerintah|12|2018,6b67e56c606f4cafcd3d1a909a65839ba998d4ec540dd7262d0804ec32440eae,train-00001-of-00021.parquet:629813,1,92,Azzindani/Indonesian_Regulation_QA,54e65e937f1a8cc87cd0fc55eb944c0a6383efe1,"Frasa hukum penting dalam Pasal 114 dalam Peraturan Pemerintah Repubuk Indonesia No 12 Tahun 2018 tentang Penelitian, Pengujian, Dan Pengendalian:
Cukup jelas.<|im_end|>","Frasa hukum penting dalam Pasal 114 dalam Peraturan Pemerintah Repubuk Indonesia No 12 Tahun 2018 tentang Penelitian, Pengujian, Dan Pengendalian:
Cukup jelas.",0.765957,1.0,0,0.0,44,1.6542,False,,,,,,,,
qa-test-00095,qa_test,Apa frasa hukum dalam Pasal 19 dari Peraturan Menteri Hukum Dan Hak Asasi Manusia No 16 Tahun 2022?,"Frasa hukum dalam Pasal 19 dalam Peraturan Menteri Hukum Dan Hak Asasi Manusia No 16 Tahun 2022 tentang Petunjuk Teknis Jabatan Fungsional Analis Hukum:
(1) Pengangkatan dalam Jabatan Fungsional Analis Hukum melalui pengangkatan pertama sebagaimana dimaksud dalam",peraturan menteri|16|2022,6bfeb0ab41a5e0c8084a9012b77127e7e30f2d78c06b90b4b37001c0533618fb,train-00018-of-00021.parquet:17473266,1,107,Azzindani/Indonesian_Regulation_QA,54e65e937f1a8cc87cd0fc55eb944c0a6383efe1,"Frasa hukum dalam Pasal 19 dalam Peraturan Menteri Hukum Dan Hak Asasi Manusia No 16 Tahun 2022 tentang Perubahan Atas Peraturan Menteri Hukum Dan Hak Asasi Manusia:
diubah sehingga berbunyi sebagai berikut:<|im_end|>","Frasa hukum dalam Pasal 19 dalam Peraturan Menteri Hukum Dan Hak Asasi Manusia No 16 Tahun 2022 tentang Perubahan Atas Peraturan Menteri Hukum Dan Hak Asasi Manusia:
diubah sehingga berbunyi sebagai berikut:",0.550725,1.0,0,0.074074,50,1.8682,False,,,,,,,,
qa-test-00096,qa_test,Apa saja poin yang tercantum dalam Pasal 97 dalam Peraturan Menter! Energi Dan Sumber Daya Mineral No 13 Tahun 2016?,"Berikut kutipan verbatim dari Pasal 97 dalam Peraturan Menter! Energi Dan Sumber Daya Mineral No 13 Tahun 2016 tentang Organisasi Dan Tata Kerja:
Dalam melaksanakan tugas sebagaimana dimaksud dalam",answer:6cf0df5f9657f3e23958412a25e6e1239ca6af39d512ef90d76bed7dab220345,6cf0df5f9657f3e23958412a25e6e1239ca6af39d512ef90d76bed7dab220345,train-00005-of-00021.parquet:4940158,1,91,Azzindani/Indonesian_Regulation_QA,54e65e937f1a8cc87cd0fc55eb944c0a6383efe1,"Berikut kutipan verbatim dari Pasal 97 dalam Peraturan Menter! Energi Dan Sumber Daya Mineral No 13 Tahun 2016 tentang Organisasi Dan Tata Kerja:
Dalam melaksanakan tugas sebagaimana dimaksud dalam<|im_end|>","Berikut kutipan verbatim dari Pasal 97 dalam Peraturan Menter! Energi Dan Sumber Daya Mineral No 13 Tahun 2016 tentang Organisasi Dan Tata Kerja:
Dalam melaksanakan tugas sebagaimana dimaksud dalam",1.0,1.0,0,0.0,45,1.6966,False,,,,,,,,
qa-test-00097,qa_test,"Apa yang tertulis dalam Pasal
16 dalam Keputusan No 34 Tahun 2007?","Tertulis dalam Pasal
16 dalam Keputusan No 34 Tahun 2007 tentang Petunjuk Teknis:
Sub Seksi Sengketa dan Konflik Pertanahan atau Kepala Sub Seksi Perkara Pertanahan menelaah konsep laporan yang diajukan kepadanya secara cermat dan selanjutnya disampaikan kepada Kepala Seksi Penanganan Konflik, Sengketa dan Perkara. c. Kepala Seksi Penanganan Konflik, Sengketa dan Perkara melakukan penelaahan lebih mendalam terhadap konsep laporan yang diajukan kemudian meneruskannya kepada Kepala Kantor Pertanahan. [ Scan dan OCR oleh http://id.ndaru.net/per aturan-pertanahan/ ] d. Kepala Kantor Pertanahan memeriksa kons ep laporan kemudian menandatangani dan meneruskannya kepada Kepala Kantor Wilayah Badan Pertanahan Nasional. 2. Kepala Kantor Wilayah Badan Pertanahan Nasional setiap bulan, setiap triwulan dan setiap tahun wajib menyampaikan laporan kepada Kepala Badan Pertanahan Nasional Republik Indonesia c.q. Deputi Bidang Pengkajian dan Penanganan Sengketa dan Konflik Pertanahan (sesuai DI. 516) atas semua masalah pertanahan di wilayahnya, melalui mekanisme pelaporan sebagai berikut: a. Laporan pengaduan masalah pertanahan yang diterima dari seluruh Kantor Pertanahan dan/atau pengaduan melalui Kantor Wilayah Badan Pertanahan Nasional diinventarisasi permasalahannya oleh staf pengolah pada Kantor Wilayah Badan Pertanahan Nasional kemudian disiapkan konsep rekapitulasi laporan Kepala Kantor Wilayah Badan Pertanahan Nasional kepada Kepala Badan Pertanahan Nasional Republik Indonesia dan selanjutnya diserahkan kepada Kepala Seksi Pengkajian dan Penanganan Sengketa dan Konflik Pertanahan atau Kepala Seksi Pengkajian dan Penanganan Perkara Pertanahan. b. Kemudian Kepala Seksi Pengkajian dan Penanganan Sengketa dan Konflik Pertanahan atau Kepala Seksi Pengkajian dan Penanganan Perkara Pertanahan meneliti dan memeriksa konsep rekapitulasi laporan yang diajukan kepadanya secara cermat dan selanjutnya disampaikan kepada Kepala Bida ng Pengkajian dan Penanganan Sengketa dan Konflik Pertanahan. c. Kepala Bidang Pengkajian dan Penanganan Sengketa dan Konflik Pertanahan melakukan pemeriksaan lebih mendalam terhadap konsep rekapitulasi laporan yang diajukan kemudian meneruskannya kepada Kepala Kantor Wilayah Badan Pertanahan Nasional. d. Kepala Kantor Wilayah Badan Pertanahan Nasional memeriksa konsep rekapitulasi laporan kemudian menandatangani dan meneruskannya kepada Kepala Badan Pertanahan Nasional Republik Indonesia c.q Deputi Bidang Pengkajian dan Penanganan Sengketa dan Konflik Pertanahan. V. PENUTUP A. Demikian petunjuk teknis ini ditetapkan sebagai pedoman dalam penyusunan Laporan periodik masalah pertanahan yang menyangkut perkara, sengketa dan konflik pertanahan. B. Hal-hal yang masih belum je las akan diatur kemudian. [ Scan dan OCR oleh http://id.ndaru.net/per aturan-pertanahan/ ] PETUNJUK TEKNIS NOMOR : 10/JUKNIS/D.V/2007 TENTANG TATA KERJA PENYIDIK PEGAWAI NEGERI SIPIL DI LINGKUNGAN BADAN PERTANAHAN NASIONAL 2007 BADAN PERTANAHAN NASIONAL REPUBLIK INDONESIA [ Scan dan OCR oleh http://id.ndaru.net/per aturan-pertanahan/ ] BADAN PERTANAHAN NASIONAL REPUBLIK INDONESIA PETUNJUK TEKNIS NOMOR : 10/JUKNIS/D.V/2007 TENTANG TATA KERJA PENYIDIK PEGAWAI NEGERI SIPIL DI LINGKUNGAN BADAN PERT ANAHAN NASIONAL R.I. I. PENDAHULUAN 1. Umum a. Bahwa Peraturan Dasar Pokok-pokok Agraria yang disebut juga Undang-undang Pokok Agraria memiliki ketentuan pidana yang ha rus ditegakkan oleh para pelaksana pemerintahan yang bertugas di bidang pertanahan. b. Bahwa selain ketentuan-ketentuan pidana tersebut, dalam masalah pertanahan sering ditemukan aspek-aspek pidana umum yang penanganannya memerlukaji peranan Penyidik Pegawai Negeri Sipil (PPNS) untuk dapat menunjang tugas-tugas pokok dan fungsi Badan Pertanahan Nasional Republik Indonesia. c. Bahwa sejalan dengan hal tersebut salah satu upaya Badan Pertanahan Nasional Republik Indonesia adalah membentuk Peny idik Pegawai Negeri Sipil di lingkungan Badan Pertanahan Nasional Republik In donesia menjadi Penyidik Pertanahan. d. Bahwa sesuai dengan Kesepakatan Bersama antara Badan Pertanahan Nasional Republik Indonesia dengan Kepolisian",answer:6dd95e2e9ff2942ef2bf70a79d5f06ab194c4f02ced16cd7da7e4429447f0184,6dd95e2e9ff2942ef2bf70a79d5f06ab194c4f02ced16cd7da7e4429447f0184,train-00010-of-00021.parquet:9392674,1,976,Azzindani/Indonesian_Regulation_QA,54e65e937f1a8cc87cd0fc55eb944c0a6383efe1,"Tertulis dalam Pasal
16 dalam Keputusan No 34 Tahun 2007 tentang Petunjuk Teknis Penggunaan Dana Alokasi Khusus Bidang:
,<|im_end|>","Tertulis dalam Pasal
16 dalam Keputusan No 34 Tahun 2007 tentang Petunjuk Teknis Penggunaan Dana Alokasi Khusus Bidang:
,",0.049296,1.0,0,0.0,36,1.3678,False,,,,,,,,
qa-test-00098,qa_test,Apa saja poin yang tercantum dalam Pasal 39 dalam Peraturan Pemerintah Republik Indonesia No 32 Tahun 2009?,"Berikut kutipan verbatim dari Pasal 39 dalam Peraturan Pemerintah Republik Indonesia No 32 Tahun 2009 tentang Tempat Penimbunan Berikat:
(1) Penetapan tempat sebagai Kawasan Daur Ulang Berikat dan pemberian izin penyelenggara Kawasan Daur Ulang Berikat untuk jangka waktu tertentu ditetapkan dengan Keputusan Menteri. (2) Untuk mendapatkan penetapan tempat sebagai Kawasa n Daur Ulang Berikat dan izin penyelenggara Kawasan Daur Ulang Berikat sebagaimana dimaksud pada ayat (1), pihak yang akan menjadi penyelenggara Kawasan Daur Ulang Berikat harus memenuhi persyaratan sebagai berikut: a. memiliki bukti kepemilikan atau penguasaan suatu kawasan, tempat, atau bangunan yang mempunyai batas-batas yang jelas berikut peta lokasi/tempat dan rencana tata letak/denah yang akan dijadikan Kawasan Daur Ulang Berikat; b. berlokasi di kawasan industri yang ditunjuk khusus untuk daur ulang; c. memiliki Surat Izin Tempat Usaha Daur Ulang, Dokumen Lingkungan Hidup, dan izin lainnya yang diperlukan dari instansi teknis terkait; d. telah melaporkan usahanya untuk dikukuhkan sebagai Pengusaha Kena Pajak dan telah menyampaikan Surat Pemberitahuan Tahunan Pajak Penghasilan tahun pajak terakhir bagi yang sudah wajib menyampaikan Surat Pemberitahuan Tahunan; dan e. mendapat rekomendasi dari menteri yang menangani masalah lingkungan hidup. Bagian Keempat Pengusaha Kawasan Daur Ulang Berikat",peraturan pemerintah|32|2009,6f587935692d77b4b06f7f40574eb2e85705534fdcf0b0b60c169a119e17409b,train-00001-of-00021.parquet:888633,1,322,Azzindani/Indonesian_Regulation_QA,54e65e937f1a8cc87cd0fc55eb944c0a6383efe1,"Berikut kutipan verbatim dari Pasal 39 dalam Peraturan Pemerintah Republik Indonesia No 32 Tahun 2009 tentang Perlindungan Wilayah Geografis Penghasil:
Cukup jelas.<|im_end|>","Berikut kutipan verbatim dari Pasal 39 dalam Peraturan Pemerintah Republik Indonesia No 32 Tahun 2009 tentang Perlindungan Wilayah Geografis Penghasil:
Cukup jelas.",0.159624,1.0,0,0.0,42,1.5819,False,,,,,,,,
qa-test-00099,qa_test,Jelaskan kutipan resmi dari Pasal 25 menurut Peraturan Menteri Keuangan Republ Ik Indonesi A No 176 Tahun 2005!,"Kutipan resmi dari Pasal 25 dalam Peraturan Menteri Keuangan Republ Ik Indonesi A No 176 Tahun 2005 tentang Pedoman Remuner Asi Badan Layanan Umum:
, Menteri Keuangan memberikan persetujuan atau penolakan terhadap usulan remunerasi sebagaimana dimaksud dalam",peraturan menteri|176|2005,6ff4f78ccde3a3274a9fad8d96027ef8648ef7af57b4eb942c5a9388a63810c8,train-00008-of-00021.parquet:7316696,1,103,Azzindani/Indonesian_Regulation_QA,54e65e937f1a8cc87cd0fc55eb944c0a6383efe1,"Kutipan resmi dari Pasal 25 dalam Peraturan Menteri Keuangan Republ Ik Indonesi A No 176 Tahun 2005 tentang Tata Cara Pengenaan Tarif Bea Masuk Atas Barang Impor:
(1) Dalam hal berdasarkan hasil penelitian sebagaimana dimaksud dalam<|im_end|>","Kutipan resmi dari Pasal 25 dalam Peraturan Menteri Keuangan Republ Ik Indonesi A No 176 Tahun 2005 tentang Tata Cara Pengenaan Tarif Bea Masuk Atas Barang Impor:
(1) Dalam hal berdasarkan hasil penelitian sebagaimana dimaksud dalam",0.583333,1.0,0,0.0,56,2.0845,False,,,,,,,,
qa-test-00100,qa_test,Berikan isi dokumen dari Pasal 17 dalam Peraturan Pemerintah Republik Indonesia No 6 Tahun 2021!,"Isi dokumen dari Pasal 17 dalam Peraturan Pemerintah Republik Indonesia No 6 Tahun 2021 tentang Penyelenggaraan Penataan Ruang:
angka 3, angka 4, angka 7, angka 9, angka 10, angka 20, angka 21,",peraturan pemerintah|6|2021,706cc58145ff28144155f9c2f35c4731aca900dde8e4f4967134bcdea44b526f,train-00015-of-00021.parquet:14991945,1,99,Azzindani/Indonesian_Regulation_QA,54e65e937f1a8cc87cd0fc55eb944c0a6383efe1,"Isi dokumen dari Pasal 17 dalam Peraturan Pemerintah Republik Indonesia No 6 Tahun 2021 tentang Penyelenggaraan Bidang Pelayaran:
ayat (1) huruf a dilakukan oleh: a. Pemerintah Pusat; b. Pemerintah Daerah; dan/atau c. badan usaha. (2) Pemerintah Pusat dan Pemerintah Daerah sebagaimana dimaksud pada ayat (1) huruf a dan huruf b dapat melakukan kerja sama dengan badan usaha. (3) Kerja sama sebagaimana dimaksud pada ayat (2) dilakukan untuk meningkatkan pelayanan jasa kepelabuhanan. (4) Kerja sama sebagaimana dimaksud pada ayat (2) dilakukan sesuai dengan ketentuan peraturan perundang -undangan.<|im_end|>","Isi dokumen dari Pasal 17 dalam Peraturan Pemerintah Republik Indonesia No 6 Tahun 2021 tentang Penyelenggaraan Bidang Pelayaran:
ayat (1) huruf a dilakukan oleh: a. Pemerintah Pusat; b. Pemerintah Daerah; dan/atau c. badan usaha. (2) Pemerintah Pusat dan Pemerintah Daerah sebagaimana dimaksud pada ayat (1) huruf a dan huruf b dapat melakukan kerja sama dengan badan usaha. (3) Kerja sama sebagaimana dimaksud pada ayat (2) dilakukan untuk meningkatkan pelayanan jasa kepelabuhanan. (4) Kerja sama sebagaimana dimaksud pada ayat (2) dilakukan sesuai dengan ketentuan peraturan perundang -undangan.",0.302521,1.0,0,0.036585,131,4.8142,False,,,,,,,,
qa-test-00101,qa_test,"Tuliskan kutipan lengkap dari Pasal 13 dalam Peraturan Menteri Pendidikan , Kebudayaan , Riset, Dan Teknologi No 16 Tahun 1945!","(1) Pengelolaan, pelaporan, dan tanggung jawab penggunaan Dana BOS Kinerja dan Dana BOS Afirmasi dilakukan oleh Tim BOS Provinsi, Tim BOS Kabupaten/Kota, dan Tim BOS Sekolah. (2) Tim BOS Provinsi, Tim BOS Kabupaten/Kota, dan Tim BOS Sekolah dalam melakukan pengelolaan , pelaporan, dan tanggung jawab penggunaan Dana BOS Kinerja dan Dana BOS Afirmasi sebagaimana dimaksud pada ayat (1) sesuai dengan kewenangannya berdasarkan k etentuan peraturan perundang -undangan yang mengatur mengenai Dana BOS Reguler.",peraturan menteri|16|1945,74177459ca7fef1ad54675ef8a11a11b98eba211651fb3a53d1e32a0bb3fd039,train-00017-of-00021.parquet:16882904,1,150,Azzindani/Indonesian_Regulation_QA,54e65e937f1a8cc87cd0fc55eb944c0a6383efe1,(1) Dalam hal terjadi pemberhentian ketua dan/atau sekretaris Dewan Penyantun sebelum masa jabatannya berakhir sebagaimana dimaksud dalam<|im_end|>,(1) Dalam hal terjadi pemberhentian ketua dan/atau sekretaris Dewan Penyantun sebelum masa jabatannya berakhir sebagaimana dimaksud dalam,0.108696,nan,0,0.0,29,1.1093,False,,,,,,,,
qa-test-00102,qa_test,Apa saja poin yang tercantum dalam Pasal 4 dalam Peraturan Pemerintah Republik Indonesia No 59 Tahun 2018?,"Berikut kutipan verbatim dari Pasal 4 dalam Peraturan Pemerintah Republik Indonesia No 59 Tahun 2018 tentang Tata Cara Pengajuan Dan Penyelesaian Keberatan, Keringanan,:
1. (2) Berdasarkan hasil uji kelengkapan dokumen pendukung sebagaimana dimaksud pada ayat (1), Instansi Pengelola PNBP: a. melanjutkan proses penelitian pengembalian, jika dokumen pendukung lengkap; atau b. menyampaikan surat permintaan kelengkapan dokumen pendukung kepada Wajib Bayar, jika dokumen pendukung tidak lengkap. (3) Berdasarkan surat permintaan kelengkapan dokumen pendukung sebagaimana dimaksud pada ayat (2) huruf b, Wajib Bayar harus menyampaikan kelengkapan dokumen pendukung paling lambat 7 (tujuh) hari kerja terhitung sejak surat permintaan kelengkapan dokumen diterima. (4) Dalam hal dokumen pendukung sebagaimana dimaksud pada ayat (3) dinyatakan lengkap, Instansi Pengelola PNBP melanjutkan proses penelitian pengembalian PNBP. (5) Dalam hal Wajib Bayar tidak menyampaikan kelengkapan dokumen dalam batas waktu sebagaimana dimaksud pada ayat (3), Instansi Pengelola PNBP menerbitkan surat penolakan. (6) Surat penolakan sebagaimana dimaksud pada ayat (5) tidak menghilangkan hak Wajib Bayar untuk mengajukankembali permohonan sepanjang jangka waktu sebagaimana dimaksud dalam",peraturan pemerintah|59|2018,743c730b24c69ca37ee4ab6e4128112fc94cc9b6921584ebe27984029d10d563,train-00016-of-00021.parquet:15111483,1,291,Azzindani/Indonesian_Regulation_QA,54e65e937f1a8cc87cd0fc55eb944c0a6383efe1,"Berikut kutipan verbatim dari Pasal 4 dalam Peraturan Pemerintah Republik Indonesia No 59 Tahun 2018 tentang Tata Cara Pelaksanaan Peran Serta Masyarakat Dan:
Cukup jelas.<|im_end|>","Berikut kutipan verbatim dari Pasal 4 dalam Peraturan Pemerintah Republik Indonesia No 59 Tahun 2018 tentang Tata Cara Pelaksanaan Peran Serta Masyarakat Dan:
Cukup jelas.",0.202128,1.0,0,0.0,41,1.5413,False,,,,,,,,
qa-test-00103,qa_test,Apa saja poin yang tercantum dalam Pasal 28 dalam Undang -Undang Republik Indonesia No 16 Tahun 1969?,"Berikut kutipan verbatim dari Pasal 28 dalam Undang -Undang Republik Indonesia No 16 Tahun 1969 tentang Susunan Dan Kedudukan Majelis Permusyawaratan Rakyat,:
. Cukup jelas.",answer:746b4f2d38600bf85f23b7d451ce9a55ed0db859565254dec28ef5aed985a4c2,746b4f2d38600bf85f23b7d451ce9a55ed0db859565254dec28ef5aed985a4c2,train-00011-of-00021.parquet:10479133,1,88,Azzindani/Indonesian_Regulation_QA,54e65e937f1a8cc87cd0fc55eb944c0a6383efe1,"Berikut kutipan verbatim dari Pasal 28 dalam Undang -Undang Republik Indonesia No 16 Tahun 1969 tentang Susunan Dan Kedudukan Majelis Permusyawaratan Rakyat,:
. (1) Dalam hal anggota MPR berhalangan tetap, maka anggota MPR yang bersangkutan diganti oleh anggota MPR yang bersangkutan yang dipilih dari dan oleh anggota MPR yang bersangkutan. (2) Dalam hal anggota MPR berhalangan sementara, maka anggota MPR yang bersangkutan diganti oleh anggota MPR yang bersangkutan yang dipilih dari dan oleh anggota MPR yang bersangkutan. (3) Dalam hal anggota MPR berhalangan sementara, maka anggota MPR yang bersangkutan diganti oleh anggota MPR yang bersangkutan yang dipilih dari dan oleh anggota MPR yang bersangkutan.<|im_end|>","Berikut kutipan verbatim dari Pasal 28 dalam Undang -Undang Republik Indonesia No 16 Tahun 1969 tentang Susunan Dan Kedudukan Majelis Permusyawaratan Rakyat,:
. (1) Dalam hal anggota MPR berhalangan tetap, maka anggota MPR yang bersangkutan diganti oleh anggota MPR yang bersangkutan yang dipilih dari dan oleh anggota MPR yang bersangkutan. (2) Dalam hal anggota MPR berhalangan sementara, maka anggota MPR yang bersangkutan diganti oleh anggota MPR yang bersangkutan yang dipilih dari dan oleh anggota MPR yang bersangkutan. (3) Dalam hal anggota MPR berhalangan sementara, maka anggota MPR yang bersangkutan diganti oleh anggota MPR yang bersangkutan yang dipilih dari dan oleh anggota MPR yang bersangkutan.",0.346457,1.0,0,0.367347,154,5.6309,False,,,,,,,,
qa-test-00104,qa_test,Apa yang tertulis dalam Pasal 13 dalam Undang -Undang Republik Indonesia No 32 Tahun 2002?,"Tertulis dalam Pasal 13 dalam Undang -Undang Republik Indonesia No 32 Tahun 2002 tentang Penyiaran:
Cukup jelas",answer:74fb09fea9219c584a397b69379d7452657172361ee669e47bd1117b95b214e2,74fb09fea9219c584a397b69379d7452657172361ee669e47bd1117b95b214e2,train-00010-of-00021.parquet:9115174,1,72,Azzindani/Indonesian_Regulation_QA,54e65e937f1a8cc87cd0fc55eb944c0a6383efe1,"Tertulis dalam Pasal 13 dalam Undang -Undang Republik Indonesia No 32 Tahun 2002 tentang Penyiaran:
(1) Lembaga Penyiaran Swasta wajib menyediakan program siaran yang memenuhi standar dan nilai-nilai kemanusiaan, kesopanan, dan kesucian. (2) Lembaga Penyiaran Swasta wajib menyediakan program siaran yang memenuhi standar dan nilai-nilai kemanusiaan, kesopanan, dan kesucian. (3) Lembaga Penyiaran Swasta wajib menyediakan program siaran yang memenuhi standar dan nilai-nilai kemanusiaan, kesopanan, dan kesucian. (4) Lembaga Penyiaran Swasta wajib menyediakan program siaran yang memenuhi standar dan nilai-nilai kemanusiaan, kesopanan, dan kesucian. (5) Lembaga Penyiaran Swasta wajib menyediakan program siaran yang memenuhi standar dan nilai-nilai kemanusiaan, kesopanan, dan kesucian. (6) Lembaga Penyiaran Swasta wajib menyediakan program siaran yang memenuhi standar dan nilai-nilai kemanusiaan, kesopanan, dan kesucian. (7) Lembaga Penyiaran Swasta wajib menyediakan program siaran yang memenuhi standar dan nilai-nilai kemanusiaan, kesopanan, dan kesucian. (8","Tertulis dalam Pasal 13 dalam Undang -Undang Republik Indonesia No 32 Tahun 2002 tentang Penyiaran:
(1) Lembaga Penyiaran Swasta wajib menyediakan program siaran yang memenuhi standar dan nilai-nilai kemanusiaan, kesopanan, dan kesucian. (2) Lembaga Penyiaran Swasta wajib menyediakan program siaran yang memenuhi standar dan nilai-nilai kemanusiaan, kesopanan, dan kesucian. (3) Lembaga Penyiaran Swasta wajib menyediakan program siaran yang memenuhi standar dan nilai-nilai kemanusiaan, kesopanan, dan kesucian. (4) Lembaga Penyiaran Swasta wajib menyediakan program siaran yang memenuhi standar dan nilai-nilai kemanusiaan, kesopanan, dan kesucian. (5) Lembaga Penyiaran Swasta wajib menyediakan program siaran yang memenuhi standar dan nilai-nilai kemanusiaan, kesopanan, dan kesucian. (6) Lembaga Penyiaran Swasta wajib menyediakan program siaran yang memenuhi standar dan nilai-nilai kemanusiaan, kesopanan, dan kesucian. (7) Lembaga Penyiaran Swasta wajib menyediakan program siaran yang memenuhi standar dan nilai-nilai kemanusiaan, kesopanan, dan kesucian. (8",0.188679,1.0,0,0.525547,256,9.3353,True,,,,,,,,
qa-test-00105,qa_test,Apa frasa hukum dalam Pasal 37 dari Peraturan Pemerintah Republ Ik Indonesia No 29 Tahun 2000?,"Frasa hukum dalam Pasal 37 dalam Peraturan Pemerintah Republ Ik Indonesia No 29 Tahun 2000 tentang Penyelenggaraan Jasa Konstruksi:
Cukup jelas",peraturan pemerintah|29|2000,77c56cd1fcafcb08ae1e10a83a0ae72c12049f81fe565f34a72832540597783d,train-00009-of-00021.parquet:8217241,1,77,Azzindani/Indonesian_Regulation_QA,54e65e937f1a8cc87cd0fc55eb944c0a6383efe1,"Frasa hukum dalam Pasal 37 dalam Peraturan Pemerintah Republ Ik Indonesia No 29 Tahun 2000 tentang Lembaga Penyedia Jasa Pelayanan Penyelesaian Sengketa:
(1) Lembaga penyedia jasa pelayanan penyelesaian sengketa dapat melakukan kerjasama dengan lembaga penyedia jasa pelayanan penyelesaian sengketa lain. (2) Kerjasama sebagaimana dimaksud dalam ayat (1) dilakukan dengan memperhatikan ketentuan peraturan perundang -undangan yang berlaku.<|im_end|>","Frasa hukum dalam Pasal 37 dalam Peraturan Pemerintah Republ Ik Indonesia No 29 Tahun 2000 tentang Lembaga Penyedia Jasa Pelayanan Penyelesaian Sengketa:
(1) Lembaga penyedia jasa pelayanan penyelesaian sengketa dapat melakukan kerjasama dengan lembaga penyedia jasa pelayanan penyelesaian sengketa lain. (2) Kerjasama sebagaimana dimaksud dalam ayat (1) dilakukan dengan memperhatikan ketentuan peraturan perundang -undangan yang berlaku.",0.441558,1.0,0,0.039216,89,3.2717,False,,,,,,,,
qa-test-00106,qa_test,Apa isi legal dari Pasal 21 dalam Peraturan Menter! Keuangan Republik Indonesia No nan Tahun 2015?,"Isi legal dari Pasal 21 dalam Peraturan Menter! Keuangan Republik Indonesia No nan Tahun 2015 tentang Perlakuan Perpajakan, Kepabeanan, Dan Cukai Pada:
ayat (2) huruf b angka 2.",answer:77e6b5dfae4620e285c4840ec06795494ce06b8dfd96e94f6f5251f00f0f2f22,77e6b5dfae4620e285c4840ec06795494ce06b8dfd96e94f6f5251f00f0f2f22,train-00008-of-00021.parquet:7518072,1,90,Azzindani/Indonesian_Regulation_QA,54e65e937f1a8cc87cd0fc55eb944c0a6383efe1,"Isi legal dari Pasal 21 dalam Peraturan Menter! Keuangan Republik Indonesia No nan Tahun 2015 tentang Penilaian Barang Sitaan Dalam Rangka Penjualan Secara Lelang:
(1) Penilaian barang sitaan yang akan dijual secara lelang dilakukan oleh Penilai Pemerintah. (2) Penilaian barang sitaan sebagaimana dimaksud pada ayat (1) dilakukan dengan menggunakan metode Penilaian yang telah ditetapkan dalam Peraturan Menteri ini. (3) Dalam hal Penilaian sebagaimana dimaksud pada ayat (1) dilakukan oleh Penilai Pemerintah yang tidak memiliki kompetensi untuk melakukan Penilaian dengan menggunakan metode Penilaian yang telah ditetapkan dalam Peraturan Menteri ini, Penilaian dilakukan oleh Penilai Pemerintah yang memiliki kompetensi untuk melakukan Penilaian dengan menggunakan metode Penilaian yang telah ditetapkan dalam Peraturan Menteri ini. (4) Penilaian sebagaimana dimaksud pada ayat (1) dilakukan dengan menggunakan metode Penilaian yang telah ditetapkan dalam Peraturan Menteri ini. (5) Penilaian sebagaimana dimaksud pada ayat (1) dilakukan dengan menggunakan metode Penilaian yang telah ditetapkan dalam Peraturan Menteri ini. (6) Penilaian sebagaimana dimaksud pada ayat (1) dilakukan dengan menggunakan metode Penilaian yang telah ditetapkan dalam Peraturan Menteri ini. (7) Penilaian sebagaimana dimaksud pada ayat (1) dilakukan dengan menggunakan metode Penilaian yang telah ditetapkan dalam","Isi legal dari Pasal 21 dalam Peraturan Menter! Keuangan Republik Indonesia No nan Tahun 2015 tentang Penilaian Barang Sitaan Dalam Rangka Penjualan Secara Lelang:
(1) Penilaian barang sitaan yang akan dijual secara lelang dilakukan oleh Penilai Pemerintah. (2) Penilaian barang sitaan sebagaimana dimaksud pada ayat (1) dilakukan dengan menggunakan metode Penilaian yang telah ditetapkan dalam Peraturan Menteri ini. (3) Dalam hal Penilaian sebagaimana dimaksud pada ayat (1) dilakukan oleh Penilai Pemerintah yang tidak memiliki kompetensi untuk melakukan Penilaian dengan menggunakan metode Penilaian yang telah ditetapkan dalam Peraturan Menteri ini, Penilaian dilakukan oleh Penilai Pemerintah yang memiliki kompetensi untuk melakukan Penilaian dengan menggunakan metode Penilaian yang telah ditetapkan dalam Peraturan Menteri ini. (4) Penilaian sebagaimana dimaksud pada ayat (1) dilakukan dengan menggunakan metode Penilaian yang telah ditetapkan dalam Peraturan Menteri ini. (5) Penilaian sebagaimana dimaksud pada ayat (1) dilakukan dengan menggunakan metode Penilaian yang telah ditetapkan dalam Peraturan Menteri ini. (6) Penilaian sebagaimana dimaksud pada ayat (1) dilakukan dengan menggunakan metode Penilaian yang telah ditetapkan dalam Peraturan Menteri ini. (7) Penilaian sebagaimana dimaksud pada ayat (1) dilakukan dengan menggunakan metode Penilaian yang telah ditetapkan dalam",0.179245,1.0,0,0.374302,256,9.2988,True,,,,,,,,
qa-test-00107,qa_test,Apa saja elemen/komponen yang dibahas dalam Pasal 2 dari Peraturan Menteri Perindustrian Republik Indonesia No 36 Tahun 2024?,"Isi resmi sebagaimana tercatat dalam Pasal 2 dalam Peraturan Menteri Perindustrian Republik Indonesia No 36 Tahun 2024 tentang Pemberlakuan Standar Nasional Indonesia Dan Spesifikasi:
ayat (1) dikecualikan bagi Ubin Keramik yang: a. merupakan barang contoh untuk keperluan riset dan pengembangan produk Ubin Keramik dengan jumlah paling banyak 100 (seratus) keping ; b. digunakan sebagai contoh uji dalam rangka permohonan Sertifikat SNI dan/atau Sertifikat Kesesuaian Ubin Keramik; dan/ atau c. keperluannya merupakan barang pribadi penumpang sesuai ketentuan peraturan perundang undangan. (2) Ubin Keramik sebagaimana dimaksud pada ayat (1) tidak boleh diperjualbelikan atau dipindahtangankan. (3) Barang contoh untuk keperluan riset dan pengembangan produk Ubin Keramik sebagaimana dimaksud pada ayat (1) huruf a tidak dapat digunakan untuk keperluan tes pasar.",peraturan menteri|36|2024,797565507eff02a6ba855a3551e3dd3859f4cd95f1e1c18595ac148c05467437,train-00021-of-00021.parquet:20912385,1,231,Azzindani/Indonesian_Regulation_QA,54e65e937f1a8cc87cd0fc55eb944c0a6383efe1,"Isi resmi sebagaimana tercatat dalam Pasal 2 dalam Peraturan Menteri Perindustrian Republik Indonesia No 36 Tahun 2024 tentang Pemberlakuan Standar Nasional Indonesia Untuk Alat:
ayat (1) huruf a,<|im_end|>","Isi resmi sebagaimana tercatat dalam Pasal 2 dalam Peraturan Menteri Perindustrian Republik Indonesia No 36 Tahun 2024 tentang Pemberlakuan Standar Nasional Indonesia Untuk Alat:
ayat (1) huruf a,",0.372414,1.0,0,0.0,45,1.6822,False,,,,,,,,
qa-test-00108,qa_test,Sebutkan ketentuan resmi dari Pasal 17 menurut Peraturan Menter! Perhubungan Republik Indonesia No 54 Tahun 2016!,"Bacaan isi hukum Pasal berdasarkan Pasal 17 dalam Peraturan Menter! Perhubungan Republik Indonesia No 54 Tahun 2016 tentang Penyelenggaraan:
(1) Penyelenggara sarana perkeretaapian yang tidak memiliki identitas sarana perkeretaapian sebagaimana dimaksud dalam",answer:7d38fc8a9100ddbca11e47885518746e62e4569d645d9f430593f8f9f8747f8c,7d38fc8a9100ddbca11e47885518746e62e4569d645d9f430593f8f9f8747f8c,train-00007-of-00021.parquet:6983389,1,102,Azzindani/Indonesian_Regulation_QA,54e65e937f1a8cc87cd0fc55eb944c0a6383efe1,"Bacaan isi hukum Pasal berdasarkan Pasal 17 dalam Peraturan Menter! Perhubungan Republik Indonesia No 54 Tahun 2016 tentang Penerbangan Mengatur Guna:
(1) Penerbangan yang menggunakan frekuensi radio sebagaimana dimaksud dalam<|im_end|>","Bacaan isi hukum Pasal berdasarkan Pasal 17 dalam Peraturan Menter! Perhubungan Republik Indonesia No 54 Tahun 2016 tentang Penerbangan Mengatur Guna:
(1) Penerbangan yang menggunakan frekuensi radio sebagaimana dimaksud dalam",0.741935,1.0,0,0.0,54,2.0084,False,,,,,,,,
qa-test-00109,qa_test,Apa yang tertulis dalam Pasal 3 dalam Peraturan Menter! Keuangan Republik Indonesia No 68 Tahun 1983?,"Tertulis dalam Pasal 3 dalam Peraturan Menter! Keuangan Republik Indonesia No 68 Tahun 1983 tentang Perlakuan Pajak Penghasilan Atas Beasiswa Yang Memenuhi:
Komponen Beasiswa untuk pendidikan formal dan pendidikan nonformal sebagaimana dimaksud dalam",answer:7dc887c570f5ee83ded5a9cd347b4773d45d2583b40cd5013ccc494ab6410ab9,7dc887c570f5ee83ded5a9cd347b4773d45d2583b40cd5013ccc494ab6410ab9,train-00014-of-00021.parquet:13660499,1,95,Azzindani/Indonesian_Regulation_QA,54e65e937f1a8cc87cd0fc55eb944c0a6383efe1,"Tertulis dalam Pasal 3 dalam Peraturan Menter! Keuangan Republik Indonesia No 68 Tahun 1983 tentang Perubahan Atas Peraturan Menter! Keuangan:
ayat (1) huruf a, huruf b, huruf c, huruf d, huruf e, huruf f, huruf g, huruf h, huruf i, huruf j, huruf k, huruf 1, huruf m, huruf n, huruf p, huruf q, huruf r, huruf s, huruf t, huruf u, huruf v, huruf w, huruf x, huruf y, huruf z, huruf aa, huruf ab, huruf ac, huruf ad, huruf ae, huruf af, huruf ag, huruf ah, huruf ai, huruf aj, huruf ak, huruf al, huruf am, huruf an, huruf ao, huruf ap, huruf aq, huruf ar, huruf as, huruf at, huruf au, huruf av, huruf aw, huruf ax, huruf ay, huruf az, huruf ba, huruf bb, huruf bc, huruf bd, huruf be, huruf bf, huruf bg, huruf bh, huruf bi, huruf bj, huruf bk, huruf bl, huruf bm, huruf bn, huruf bo, huruf bp, huruf bq, huruf br, huruf bs, huruf bt, huruf bu","Tertulis dalam Pasal 3 dalam Peraturan Menter! Keuangan Republik Indonesia No 68 Tahun 1983 tentang Perubahan Atas Peraturan Menter! Keuangan:
ayat (1) huruf a, huruf b, huruf c, huruf d, huruf e, huruf f, huruf g, huruf h, huruf i, huruf j, huruf k, huruf 1, huruf m, huruf n, huruf p, huruf q, huruf r, huruf s, huruf t, huruf u, huruf v, huruf w, huruf x, huruf y, huruf z, huruf aa, huruf ab, huruf ac, huruf ad, huruf ae, huruf af, huruf ag, huruf ah, huruf ai, huruf aj, huruf ak, huruf al, huruf am, huruf an, huruf ao, huruf ap, huruf aq, huruf ar, huruf as, huruf at, huruf au, huruf av, huruf aw, huruf ax, huruf ay, huruf az, huruf ba, huruf bb, huruf bc, huruf bd, huruf be, huruf bf, huruf bg, huruf bh, huruf bi, huruf bj, huruf bk, huruf bl, huruf bm, huruf bn, huruf bo, huruf bp, huruf bq, huruf br, huruf bs, huruf bt, huruf bu",0.160804,1.0,0,0.0,256,9.2939,True,,,,,,,,
qa-test-00110,qa_test,Berikan isi dokumen dari Pasal 16 dalam Peraturan Presiden Republik Indonesia No 98 Tahun 1945!,"Isi dokumen dari Pasal 16 dalam Peraturan Presiden Republik Indonesia No 98 Tahun 1945 tentang Lembaga Ketahanan Nasional Republik Indonesia:
Dalam melaksanakan tugas sebagaimana dimaksud dalam",peraturan presiden|98|1945,7edd5f27908f429f4604f36ed966cd2ca32092f48fd7d9268a9956d218e94ccf,train-00002-of-00021.parquet:1557495,1,77,Azzindani/Indonesian_Regulation_QA,54e65e937f1a8cc87cd0fc55eb944c0a6383efe1,"Isi dokumen dari Pasal 16 dalam Peraturan Presiden Republik Indonesia No 98 Tahun 1945 tentang Kementerian Agama:
Dalam melaksanakan tugas sebagaimana dimaksud dalam<|im_end|>","Isi dokumen dari Pasal 16 dalam Peraturan Presiden Republik Indonesia No 98 Tahun 1945 tentang Kementerian Agama:
Dalam melaksanakan tugas sebagaimana dimaksud dalam",0.857143,1.0,0,0.0,35,1.3197,False,,,,,,,,
qa-test-00111,qa_test,Apa saja elemen/komponen yang dibahas dalam Pasal 53 dari Peraturan Menteri Agama Republik Indonesia No 28 Tahun 2021?,"Isi resmi sebagaimana tercatat dalam Pasal 53 dalam Peraturan Menteri Agama Republik Indonesia No 28 Tahun 2021 tentang Organisasi Dan Tata Kerja Universitas Islam Negeri:
Lembaga Penjaminan Mutu sebagaimana dimaksud dalam",peraturan menteri|28|2021,802e41aeb4b4a1621e0a5a1ba41b17aa5b8653e297b308c922f3551e944a67b1,train-00016-of-00021.parquet:15869585,1,94,Azzindani/Indonesian_Regulation_QA,54e65e937f1a8cc87cd0fc55eb944c0a6383efe1,"Isi resmi sebagaimana tercatat dalam Pasal 53 dalam Peraturan Menteri Agama Republik Indonesia No 28 Tahun 2021 tentang Organisasi Dan Tata Kerja Universitas Islam Negeri:
(1) Unit Pelaksana Teknis Bahasa sebagaimana dimaksud dalam<|im_end|>","Isi resmi sebagaimana tercatat dalam Pasal 53 dalam Peraturan Menteri Agama Republik Indonesia No 28 Tahun 2021 tentang Organisasi Dan Tata Kerja Universitas Islam Negeri:
(1) Unit Pelaksana Teknis Bahasa sebagaimana dimaksud dalam",0.875,1.0,0,0.0,51,1.9057,False,,,,,,,,
qa-test-00112,qa_test,Apa isi legal dari Pasal 39 dalam Peraturan Pemerintah Republik Indonesia No 32 Tahun 2009?,"Isi legal dari Pasal 39 dalam Peraturan Pemerintah Republik Indonesia No 32 Tahun 2009 tentang Tempat Penimbunan Berikat:
Ayat (1) Cukup jelas. Ayat (2) Huruf a Yang dimaksud dengan “batas-batas yang jelas” adalah b atas yang berupa tembok yang memisahkan antara Kawasan Da ur Ulang Berikat dengan bangunan, tempat, atau kawasan lain di luar Kawasan Daur Ulang Berikat. Huruf b Cukup jelas. Huruf c Yang dimaksud dengan ”izin lainnya” antara lain izin mendirikan bangunan, akta pendirian usaha, dan kartu identitas pemohon izin. Huruf d Cukup jelas. Huruf e Cukup jelas.",peraturan pemerintah|32|2009,80b17f4c22926f7cb969969606588f82e2cf14954646218e881a2f63afd247bb,train-00001-of-00021.parquet:889947,1,179,Azzindani/Indonesian_Regulation_QA,54e65e937f1a8cc87cd0fc55eb944c0a6383efe1,"Isi legal dari Pasal 39 dalam Peraturan Pemerintah Republik Indonesia No 32 Tahun 2009 tentang Perlindungan Terhadap Petugas Pemasyarakatan:
Cukup jelas.<|im_end|>","Isi legal dari Pasal 39 dalam Peraturan Pemerintah Republik Indonesia No 32 Tahun 2009 tentang Perlindungan Terhadap Petugas Pemasyarakatan:
Cukup jelas.",0.303571,1.0,0,0.0,39,1.4774,False,,,,,,,,
qa-test-00113,qa_test,Tulis isi hukum dari Pasal 24 dalam Peraturan Menteri Pendayagunaan Aparatur Negara No 2 Tahun 2020!,"Isi hukum dari Pasal 24 dalam Peraturan Menteri Pendayagunaan Aparatur Negara No 2 Tahun 2020 tentang Jabatan Fungsional Pengawas Farmasi Dan Makanan:
(1) Pengawas Farmasi dan Makanan wajib menyusun SKP setiap awal tahun . (2) SKP merupakan target kinerja Pengawas Farmasi dan Makanan berdasarkan penetapan kinerja unit kerja yang bersangkutan. (3) SKP untuk setiap jenjang jabatan diambil dari uraian kegiatan tugas jabatan sebagai turunan dari penetapan kinerja unit kerja.",peraturan menteri|2|2020,832b3fdca4c710a64149aeabca229168231211d40a2ecc6c554f30c66d4a1d01,train-00015-of-00021.parquet:14055068,1,149,Azzindani/Indonesian_Regulation_QA,54e65e937f1a8cc87cd0fc55eb944c0a6383efe1,"Isi hukum dari Pasal 24 dalam Peraturan Menteri Pendayagunaan Aparatur Negara No 2 Tahun 2020 tentang Jabatan Fungsional Asisten Penguji Prasarana Perkeretaapian:
(1) Pengangkatan dalam Jabatan Fungsional Asisten Penguji Prasarana Perkeretaapian melalui promosi sebagaimana dimaksud dalam<|im_end|>","Isi hukum dari Pasal 24 dalam Peraturan Menteri Pendayagunaan Aparatur Negara No 2 Tahun 2020 tentang Jabatan Fungsional Asisten Penguji Prasarana Perkeretaapian:
(1) Pengangkatan dalam Jabatan Fungsional Asisten Penguji Prasarana Perkeretaapian melalui promosi sebagaimana dimaksud dalam",0.384615,1.0,0,0.032258,78,2.8925,False,,,,,,,,
qa-test-00114,qa_test,Sampaikan isi hukum dalam Pasal 5 dari Peraturan Menter! Keuangan Republik Indonesia No nan Tahun 1995!,"Ketentuan hukum dalam Pasal 5 dalam Peraturan Menter! Keuangan Republik Indonesia No nan Tahun 1995 tentang Penetapan Tarif Bea Masuk:
- -Rock lobster and other sea crawfish (Palinurus spp., Panulirus spp.,Jasus spp.) : (Palinurus spp., Panulirus spp., Jasus spp.) : 362 0306.11.10 - - -Diasapi - - -Smoked 0,00% 363 0306.11.90 - - -Lain-lain - - -Other 0,00% 0306.12 - -Lobster (Homarus spp.) : - -Lobsters (Homarus spp.): 364 0306.12.10 - - -Diasapi - - -Smoked 0,00% 365 0306.12.90 - - -Lain-lain - - -Other 0,00°10 0306.14 - -Kepiting : - -Crabs : 366 0306.14.10 - - -Kepiting cangkang lunak - - -Soft shell crabs 0,00°10 367 0306.14.90 - - -Lain-lain - - -Other 0,00% 368 0306.15.00 - -Lobster Norwegia (Nephrops norvegic us) - -Norway lobsters (Nephrops norvegic us) 0,00% 369 0306.16.00 - -Udang dan udang besar air dingin (Pandalus - -Cold-water shrimps and prawns (Panda/us 0,00% spp, Crangon crangon) spp., Crangon crangon) 0306.17 - -Udang dan udang besar lainnya : - -Other shrimps and prawns : - - -Udang windu (Penaeus monodon) : - - -Giant tiger prawns (Penaeus monodon) : 370 0306.17.11 - - - -Tanpa kepala - - - - Headless 0,00°10 371 0306.17.19 - - - - Lain-lain - - - - Other 0,00% - - -Udang vanamei (Liptopenaeus vannam ei) : - - -Whiteleg shrimps (Litopenaeus vannam ei): 372 0306.17.21 - - - -Tanpa kepala, dengan ekor - - - - Headless, with tail 0,00% 373 0306.17.22 - - - -Tanpa kepala, tanpa ekor - - - - Headless, without tail 0,00% 374 0306.17.29 - - - - Lain-lain - - - - Other 0,00% 375 0306.17.30 - - -Udang galah (Macrobr achium rosenbergii) - - -Giant river prawns (Macrobra chium 0,00% rosenber gii) 376 0306.17.90 - - -Lain-lain - - -Other 0,00% 377 0306.19.00 - -Lain-lain, termasuk tepung, tepung kasar dan - -Other, including flours, meals and pellets of 0,00% pelet dari udang-udangan, layak untuk crustaceans, fit for human consumption dikonsumsi manusia -Hidup, segar atau dingin : -Live, fresh or chilled : 0306.31 - -Lobster karang dan udang taut besar lainnya - -Rock lobster and other sea crawfish (Palinurus spp., Panulirus spp., Jasus spp) : (Palinurus spp., Panulirus spp., Jasus spp.) : 378 0306.31.10 - - -Bibit - - -Breeding 0,00% 379 0306.31.20 - - -Lain-lain, hidup - - -Other, live 0,00% 380 0306.31.30 - - -Segar atau dingin - - -Fresh or chilled 0,00% 0306.32 - -Lobster (Homarus spp.) : - - Lobsters (Homarus spp.) : 381 0306.32.10 - - -Bibit - - -Breeding 0,00°10 382 0306.32.20 - - -Lain-lain, hidup -- -Other, Live 0,00% 383 0306.32.30 - - -Segar atau dingin - - -Fresh or chilled 0,00% 384 0306.33.00 - - Kepiting - - Crabs 0,00% 385 0306.34.00 - -Lobster Norwegia (Nephrops norvegic us) - -Norway lobsters (Nephrops norvegic us) 0,00% 0306.35 - -Udang dan udang besar air dingin (Pandalus - -Cold-water shrimps and prawns (Pandalus spp, Crangon crangon) : spp., Crangon crangon) : 386 0306.35.10 - - -Bibit - - -Breeding 0,00% 387 0306.35.20 - - -Lain-lain, hidup - - -Other, live 0,00% 388 0306.35.30 - - -Segar atau dingin - - -Fresh or chilled 0,00% 0306.36 - -Udang dan udang besar lainnya",answer:8a661387d10164fc425d749ff3b7fe886098da3dcaee6abde8447608c44b1efa,8a661387d10164fc425d749ff3b7fe886098da3dcaee6abde8447608c44b1efa,train-00008-of-00021.parquet:7593807,1,1489,Azzindani/Indonesian_Regulation_QA,54e65e937f1a8cc87cd0fc55eb944c0a6383efe1,"Ketentuan hukum dalam Pasal 5 dalam Peraturan Menter! Keuangan Republik Indonesia No nan Tahun 1995 tentang Penetapan Tarif Bea Masuk:
- - - - - - - - - - - - - - - - - - - - - - - - - - - - - - - - - - - - - - - - - - - - - - - - - - - - - - - - - - - - - - - - - - - - - - - - - - - - - - - - - - - - - - - - - - - - - - - - - - - - - - - - - - - - - - - - - - - - - - - - - - - - - - - - - - - - - - - - - - - - - - - - - - - - - - - - - - - - - - - - - - - - - - - - - - - - - - - - - - - - - - - - - - - - - - - - - - - - - - - - - - - - - - - - - - - - - - - - - - - - - - - - -","Ketentuan hukum dalam Pasal 5 dalam Peraturan Menter! Keuangan Republik Indonesia No nan Tahun 1995 tentang Penetapan Tarif Bea Masuk:
- - - - - - - - - - - - - - - - - - - - - - - - - - - - - - - - - - - - - - - - - - - - - - - - - - - - - - - - - - - - - - - - - - - - - - - - - - - - - - - - - - - - - - - - - - - - - - - - - - - - - - - - - - - - - - - - - - - - - - - - - - - - - - - - - - - - - - - - - - - - - - - - - - - - - - - - - - - - - - - - - - - - - - - - - - - - - - - - - - - - - - - - - - - - - - - - - - - - - - - - - - - - - - - - - - - - - - - - - - - - - - - - -",0.079681,1.0,0,0.0,256,9.3418,True,,,,,,,,
qa-test-00115,qa_test,Bagaimana bunyi lengkap dari Pasal 43 berdasarkan Undang- Undan G Republik Indonesia No 5 Tahun 2011?,"Bunyi lengkap dari Pasal berdasarkan Pasal 43 dalam Undang- Undan G Republik Indonesia No 5 Tahun 2011 tentang Akuntan Publik:
(1) Akuntan Publik berhimpun dalam wadah Asosiasi Profesi Akuntan Publik . (2) Menteri menetapkan hanya 1 (satu) Asosiasi Profesi Akuntan Publik untuk menjalankan kewenangan sesuai dengan ketentuan dalam Undang- Undang ini. (3) Asosiasi Profesi Akuntan Publik sebagaimana dimaksud pada ayat (2) harus memenuhi kriteria sebagai berikut: a. berbentuk badan hukum sesuai dengan ketentuan peraturan perundang- undang an; b. mempunyai anggota paling sedikit 2/3 (dua per tiga) dari seluruh Akuntan Publik; c. memiliki anggaran dasar dan anggaran rumah tangga; d. mempunyai susunan pengurus yang telah disahkan oleh rapat anggota; e. memiliki program mengenai pelatihan profesional berkelanjutan; f. memiliki kode etik organisasi; dan g. memiliki program reviu mutu bagi Akuntan Publik yang menjadi anggotanya. (4) Asosiasi Profesi Akuntan Publik sebagaimana dimaksud pada ayat (2) ditetapkan dengan Keputusan Menteri.",answer:8afe3378505b792dffec4620fb85930e913bc5b2bb29d0f32eff1ab3c671a3b2,8afe3378505b792dffec4620fb85930e913bc5b2bb29d0f32eff1ab3c671a3b2,train-00004-of-00021.parquet:3158190,1,273,Azzindani/Indonesian_Regulation_QA,54e65e937f1a8cc87cd0fc55eb944c0a6383efe1,"Bunyi lengkap dari Pasal berdasarkan Pasal 43 dalam Undang- Undan G Republik Indonesia No 5 Tahun 2011 tentang Akuntan Publik:
Cukup jelas.<|im_end|>","Bunyi lengkap dari Pasal berdasarkan Pasal 43 dalam Undang- Undan G Republik Indonesia No 5 Tahun 2011 tentang Akuntan Publik:
Cukup jelas.",0.238095,1.0,0,0.0,39,1.4724,False,,,,,,,,
qa-test-00116,qa_test,Apa saja elemen/komponen yang dibahas dalam Pasal 56 dari Peraturan Pemerintah Republik Indonesia No 6 Tahun 2021?,"Isi resmi sebagaimana tercatat dalam Pasal 56 dalam Peraturan Pemerintah Republik Indonesia No 6 Tahun 2021 tentang Tata Cara Pengenaan Sanksi Administratif Dan Tata Cara:
(1) Hasil penjualan secara lelang digunakan untuk membayar Denda Administratif. (2) Dalam hal hasil penjualan s ecara lelang sudah mencapai jumlah yang cukup untuk melunasi Denda Administratif, pelaksanaan lelang dihentikan. (3) Menteri segera mengembalikan sisa barang hasil penyitaan aset beserta kelebihan uang hasil penjualan secara lelang kepada Setiap Orang setelah pelaksanaan lelang.",peraturan pemerintah|6|2021,8c95d2db0e35f7949cdebaca229cb74ee6d51ac835e99a618f149cd902ceff49,train-00016-of-00021.parquet:15272785,1,159,Azzindani/Indonesian_Regulation_QA,54e65e937f1a8cc87cd0fc55eb944c0a6383efe1,"Isi resmi sebagaimana tercatat dalam Pasal 56 dalam Peraturan Pemerintah Republik Indonesia No 6 Tahun 2021 tentang Penyelenggaraan Bidang Pelayaran:
(1) Pengawasan terhadap kegiatan usaha angkutan laut sebagaimana dimaksud dalam<|im_end|>","Isi resmi sebagaimana tercatat dalam Pasal 56 dalam Peraturan Pemerintah Republik Indonesia No 6 Tahun 2021 tentang Penyelenggaraan Bidang Pelayaran:
(1) Pengawasan terhadap kegiatan usaha angkutan laut sebagaimana dimaksud dalam",0.35514,1.0,0,0.0,47,1.7655,False,,,,,,,,
qa-test-00117,qa_test,Uraikan teks hukum dari Pasal 334 menurut Undang- Undang Republik Indonesia No 23 Tahun 2014!,"Teks hukum dari Pasal 334 dalam Undang- Undang Republik Indonesia No 23 Tahun 2014 tentang Pemerintahan Daerah:
Cukup jelas.",answer:8d8476435834441d1b2bf3ac330da25a47362545dc7fae1c54ed6042ba8d047b,8d8476435834441d1b2bf3ac330da25a47362545dc7fae1c54ed6042ba8d047b,train-00003-of-00021.parquet:2509173,1,76,Azzindani/Indonesian_Regulation_QA,54e65e937f1a8cc87cd0fc55eb944c0a6383efe1,"Teks hukum dari Pasal 334 dalam Undang- Undang Republik Indonesia No 23 Tahun 2014 tentang Pemerintahan Daerah:
Cukup jelas.<|im_end|>","Teks hukum dari Pasal 334 dalam Undang- Undang Republik Indonesia No 23 Tahun 2014 tentang Pemerintahan Daerah:
Cukup jelas.",1.0,1.0,0,0.0,35,1.3254,False,,,,,,,,
qa-test-00118,qa_test,Berikan isi dokumen dari Pasal 7 dalam Republik I Ndonesia No 4 Tahun 1965!,"Isi dokumen dari Pasal 7 dalam Republik I Ndonesia No 4 Tahun 1965 tentang Pemberian Bantuan Penghidupan Orang Jompo:
ayat (2) dan memberi keterangan yang diperlukan pejabat itu mengenai orang yang sedang atau pernah diberinya tunjangan maupun dirawatnya. (3) Terhadap perseorangan yang dimaksud dalam ayat (2) pasal ini berlaku juga pasal -",answer:90dcbb0186fde933c2f8b4fc7cce5d86d89cd25b946af635c7e4375093126e94,90dcbb0186fde933c2f8b4fc7cce5d86d89cd25b946af635c7e4375093126e94,train-00011-of-00021.parquet:10728445,1,117,Azzindani/Indonesian_Regulation_QA,54e65e937f1a8cc87cd0fc55eb944c0a6383efe1,"Isi dokumen dari Pasal 7 dalam Republik I Ndonesia No 4 Tahun 1965 tentang Pembentukan Daerah Tingkat Ii Sarolangun -Bangko Dan:
. (1) Dengan terbentuknya Daerah Tingkat II Sarolangun -Bangko dan Daerah Tingkat II Tanjung Jabung, maka Daerah Tingkat II Sarolangun dan Daerah Tingkat II Tanjung Jabung, sebagaimana dimaksud dalam<|im_end|>","Isi dokumen dari Pasal 7 dalam Republik I Ndonesia No 4 Tahun 1965 tentang Pembentukan Daerah Tingkat Ii Sarolangun -Bangko Dan:
. (1) Dengan terbentuknya Daerah Tingkat II Sarolangun -Bangko dan Daerah Tingkat II Tanjung Jabung, maka Daerah Tingkat II Sarolangun dan Daerah Tingkat II Tanjung Jabung, sebagaimana dimaksud dalam",0.34,1.0,0,0.045455,80,2.9563,False,,,,,,,,
qa-test-00119,qa_test,Apa saja hal yang dijelaskan dalam Pasal 10 dari Peraturan Menteri Perhubungan Republik Indonesia No 119 Tahun 2017?,"Berikut adalah isi hukum dari Pasal 10 dalam Peraturan Menteri Perhubungan Republik Indonesia No 119 Tahun 2017 tentang Pejabat Pemeriksa Kelaiklautan Dan:
,",peraturan menteri|119|2017,939c93455983074cb2e3293f80909031914e367244a08c2e08b1af2182abb388,train-00008-of-00021.parquet:7754911,1,84,Azzindani/Indonesian_Regulation_QA,54e65e937f1a8cc87cd0fc55eb944c0a6383efe1,"Berikut adalah isi hukum dari Pasal 10 dalam Peraturan Menteri Perhubungan Republik Indonesia No 119 Tahun 2017 tentang Organisasi Dan Tata Kerja:
(1) Subbagian Tata Usaha sebagaimana dimaksud dalam<|im_end|>","Berikut adalah isi hukum dari Pasal 10 dalam Peraturan Menteri Perhubungan Republik Indonesia No 119 Tahun 2017 tentang Organisasi Dan Tata Kerja:
(1) Subbagian Tata Usaha sebagaimana dimaksud dalam",0.745098,1.0,0,0.0,47,1.7631,False,,,,,,,,
qa-test-00120,qa_test,Apa redaksi asli dari Pasal 56 dalam Peraturan Pemerintah No 1 Tahun 2014?,"Frasa hukum penting dalam Pasal 56 dalam Peraturan Pemerintah No 1 Tahun 2014 tentang Pemilihan Gubernur , Bupa Ti, Dan Walikota:
(1) Warga negara Indonesia yang pada hari pemungutan suara sudah berumur 17 (tujuh belas) tahun atau sudah/pernah kawin, mempunyai hak memilih. (2) Warga negara Indonesia sebagaimana dimaksud pada ayat (1) didaftar 1 (satu) kali oleh penyelenggara. (3) Jika Pemilih mempunyai lebih dari 1 (satu) tempat tinggal, Pemilih tersebut harus memilih salah satu tempat tinggalnya yang dicantumkan dalam daftar pemilih berdasarkan Kartu Tanda Penduduk Elektronik dan/atau surat keterangan domisili dari Kepala Desa atau sebutan lain/ Lurah.",peraturan pemerintah|1|2014,94f382bad22731c9ffbf6f85d18b0874c88f776aaebe05a7f5f04d9d56228475,train-00001-of-00021.parquet:211238,1,193,Azzindani/Indonesian_Regulation_QA,54e65e937f1a8cc87cd0fc55eb944c0a6383efe1,"Frasa hukum penting dalam Pasal 56 dalam Peraturan Pemerintah No 1 Tahun 2014 tentang Peraturan Pelaksanaan Undang-Undang Nomor 15 Tahun 1997:
Cukup jelas.<|im_end|>","Frasa hukum penting dalam Pasal 56 dalam Peraturan Pemerintah No 1 Tahun 2014 tentang Peraturan Pelaksanaan Undang-Undang Nomor 15 Tahun 1997:
Cukup jelas.",0.247934,1.0,0,0.0,45,1.6922,False,,,,,,,,
qa-test-00121,qa_test,Tulis isi hukum dari Pasal 8 dalam Keputusan Menteri Perhubungan No nan Tahun 1999!,"Isi hukum dari Pasal 8 dalam Keputusan Menteri Perhubungan No nan Tahun 1999 tentang Penyelenggaraan Pelabuhan Penyeberangan:
,",answer:96eb8f35bdffa0ca468b1a79ea33e0f29ae719fe05a843a01915e04dd48fc2f6,96eb8f35bdffa0ca468b1a79ea33e0f29ae719fe05a843a01915e04dd48fc2f6,train-00008-of-00021.parquet:7488843,1,67,Azzindani/Indonesian_Regulation_QA,54e65e937f1a8cc87cd0fc55eb944c0a6383efe1,"Isi hukum dari Pasal 8 dalam Keputusan Menteri Perhubungan No nan Tahun 1999 tentang Penyelenggaraan Jasa Telekomunikasi:
(1) Penyelenggara jasa telekomunikasi wajib menyediakan jaringan telekomunikasi yang memenuhi standar teknis yang ditetapkan oleh Menteri. (2) Standar teknis sebagaimana dimaksud dalam ayat (1) meliputi : a. standar teknis jaringan telekomunikasi; b. standar teknis peralatan telekomunikasi; c. standar teknis pelayanan telekomunikasi. (3) Standar teknis sebagaimana dimaksud dalam ayat (2) ditetapkan oleh Menteri.<|im_end|>","Isi hukum dari Pasal 8 dalam Keputusan Menteri Perhubungan No nan Tahun 1999 tentang Penyelenggaraan Jasa Telekomunikasi:
(1) Penyelenggara jasa telekomunikasi wajib menyediakan jaringan telekomunikasi yang memenuhi standar teknis yang ditetapkan oleh Menteri. (2) Standar teknis sebagaimana dimaksud dalam ayat (1) meliputi : a. standar teknis jaringan telekomunikasi; b. standar teknis peralatan telekomunikasi; c. standar teknis pelayanan telekomunikasi. (3) Standar teknis sebagaimana dimaksud dalam ayat (2) ditetapkan oleh Menteri.",0.352941,1.0,0,0.015873,110,4.0602,False,,,,,,,,
qa-test-00122,qa_test,Tulis isi hukum dari Pasal 9 dalam Peraturan Bank Indonesia No nan Tahun 1992!,"Isi hukum dari Pasal 9 dalam Peraturan Bank Indonesia No nan Tahun 1992 tentang Fasilitas Pembiayaan Jangka Pendek Bagi Bank Syariah:
Cukup jelas",answer:999fe52ad0a42c5945260f7a1e8a0968827edb4ecae47f8ddc3dea67c77a20b5,999fe52ad0a42c5945260f7a1e8a0968827edb4ecae47f8ddc3dea67c77a20b5,train-00012-of-00021.parquet:11343968,1,71,Azzindani/Indonesian_Regulation_QA,54e65e937f1a8cc87cd0fc55eb944c0a6383efe1,"Isi hukum dari Pasal 9 dalam Peraturan Bank Indonesia No nan Tahun 1992 tentang Penilaian Kemampuan Dan Kepatutan (Fit And Proper Test ):
ayat (1) huruf b, huruf c, dan huruf d, dan<|im_end|>","Isi hukum dari Pasal 9 dalam Peraturan Bank Indonesia No nan Tahun 1992 tentang Penilaian Kemampuan Dan Kepatutan (Fit And Proper Test ):
ayat (1) huruf b, huruf c, dan huruf d, dan",0.509091,1.0,0,0.0,50,1.8727,False,,,,,,,,
qa-test-00123,qa_test,Apa saja elemen/komponen yang dibahas dalam Pasal 49 dari Keputusan Komisi Pemilihan Umum No 701 Tahun 2003?,"Isi resmi sebagaimana tercatat dalam Pasal 49 dalam Keputusan Komisi Pemilihan Umum No 701 Tahun 2003 tentang Kampanye Pemilihan Umum:
ayat (2). (2) Pembatalan sebagai calon Anggota DPR, DPD, DPRD Provinsi, dan DPRD Kabupaten/Kota sebagaimana dimaksud pada ayat (1) ditetapkan dengan Keputusan KPU, KPU Provinsi, dan KPU Kabupaten/Kota. (3) Calon yang dibatalkan sebagaimana dimaksud pada ayat (2), namanya dicoret dari daftar calon Anggota DPR, DPD, DPRD Provinsi, dan DPRD Kabupaten/Kota daerah pemilihan yang bersangkutan.",answer:9bb4c520a21e9d1567025fd390233a5c2c4ded276c7138397e3cf0957d02aa93,9bb4c520a21e9d1567025fd390233a5c2c4ded276c7138397e3cf0957d02aa93,train-00010-of-00021.parquet:9714710,1,163,Azzindani/Indonesian_Regulation_QA,54e65e937f1a8cc87cd0fc55eb944c0a6383efe1,"Isi resmi sebagaimana tercatat dalam Pasal 49 dalam Keputusan Komisi Pemilihan Umum No 701 Tahun 2003 tentang Tata Cara Pelaksanaan Pendaftaran Pemilih:
(1) Pemilih yang telah terdaftar dalam daftar pemilih tetap dapat menggunakan hak pilihnya, apabila: a. pindah tempat tinggal; b. pindah tempat tinggal sementara; c. pindah tempat tinggal sementara untuk masa kampanye; d. pindah tempat tinggal sementara untuk masa kampanye dan tidak kembali ke tempat tinggalnya; e. pindah tempat tinggal sementara untuk masa kampanye dan tidak kembali ke tempat tinggalnya; f. pindah tempat tinggal sementara untuk masa kampanye dan tidak kembali ke tempat tinggalnya; g. pindah tempat tinggal sementara untuk masa kampanye dan tidak kembali ke tempat tinggalnya; h. pindah tempat tinggal sementara untuk masa kampanye dan tidak kembali ke tempat tinggalnya; i. pindah tempat tinggal sementara untuk masa kampanye dan tidak kembali ke tempat tinggalnya; j. pindah tempat tinggal sementara untuk masa kampanye dan tidak kembali ke tempat tinggalnya; k. pindah tempat tinggal sementara untuk masa kampanye dan tidak kembali ke tempat tinggalnya; l. pindah tempat tinggal sementara untuk masa kampanye dan tidak kembali ke tempat tinggalnya; m. pindah tempat tinggal sementara untuk masa kampanye dan tidak kembali ke tempat tinggalnya; n. pindah tempat tinggal sementara untuk","Isi resmi sebagaimana tercatat dalam Pasal 49 dalam Keputusan Komisi Pemilihan Umum No 701 Tahun 2003 tentang Tata Cara Pelaksanaan Pendaftaran Pemilih:
(1) Pemilih yang telah terdaftar dalam daftar pemilih tetap dapat menggunakan hak pilihnya, apabila: a. pindah tempat tinggal; b. pindah tempat tinggal sementara; c. pindah tempat tinggal sementara untuk masa kampanye; d. pindah tempat tinggal sementara untuk masa kampanye dan tidak kembali ke tempat tinggalnya; e. pindah tempat tinggal sementara untuk masa kampanye dan tidak kembali ke tempat tinggalnya; f. pindah tempat tinggal sementara untuk masa kampanye dan tidak kembali ke tempat tinggalnya; g. pindah tempat tinggal sementara untuk masa kampanye dan tidak kembali ke tempat tinggalnya; h. pindah tempat tinggal sementara untuk masa kampanye dan tidak kembali ke tempat tinggalnya; i. pindah tempat tinggal sementara untuk masa kampanye dan tidak kembali ke tempat tinggalnya; j. pindah tempat tinggal sementara untuk masa kampanye dan tidak kembali ke tempat tinggalnya; k. pindah tempat tinggal sementara untuk masa kampanye dan tidak kembali ke tempat tinggalnya; l. pindah tempat tinggal sementara untuk masa kampanye dan tidak kembali ke tempat tinggalnya; m. pindah tempat tinggal sementara untuk masa kampanye dan tidak kembali ke tempat tinggalnya; n. pindah tempat tinggal sementara untuk",0.173913,1.0,0,0.381443,256,9.3382,True,,,,,,,,
qa-test-00124,qa_test,Apa saja hal yang dijelaskan dalam Pasal 108 dari Peraturan Presiden Republik Indonesia No 31 Tahun 2015?,"Berikut adalah isi hukum dari Pasal 108 dalam Peraturan Presiden Republik Indonesia No 31 Tahun 2015 tentang Rencana Tata Ruang Kawasan Perbatasan Negara:
Peran Masyarakat dalam penataan ruang Kawasan Perbatasan Negara dilaksanakan dilakukan pada tahap: a. perencanaan tata ruang; b. pemanfaatan ruang; dan c. pengendalian pemanfaatan ruang.",peraturan presiden|31|2015,9c14dc21527fd41d5da8500a1301970b1101f2b0d95c9e29ad26f64f120f886f,train-00003-of-00021.parquet:2949861,1,112,Azzindani/Indonesian_Regulation_QA,54e65e937f1a8cc87cd0fc55eb944c0a6383efe1,"Berikut adalah isi hukum dari Pasal 108 dalam Peraturan Presiden Republik Indonesia No 31 Tahun 2015 tentang Kementerian Negara, Perlu:
(1) Direktorat Jenderal Perikanan Tangkap berada di bawah dan bertanggung jawab kepada Menteri. (2) Direktorat Jenderal Perikanan Tangkap dipimpin oleh Direktur Jenderal.<|im_end|>","Berikut adalah isi hukum dari Pasal 108 dalam Peraturan Presiden Republik Indonesia No 31 Tahun 2015 tentang Kementerian Negara, Perlu:
(1) Direktorat Jenderal Perikanan Tangkap berada di bawah dan bertanggung jawab kepada Menteri. (2) Direktorat Jenderal Perikanan Tangkap dipimpin oleh Direktur Jenderal.",0.426966,1.0,0,0.0,66,2.459,False,,,,,,,,
qa-test-00125,qa_test,Jelaskan narasi hukum dalam Pasal 15 menurut Undang -Undang Republik Indonesia No 1 Tahun 1995!,"Narasi hukum dalam Pasal 15 dalam Undang -Undang Republik Indonesia No 1 Tahun 1995 tentang Perseroan Terbatas:
(1) Perubahan tertentu Anggaran Dasar harus mendapat persetujuan Menteri dan didaftarkan dalam Daftar Perusahaan serta diumumkan sesuai dengan ketentuan dalam Undang -undang ini. (2) Perubahan tertentu sebagaimana dimaksud dalam aya t (1) meliputi: a.nama perseroan; b.maksud dan tujuan perseroan; c.kegiatan usaha perseroan; d.jangka waktu berdirinya perseroan, apabila Anggaran Dasar menetapkan jangka waktu tertentu; e.besarnya modal dasar; f.pengurangan modal ditempatkan dan disetor; atau g.status Perseroan Tertutup menjadi Perseroan Terbuka atau sebaliknya. (3) Perubahan Anggaran Dasar selain sebagaimana dimaksud dalam ayat (2) cukup dilaporkan kepada Menteri dalam waktu paling lambat 14 (e mpat belas) hari terhitung sejak keputusan RUPS, dan didaftarkan dalam Daftar Perusahaan sesuai dengan ketentuan sebagaimana dimaksud dalam",answer:9d4834c51724c1dd49649abd10c8d9956e1285e94da62ffe8d91710af45266e4,9d4834c51724c1dd49649abd10c8d9956e1285e94da62ffe8d91710af45266e4,train-00009-of-00021.parquet:8951419,1,245,Azzindani/Indonesian_Regulation_QA,54e65e937f1a8cc87cd0fc55eb944c0a6383efe1,"Narasi hukum dalam Pasal 15 dalam Undang -Undang Republik Indonesia No 1 Tahun 1995 tentang Perseroan Terbatas:
(1) Perseroan dapat melakukan penggabungan dengan Perseroan lain. (2) Penggabungan sebagaimana dimaksud dalam ayat (1) dilakukan dengan cara: a. menyatukan seluruh kekayaan, hak dan kewajiban Perseroan yang tergabung ke dalam Perseroan yang menggabungkan; atau b. menyatukan seluruh kekayaan, hak dan kewajiban Perseroan yang tergabung ke dalam Perseroan lain yang menggabungkan. (3) Penggabungan sebagaimana dimaksud dalam ayat (2) huruf a dilakukan dengan cara: a. membuat akta penggabungan yang ditandatangani oleh Direksi Perseroan yang menggabungkan dan Direksi Perseroan yang tergabung; b. membuat akta penggabungan yang ditandatangani oleh Direksi Perseroan yang menggabungkan dan Direksi Perseroan yang tergabung, yang menyatakan bahwa seluruh kekayaan, hak dan kewajiban Perseroan yang tergabung dialihkan kepada Perseroan yang menggabungkan; c. membuat akta penggabungan yang ditandatangani oleh Direksi Perseroan yang menggabungkan dan Direksi Perseroan yang tergabung, yang menyatakan","Narasi hukum dalam Pasal 15 dalam Undang -Undang Republik Indonesia No 1 Tahun 1995 tentang Perseroan Terbatas:
(1) Perseroan dapat melakukan penggabungan dengan Perseroan lain. (2) Penggabungan sebagaimana dimaksud dalam ayat (1) dilakukan dengan cara: a. menyatukan seluruh kekayaan, hak dan kewajiban Perseroan yang tergabung ke dalam Perseroan yang menggabungkan; atau b. menyatukan seluruh kekayaan, hak dan kewajiban Perseroan yang tergabung ke dalam Perseroan lain yang menggabungkan. (3) Penggabungan sebagaimana dimaksud dalam ayat (2) huruf a dilakukan dengan cara: a. membuat akta penggabungan yang ditandatangani oleh Direksi Perseroan yang menggabungkan dan Direksi Perseroan yang tergabung; b. membuat akta penggabungan yang ditandatangani oleh Direksi Perseroan yang menggabungkan dan Direksi Perseroan yang tergabung, yang menyatakan bahwa seluruh kekayaan, hak dan kewajiban Perseroan yang tergabung dialihkan kepada Perseroan yang menggabungkan; c. membuat akta penggabungan yang ditandatangani oleh Direksi Perseroan yang menggabungkan dan Direksi Perseroan yang tergabung, yang menyatakan",0.34657,1.0,0,0.228571,256,9.3763,True,,,,,,,,
qa-test-00126,qa_test,Kutipan isi Pasal 6 menurut Peraturan Menteri Keuangan Republik Indonesia No 68 Tahun 2021 berbunyi apa?,"Kutipan isi Pasal berbunyi: Pasal 6 dalam Peraturan Menteri Keuangan Republik Indonesia No 68 Tahun 2021 tentang Bea Masuk Ditanggung Pemerintah Atas Impor Barang Dan Bah An:
ayat (1), Pa sal 6 ayat ( 3), dan",peraturan menteri|68|2021,9d4a674661c803eae9a455b1dcb12b569c494a57db673b995a43ddcd1b75df89,train-00017-of-00021.parquet:16804817,1,97,Azzindani/Indonesian_Regulation_QA,54e65e937f1a8cc87cd0fc55eb944c0a6383efe1,"Kutipan isi Pasal berbunyi: Pasal 6 dalam Peraturan Menteri Keuangan Republik Indonesia No 68 Tahun 2021 tentang Perubahan Atas Peraturan Menteri Keuangan Nomor 155/Pmk.02/2021 Tentang Tata Cara Pengelolaan Penerimaan:
ayat (1) huruf a, huruf b, huruf c, huruf d, huruf e, huruf f, huruf g, huruf h, huruf i, huruf j, huruf k, huruf l, huruf m, huruf n, huruf o, huruf p, huruf q, huruf r, huruf s, huruf t, huruf u, huruf v, huruf w, huruf x, huruf y, huruf z, huruf aa, huruf ab, huruf ac, huruf ad, huruf ae, huruf af, huruf ag, huruf ah, huruf ai, huruf aj, huruf ak, huruf al, huruf am, huruf an, huruf ao, huruf ap, huruf aq, huruf ar, huruf as, huruf at, huruf au, huruf av, huruf aw, huruf ax, huruf ay, huruf az, huruf ba, huruf bb, huruf bc, huruf bd, huruf be, huruf bf, huruf bg, huruf bh, huruf bi, huruf bj, huruf bk, huruf bl, huruf bm","Kutipan isi Pasal berbunyi: Pasal 6 dalam Peraturan Menteri Keuangan Republik Indonesia No 68 Tahun 2021 tentang Perubahan Atas Peraturan Menteri Keuangan Nomor 155/Pmk.02/2021 Tentang Tata Cara Pengelolaan Penerimaan:
ayat (1) huruf a, huruf b, huruf c, huruf d, huruf e, huruf f, huruf g, huruf h, huruf i, huruf j, huruf k, huruf l, huruf m, huruf n, huruf o, huruf p, huruf q, huruf r, huruf s, huruf t, huruf u, huruf v, huruf w, huruf x, huruf y, huruf z, huruf aa, huruf ab, huruf ac, huruf ad, huruf ae, huruf af, huruf ag, huruf ah, huruf ai, huruf aj, huruf ak, huruf al, huruf am, huruf an, huruf ao, huruf ap, huruf aq, huruf ar, huruf as, huruf at, huruf au, huruf av, huruf aw, huruf ax, huruf ay, huruf az, huruf ba, huruf bb, huruf bc, huruf bd, huruf be, huruf bf, huruf bg, huruf bh, huruf bi, huruf bj, huruf bk, huruf bl, huruf bm",0.211055,1.0,0,0.0,256,9.3427,True,,,,,,,,
qa-test-00127,qa_test,Sebutkan ketentuan resmi dari Pasal 92 menurut Peraturan Pemerintah Republik Indonesia No 34 Tahun 2006!,"Bacaan isi hukum Pasal berdasarkan Pasal 92 dalam Peraturan Pemerintah Republik Indonesia No 34 Tahun 2006 tentang Jalan:
(1) Pelaksanaan konstruksi jalan dapat dimulai setelah pengadaan tanah selesai dilaksanakan sekurang- kurangnya pada bagian ruas jalan yang dapat berfungsi. (2) Pelaksanaan konstruksi jalan harus didasarkan atas rencana teknis sebagaimana dimaksud dalam",peraturan pemerintah|34|2006,9d9e8452e31a46892050196330767f1b53e8779ad0ba5dac72ff3aebbe767a61,train-00002-of-00021.parquet:1116689,1,109,Azzindani/Indonesian_Regulation_QA,54e65e937f1a8cc87cd0fc55eb944c0a6383efe1,"Bacaan isi hukum Pasal berdasarkan Pasal 92 dalam Peraturan Pemerintah Republik Indonesia No 34 Tahun 2006 tentang Perubahan Atas Peraturan Pemerintah Nomor 24 Tahun 2000:
diubah, sehingga<|im_end|>","Bacaan isi hukum Pasal berdasarkan Pasal 92 dalam Peraturan Pemerintah Republik Indonesia No 34 Tahun 2006 tentang Perubahan Atas Peraturan Pemerintah Nomor 24 Tahun 2000:
diubah, sehingga",0.467532,1.0,0,0.0,47,1.7585,False,,,,,,,,
qa-test-00128,qa_test,Jelaskan narasi hukum dalam Pasal 27 menurut Peraturan Menteri Pendayagunaan Aparatur Negara Dan No 13 Tahun 2022!,"Narasi hukum dalam Pasal 27 dalam Peraturan Menteri Pendayagunaan Aparatur Negara Dan No 13 Tahun 2022 tentang Jabatan Fungsional Asisten Statistisi:
(1) Capaian SKP Asisten Statistisi sebagaimana dimaksud dalam",peraturan menteri|13|2022,9f4c3d80a47dd4c1f7fa002afa76e59dfec4f6225f7fe17d66781aad6bbd0db2,train-00018-of-00021.parquet:17251969,1,104,Azzindani/Indonesian_Regulation_QA,54e65e937f1a8cc87cd0fc55eb944c0a6383efe1,"Narasi hukum dalam Pasal 27 dalam Peraturan Menteri Pendayagunaan Aparatur Negara Dan No 13 Tahun 2022 tentang Jabatan Fungsional Asisten Penguji Prasarana Perkeretaapian:
(1) Pengangkatan dalam Jabatan Fungsional Asisten Penguji Prasarana Perkeretaapian melalui promosi sebagaimana dimaksud dalam<|im_end|>","Narasi hukum dalam Pasal 27 dalam Peraturan Menteri Pendayagunaan Aparatur Negara Dan No 13 Tahun 2022 tentang Jabatan Fungsional Asisten Penguji Prasarana Perkeretaapian:
(1) Pengangkatan dalam Jabatan Fungsional Asisten Penguji Prasarana Perkeretaapian melalui promosi sebagaimana dimaksud dalam",0.757576,1.0,0,0.03125,81,2.9886,False,,,,,,,,
qa-test-00129,qa_test,"Menurut Peraturan Menteri Agraria Dan Tata Ruang/ No 19 Tahun 2022, apa yang diatur dalam Pasal 6?","Rumusan Pasal berdasarkan Pasal 6 dalam Peraturan Menteri Agraria Dan Tata Ruang/ No 19 Tahun 2022 tentang Laporan Harta Kekayaan Penyelenggara Negara:
Pengumuman LHKPN yang telah diverifikasi dan diumumkan oleh Komisi dapat di akses pada menu e-Announcement LHKPN pada laman Kementerian. Bagian Kedua Tata Cara Penyampaian Laporan Harta Kekayaan Aparatur Sipil Negara",peraturan menteri|19|2022,a09ebb2d196fa92ee2bc2336510dab852e014a1820dc2fe873e60840a8d55cb3,train-00019-of-00021.parquet:18343656,1,127,Azzindani/Indonesian_Regulation_QA,54e65e937f1a8cc87cd0fc55eb944c0a6383efe1,"Rumusan Pasal berdasarkan Pasal 6 dalam Peraturan Menteri Agraria Dan Tata Ruang/ No 19 Tahun 2022 tentang Ketentuan Pelaksanaan Peraturan Pemerintah Nomor 19 Tahun 2021 Tentang Penyelenggaraan Pengadaan Tanah Bagi:
(1) Dalam hal terdapat tanah yang tidak dapat digunakan untuk pembangunan sebagaimana dimaksud dalam<|im_end|>","Rumusan Pasal berdasarkan Pasal 6 dalam Peraturan Menteri Agraria Dan Tata Ruang/ No 19 Tahun 2022 tentang Ketentuan Pelaksanaan Peraturan Pemerintah Nomor 19 Tahun 2021 Tentang Penyelenggaraan Pengadaan Tanah Bagi:
(1) Dalam hal terdapat tanah yang tidak dapat digunakan untuk pembangunan sebagaimana dimaksud dalam",0.391753,1.0,0,0.0,70,2.6,False,,,,,,,,
qa-test-00130,qa_test,Apa frasa hukum dalam Pasal 53 dari Peraturan Menteri Pertanian Republik Indonesia No 15 Tahun 2012?,"Frasa hukum dalam Pasal 53 dalam Peraturan Menteri Pertanian Republik Indonesia No 15 Tahun 2012 tentang Pemasukan Dan Pengeluaran Benih Hortikultura:
(1) Apabila dari hasil pemeriksaan dokumen sebagaimana dimaksud dalam",peraturan menteri|15|2012,a0e145ae815c4e285ea3dfc57bfedddd602464af899e00f4399fe86c4307a4ec,train-00006-of-00021.parquet:5913666,1,90,Azzindani/Indonesian_Regulation_QA,54e65e937f1a8cc87cd0fc55eb944c0a6383efe1,"Frasa hukum dalam Pasal 53 dalam Peraturan Menteri Pertanian Republik Indonesia No 15 Tahun 2012 tentang Pengelolaan Rumah Negara Lingkup Kementerian Pertanian:
(1) Penghapusan Rumah Negara sebagaimana dimaksud dalam<|im_end|>","Frasa hukum dalam Pasal 53 dalam Peraturan Menteri Pertanian Republik Indonesia No 15 Tahun 2012 tentang Pengelolaan Rumah Negara Lingkup Kementerian Pertanian:
(1) Penghapusan Rumah Negara sebagaimana dimaksud dalam",0.677966,1.0,0,0.0,47,1.7626,False,,,,,,,,
qa-test-00131,qa_test,"Menurut Peraturan Menteri Pertanian Republik Indonesia No 28 Tahun 2021, apa yang diatur dalam Pasal 6?","Rumusan Pasal berdasarkan Pasal 6 dalam Peraturan Menteri Pertanian Republik Indonesia No 28 Tahun 2021 tentang Perubahan Atas Peraturan Menteri Pertanian:
ayat (1) dan",peraturan menteri|28|2021,a19231f123424fffbc8b2dad8b577a6ab3a9acc103fa906844bdd7e3649178e9,train-00017-of-00021.parquet:16796431,1,77,Azzindani/Indonesian_Regulation_QA,54e65e937f1a8cc87cd0fc55eb944c0a6383efe1,"Rumusan Pasal berdasarkan Pasal 6 dalam Peraturan Menteri Pertanian Republik Indonesia No 28 Tahun 2021 tentang Kelompok Substansi Dan Subkelompok Substansi Pada Kelompok:
Kelompok Substansi dan Subkelompok Substansi pada Kelompok Jabatan Fungsional sebagaimana dimaksud dalam<|im_end|>","Rumusan Pasal berdasarkan Pasal 6 dalam Peraturan Menteri Pertanian Republik Indonesia No 28 Tahun 2021 tentang Kelompok Substansi Dan Subkelompok Substansi Pada Kelompok:
Kelompok Substansi dan Subkelompok Substansi pada Kelompok Jabatan Fungsional sebagaimana dimaksud dalam",0.576271,1.0,0,0.066667,63,2.3458,False,,,,,,,,
qa-test-00132,qa_test,Kutipan isi Pasal 4 menurut Peraturan Pemerintah Republik Indonesia No 2 Tahun 2005 berbunyi apa?,"Kutipan isi Pasal berbunyi: Pasal 4 dalam Peraturan Pemerintah Republik Indonesia No 2 Tahun 2005 tentang Konsultan Hak Kekayaan Intelektual:
(1) Pelatihan sebagaimana dimaksud dalam",peraturan pemerintah|2|2005,a4a4189103b5c4ea887a3233c1e5627ed33c1ba4e4b2876662e2fdd78d1647c7,train-00001-of-00021.parquet:988667,1,83,Azzindani/Indonesian_Regulation_QA,54e65e937f1a8cc87cd0fc55eb944c0a6383efe1,"Kutipan isi Pasal berbunyi: Pasal 4 dalam Peraturan Pemerintah Republik Indonesia No 2 Tahun 2005 tentang Jenis Dan Tarif Atas Jenis Penerimaan Negara Bukan Pajak:
Cukup jelas<|im_end|>","Kutipan isi Pasal berbunyi: Pasal 4 dalam Peraturan Pemerintah Republik Indonesia No 2 Tahun 2005 tentang Jenis Dan Tarif Atas Jenis Penerimaan Negara Bukan Pajak:
Cukup jelas",0.615385,1.0,0,0.0,43,1.6189,False,,,,,,,,
qa-test-00133,qa_test,Apa frasa hukum dalam Pasal 14 dari Peraturan Pemerintah Republik Indonesia No 6 Tahun 2020?,"Frasa hukum dalam Pasal 14 dalam Peraturan Pemerintah Republik Indonesia No 6 Tahun 2020 tentang Pemberian Tunjangan Hari Raya Tahun 2020:
(1) Besaran penghasilan sebagaimana dimaksud dalam",peraturan pemerintah|6|2020,ab58df005a9c3af5381c42c97e5e682fb50949ae375418bb5792e61d6715d0de,train-00014-of-00021.parquet:13106691,1,86,Azzindani/Indonesian_Regulation_QA,54e65e937f1a8cc87cd0fc55eb944c0a6383efe1,"Frasa hukum dalam Pasal 14 dalam Peraturan Pemerintah Republik Indonesia No 6 Tahun 2020 tentang Kebijakan Keuangan Negara Dan:
ayat (1) huruf a, huruf b, huruf c, huruf d, huruf e, huruf f, huruf g, huruf h, huruf i, huruf j, huruf k, huruf l, huruf m, huruf n, huruf o, huruf p, huruf q, huruf r, huruf s, huruf t, huruf u, huruf v, huruf w, huruf x, huruf y, huruf z, huruf aa, huruf ab, huruf ac, huruf ad, huruf ae, huruf af, huruf ag, huruf ah, huruf ai, huruf aj, huruf ak, huruf al, huruf am, huruf an, huruf ao, huruf ap, huruf aq, huruf ar, huruf as, huruf at, huruf au, huruf av, huruf aw, huruf ax, huruf ay, huruf az, huruf ba, huruf bb, huruf bc, huruf bd, huruf be, huruf bf, huruf bg, huruf bh, huruf bi, huruf bj, huruf bk, huruf bl, huruf bm, huruf bn, huruf bo, huruf bp, huruf bq, huruf br, huruf bs, huruf bt, huruf bu, huruf bv","Frasa hukum dalam Pasal 14 dalam Peraturan Pemerintah Republik Indonesia No 6 Tahun 2020 tentang Kebijakan Keuangan Negara Dan:
ayat (1) huruf a, huruf b, huruf c, huruf d, huruf e, huruf f, huruf g, huruf h, huruf i, huruf j, huruf k, huruf l, huruf m, huruf n, huruf o, huruf p, huruf q, huruf r, huruf s, huruf t, huruf u, huruf v, huruf w, huruf x, huruf y, huruf z, huruf aa, huruf ab, huruf ac, huruf ad, huruf ae, huruf af, huruf ag, huruf ah, huruf ai, huruf aj, huruf ak, huruf al, huruf am, huruf an, huruf ao, huruf ap, huruf aq, huruf ar, huruf as, huruf at, huruf au, huruf av, huruf aw, huruf ax, huruf ay, huruf az, huruf ba, huruf bb, huruf bc, huruf bd, huruf be, huruf bf, huruf bg, huruf bh, huruf bi, huruf bj, huruf bk, huruf bl, huruf bm, huruf bn, huruf bo, huruf bp, huruf bq, huruf br, huruf bs, huruf bt, huruf bu, huruf bv",0.163265,1.0,0,0.0,256,9.3689,True,,,,,,,,
qa-test-00134,qa_test,Uraikan teks hukum dari Pasal 59 menurut Peraturan Pemerintah Republik Indonesia No 6 Tahun 2021!,"Teks hukum dari Pasal 59 dalam Peraturan Pemerintah Republik Indonesia No 6 Tahun 2021 tentang Penyelenggaraan Bidang Jaminan Produk Halal:
ayat (2) huruf c harus merupakan Produk dan Bahan halal yang dibuktikan dengan Sertifikat Halal. (2) Ketentuan sebagaimana dimaksud pada ayat (1) dikecualikan bagi Bahan yang: a. berasal dari alam berupa tumbuhan dan bahan tambang tanpa melalui proses pengolahan ; b. dikategorikan tidak berisiko mengandung Bahan yang diharamkan ; dan/atau c. tidak tergolong berbahaya serta tidak bersinggungan dengan bahan haram.",peraturan pemerintah|6|2021,aba015c674b79b043f662eca04a48bb92ccd8e08b08651970f4a827cd316e785,train-00015-of-00021.parquet:14363148,1,165,Azzindani/Indonesian_Regulation_QA,54e65e937f1a8cc87cd0fc55eb944c0a6383efe1,"Teks hukum dari Pasal 59 dalam Peraturan Pemerintah Republik Indonesia No 6 Tahun 2021 tentang Penyelenggaraan Bidang Pelayaran:
(1) Pengawasan terhadap kegiatan usaha angkutan laut sebagaimana dimaksud dalam<|im_end|>","Teks hukum dari Pasal 59 dalam Peraturan Pemerintah Republik Indonesia No 6 Tahun 2021 tentang Penyelenggaraan Bidang Pelayaran:
(1) Pengawasan terhadap kegiatan usaha angkutan laut sebagaimana dimaksud dalam",0.373832,1.0,0,0.0,45,1.6959,False,,,,,,,,
qa-test-00135,qa_test,"Sebutkan ketentuan resmi dari Pasal
72 menurut Peraturan Menteri Kelautan Dan Perikanan Republik Indonesia No 46 Tahun 2021!","Bacaan isi hukum Pasal berdasarkan Pasal
72 dalam Peraturan Menteri Kelautan Dan Perikanan Republik Indonesia No 46 Tahun 2021 tentang Statuta Politeknik Ahli Usah A Perikanan:
ayat (2) atau terjadi penetapan Sekretaris Pusat Penelitian dan Pengabdian Kepada Masyarakat menjadi Kepala Pusat Penelitian dan Pengabdian Kepada Masyarakat sebagaimana dimaksud dalam",peraturan menteri|46|2021,aca978119cfa9bbde273973a0ef4a9574bc3403758d2f8bf0ee76594b41b70ab,train-00017-of-00021.parquet:16032514,1,121,Azzindani/Indonesian_Regulation_QA,54e65e937f1a8cc87cd0fc55eb944c0a6383efe1,"Bacaan isi hukum Pasal berdasarkan Pasal
72 dalam Peraturan Menteri Kelautan Dan Perikanan Republik Indonesia No 46 Tahun 2021 tentang Penyelenggaraan Penilaian Kompetensi Aparatur Sipil Negara:
ayat (1) huruf a dilakukan oleh Tim Penilai. (2) Tim Penilai sebagaimana dimaksud pada ayat (1) terdiri atas: a. Tim Penilai Pusat; dan b. Tim Penilai Daerah. (3) Tim Penilai Pusat sebagaimana dimaksud pada ayat (2) huruf a terdiri atas: a. Tim Penilai Pusat I; dan b. Tim Penilai Pusat II. (4) Tim Penilai Pusat I sebagaimana dimaksud pada ayat (3) huruf a terdiri atas: a. Tim Penilai Pusat I A; dan b. Tim Penilai Pusat I B. (5) Tim Penilai Pusat II sebagaimana dimaksud pada ayat (3) huruf b terdiri atas: a. Tim Penilai Pusat II A; dan b. Tim Penilai Pusat II B. (6) Tim Penilai Pusat I A sebagaimana dimaksud pada ayat (4) huruf a terdiri atas: a. Tim Penilai Pusat I A.1; dan b. Tim Penilai Pusat I A.2. (7) Tim Penilai Pusat I B sebagaimana dimaksud pada","Bacaan isi hukum Pasal berdasarkan Pasal
72 dalam Peraturan Menteri Kelautan Dan Perikanan Republik Indonesia No 46 Tahun 2021 tentang Penyelenggaraan Penilaian Kompetensi Aparatur Sipil Negara:
ayat (1) huruf a dilakukan oleh Tim Penilai. (2) Tim Penilai sebagaimana dimaksud pada ayat (1) terdiri atas: a. Tim Penilai Pusat; dan b. Tim Penilai Daerah. (3) Tim Penilai Pusat sebagaimana dimaksud pada ayat (2) huruf a terdiri atas: a. Tim Penilai Pusat I; dan b. Tim Penilai Pusat II. (4) Tim Penilai Pusat I sebagaimana dimaksud pada ayat (3) huruf a terdiri atas: a. Tim Penilai Pusat I A; dan b. Tim Penilai Pusat I B. (5) Tim Penilai Pusat II sebagaimana dimaksud pada ayat (3) huruf b terdiri atas: a. Tim Penilai Pusat II A; dan b. Tim Penilai Pusat II B. (6) Tim Penilai Pusat I A sebagaimana dimaksud pada ayat (4) huruf a terdiri atas: a. Tim Penilai Pusat I A.1; dan b. Tim Penilai Pusat I A.2. (7) Tim Penilai Pusat I B sebagaimana dimaksud pada",0.26484,1.0,0,0.090909,256,9.3398,True,,,,,,,,
qa-test-00136,qa_test,"Menurut Undang-Undang Republik Indonesia No 17 Tahun 2008, apa yang diatur dalam Pasal 274?","Rumusan Pasal berdasarkan Pasal 274 dalam Undang-Undang Republik Indonesia No 17 Tahun 2008 tentang P E L A Y A R A N:
Cukup jelas.",undang-undang|17|2008,adb91e7025cea41170d8238d3f5b21537b84b4b11a2ffd8d683e5ddf2f51fb31,train-00004-of-00021.parquet:3398831,1,84,Azzindani/Indonesian_Regulation_QA,54e65e937f1a8cc87cd0fc55eb944c0a6383efe1,"Rumusan Pasal berdasarkan Pasal 274 dalam Undang-Undang Republik Indonesia No 17 Tahun 2008 tentang Pembentukan Kabupaten Buton Utara:
Cukup jelas.<|im_end|>","Rumusan Pasal berdasarkan Pasal 274 dalam Undang-Undang Republik Indonesia No 17 Tahun 2008 tentang Pembentukan Kabupaten Buton Utara:
Cukup jelas.",0.723404,1.0,0,0.0,40,1.5065,False,,,,,,,,
qa-test-00137,qa_test,Sampaikan isi hukum dalam Pasal 6 dari Peraturan Pemerintah Republik Indonesia No 3 Tahun 2002!,"Ketentuan hukum dalam Pasal 6 dalam Peraturan Pemerintah Republik Indonesia No 3 Tahun 2002 tentang Kompensasi, Restitusi, Dan Rehabilitasi Terhadap Korban:
Cukup jelas",peraturan pemerintah|3|2002,aeb1def87e118e893be38319ae7ea8dec786626250597cf6b7c25b1c2f4f507e,train-00009-of-00021.parquet:8005707,1,78,Azzindani/Indonesian_Regulation_QA,54e65e937f1a8cc87cd0fc55eb944c0a6383efe1,"Ketentuan hukum dalam Pasal 6 dalam Peraturan Pemerintah Republik Indonesia No 3 Tahun 2002 tentang Tata Cara Permintaan Pendaftaran Merek:
(1) Permintaan pendaftaran Merek diajukan secara tertulis dalam bahasa Indonesia dan dalam bahasa asing yang telah diterjemahkan ke dalam bahasa Indonesia. (2) Permintaan pendaftaran Merek sebagaimana dimaksud dalam ayat (1) harus memuat: a. nama pemohon; b. alamat pemohon; c. nama Merek yang dimohonkan; d. nomor dan tanggal pendaftaran Merek yang telah didaftarkan sebelumnya; e. nomor dan tanggal permintaan pendaftaran Merek yang telah diajukan sebelumnya; f. nomor dan tanggal permintaan perubahan nama Merek yang telah diajukan sebelumnya; g. nomor dan tanggal permintaan perubahan bentuk Merek yang telah diajukan sebelumnya; h. nomor dan tanggal permintaan perubahan penggunaan Merek yang telah diajukan sebelumnya; i. nomor dan tanggal permintaan perubahan hak Merek yang telah diajukan sebelumnya; j. nomor dan tanggal permintaan perubahan nama Merek yang telah diajukan sebelumnya; k. nomor dan tanggal permintaan perubahan bentuk Merek yang telah diajukan sebelumnya; l. nomor dan tanggal permintaan perubahan penggunaan Merek yang telah diajukan sebelumnya; m. nomor dan tanggal permintaan perubahan hak Merek yang telah diajukan sebelumnya; n. nomor dan tanggal permintaan perubahan nama Merek yang telah diajukan sebelumnya; o. nomor dan tanggal permintaan perubahan bentuk","Ketentuan hukum dalam Pasal 6 dalam Peraturan Pemerintah Republik Indonesia No 3 Tahun 2002 tentang Tata Cara Permintaan Pendaftaran Merek:
(1) Permintaan pendaftaran Merek diajukan secara tertulis dalam bahasa Indonesia dan dalam bahasa asing yang telah diterjemahkan ke dalam bahasa Indonesia. (2) Permintaan pendaftaran Merek sebagaimana dimaksud dalam ayat (1) harus memuat: a. nama pemohon; b. alamat pemohon; c. nama Merek yang dimohonkan; d. nomor dan tanggal pendaftaran Merek yang telah didaftarkan sebelumnya; e. nomor dan tanggal permintaan pendaftaran Merek yang telah diajukan sebelumnya; f. nomor dan tanggal permintaan perubahan nama Merek yang telah diajukan sebelumnya; g. nomor dan tanggal permintaan perubahan bentuk Merek yang telah diajukan sebelumnya; h. nomor dan tanggal permintaan perubahan penggunaan Merek yang telah diajukan sebelumnya; i. nomor dan tanggal permintaan perubahan hak Merek yang telah diajukan sebelumnya; j. nomor dan tanggal permintaan perubahan nama Merek yang telah diajukan sebelumnya; k. nomor dan tanggal permintaan perubahan bentuk Merek yang telah diajukan sebelumnya; l. nomor dan tanggal permintaan perubahan penggunaan Merek yang telah diajukan sebelumnya; m. nomor dan tanggal permintaan perubahan hak Merek yang telah diajukan sebelumnya; n. nomor dan tanggal permintaan perubahan nama Merek yang telah diajukan sebelumnya; o. nomor dan tanggal permintaan perubahan bentuk",0.144144,1.0,0,0.159794,256,9.2847,True,,,,,,,,
qa-test-00138,qa_test,Tunjukkan kutipan teks dari Pasal 114 menurut Peraturan Perundang-Undangan Dan Melaporkan Kepada No 225 Tahun 2015!,"Kutipan isi Pasal sesuai teks asli dalam Pasal 114 dalam Peraturan Perundang-Undangan Dan Melaporkan Kepada No 225 Tahun 2015 tentang Standar Keselamatan Lalu Lintas Dan Angkutan Jalan:
huruf a dipidana dengan pidana kurungan paling lama 3 (tiga) bulan atau denda paling banyak Rp750.000,00 (tujuh ratus lima puluh ribu rupiah). 18.",answer:b130695ac733609d713544406979d62188a08d1de62f0df7bf40f4f6e6110f02,b130695ac733609d713544406979d62188a08d1de62f0df7bf40f4f6e6110f02,train-00008-of-00021.parquet:7557187,1,146,Azzindani/Indonesian_Regulation_QA,54e65e937f1a8cc87cd0fc55eb944c0a6383efe1,"Kutipan isi Pasal sesuai teks asli dalam Pasal 114 dalam Peraturan Perundang-Undangan Dan Melaporkan Kepada No 225 Tahun 2015 tentang Standar Keselamatan Lalu Lintas Dan Angkutan Jalan:
ayat (1) huruf a, huruf b, huruf c, huruf d, huruf e, huruf f, huruf g, huruf h, huruf i, huruf j, huruf k, huruf l, huruf m, huruf n, huruf o, huruf p, huruf q, huruf r, huruf s, huruf t, huruf u, huruf v, huruf w, huruf x, huruf y, huruf z, huruf aa, huruf ab, huruf ac, huruf ad, huruf ae, huruf af, huruf ag, huruf ah, huruf ai, huruf aj, huruf ak, huruf al, huruf am, huruf an, huruf ao, huruf ap, huruf aq, huruf ar, huruf as, huruf at, huruf au, huruf av, huruf aw, huruf ax, huruf ay, huruf az, huruf ba, huruf bb, huruf bc, huruf bd, huruf be, huruf bf, huruf bg, huruf bh, huruf bi, huruf bj, huruf bk, huruf bl, huruf bm, huruf bn, huruf bo","Kutipan isi Pasal sesuai teks asli dalam Pasal 114 dalam Peraturan Perundang-Undangan Dan Melaporkan Kepada No 225 Tahun 2015 tentang Standar Keselamatan Lalu Lintas Dan Angkutan Jalan:
ayat (1) huruf a, huruf b, huruf c, huruf d, huruf e, huruf f, huruf g, huruf h, huruf i, huruf j, huruf k, huruf l, huruf m, huruf n, huruf o, huruf p, huruf q, huruf r, huruf s, huruf t, huruf u, huruf v, huruf w, huruf x, huruf y, huruf z, huruf aa, huruf ab, huruf ac, huruf ad, huruf ae, huruf af, huruf ag, huruf ah, huruf ai, huruf aj, huruf ak, huruf al, huruf am, huruf an, huruf ao, huruf ap, huruf aq, huruf ar, huruf as, huruf at, huruf au, huruf av, huruf aw, huruf ax, huruf ay, huruf az, huruf ba, huruf bb, huruf bc, huruf bd, huruf be, huruf bf, huruf bg, huruf bh, huruf bi, huruf bj, huruf bk, huruf bl, huruf bm, huruf bn, huruf bo",0.276498,1.0,0,0.0,256,9.3189,True,,,,,,,,
qa-test-00139,qa_test,Apa saja hal yang dijelaskan dalam Pasal 5 dari Peraturan Menteri Kelautan Dan Perikanan Republik Indonesia No 3 Tahun 2024?,"Berikut adalah isi hukum dari Pasal 5 dalam Peraturan Menteri Kelautan Dan Perikanan Republik Indonesia No 3 Tahun 2024 tentang Proses Bisnis Kementerian Kelautan Dan Perikanan:
(1) Pemantauan dan evaluasi Proses Bisnis K ementerian atas relevansi dan efektivitasnya dilakukan paling sedikit 1 (satu) kali dalam 1 (satu) tahun. (2) Pemantauan dan evaluasi Proses Bisnis Kementerian sebagaimana dimaksud pada ayat (1) dilakukan oleh pejabat pimpinan tinggi madya yang menyelenggarakan tugas dan fungsi di bidang kesekretariatan. (3) Pejabat pimpinan tinggi madya sebagaimana dimaksud pada ayat (2) dalam melakukan pemantauan dan evaluasi menugasi pejabat pimpinan tinggi pratama yang menyelenggarakan tugas dan fungsi di bidang ketatalaksanaan. (4) Pejabat pimpinan tinggi pratama sebagaimana dimaksud pada ayat (3) dalam melakukan pemantauan dan evaluasi melibatkan Unit Organisasi yang mempunyai tugas dan fungsi di bidang ketatalaksanaan pada Unit Organisasi eselon I.",peraturan menteri|3|2024,b17f0ccdf9f79aab4fcb0beb30062e15bfef2de9606b6230793fe85e5b736d04,train-00020-of-00021.parquet:19946211,1,246,Azzindani/Indonesian_Regulation_QA,54e65e937f1a8cc87cd0fc55eb944c0a6383efe1,"Berikut adalah isi hukum dari Pasal 5 dalam Peraturan Menteri Kelautan Dan Perikanan Republik Indonesia No 3 Tahun 2024 tentang Pengelolaan Sistem Distribusi Ikan:
(1) Pelaku Usaha yang telah memiliki SIUP sebagaimana dimaksud dalam<|im_end|>","Berikut adalah isi hukum dari Pasal 5 dalam Peraturan Menteri Kelautan Dan Perikanan Republik Indonesia No 3 Tahun 2024 tentang Pengelolaan Sistem Distribusi Ikan:
(1) Pelaku Usaha yang telah memiliki SIUP sebagaimana dimaksud dalam",0.299401,1.0,0,0.0,51,1.9054,False,,,,,,,,
qa-test-00140,qa_test,Sampaikan isi hukum dalam Pasal 151 dari Peraturan Menteri Keuangan Republik Indone Sia No nan Tahun 2001!,"Ketentuan hukum dalam Pasal 151 dalam Peraturan Menteri Keuangan Republik Indone Sia No nan Tahun 2001 tentang Pengelola An Transfer Ke Daerah Dan Dana Desa:
( 1) Evaluasi terhaclap laporan realisasi penyaluran dan laporan konsolidasi realisasi penyerapan dan capaian output Dana Desa sebagaima11:a dimaksud dalam",answer:b27f92497e204642525b294f8553eae5475e8fe7545eb3579cee097dd82afc74,b27f92497e204642525b294f8553eae5475e8fe7545eb3579cee097dd82afc74,train-00008-of-00021.parquet:7104282,1,116,Azzindani/Indonesian_Regulation_QA,54e65e937f1a8cc87cd0fc55eb944c0a6383efe1,"Ketentuan hukum dalam Pasal 151 dalam Peraturan Menteri Keuangan Republik Indone Sia No nan Tahun 2001 tentang Pengelola An Transfer Ke Daerah Dan Dana Desa:
ayat (1) huruf a, dan<|im_end|>","Ketentuan hukum dalam Pasal 151 dalam Peraturan Menteri Keuangan Republik Indone Sia No nan Tahun 2001 tentang Pengelola An Transfer Ke Daerah Dan Dana Desa:
ayat (1) huruf a, dan",0.746667,1.0,0,0.0,45,1.6871,False,,,,,,,,
qa-test-00141,qa_test,Sampaikan isi hukum dalam Pasal 32 dari Peraturan Menteri Sosial Republik Indonesia No 15 Tahun 2020!,"Ketentuan hukum dalam Pasal 32 dalam Peraturan Menteri Sosial Republik Indonesia No 15 Tahun 2020 tentang Penetapan:
Bantuan Pemerintah berupa bantuan kepada sumber daya manusia penyelenggara kesejahteraan sosial yang berpr estasi /teladan sebagaimana dimaksud dalam",peraturan menteri|15|2020,b445d1a4eaf2650969bf41cfc165289086dd38309631346bf526e44f31cf6904,train-00014-of-00021.parquet:13678782,1,93,Azzindani/Indonesian_Regulation_QA,54e65e937f1a8cc87cd0fc55eb944c0a6383efe1,"Ketentuan hukum dalam Pasal 32 dalam Peraturan Menteri Sosial Republik Indonesia No 15 Tahun 2020 tentang Penerimaan Dan Pengelolaan Sumbangan Masyarakat:
(1) Sumbangan Masyarakat berupa barang sebagaimana dimaksud dalam<|im_end|>","Ketentuan hukum dalam Pasal 32 dalam Peraturan Menteri Sosial Republik Indonesia No 15 Tahun 2020 tentang Penerimaan Dan Pengelolaan Sumbangan Masyarakat:
(1) Sumbangan Masyarakat berupa barang sebagaimana dimaksud dalam",0.625,1.0,0,0.0,49,1.8327,False,,,,,,,,
qa-test-00142,qa_test,Apa redaksi asli dari Pasal 23 dalam Peraturan Menteri Pendayagunaan Aparatur Negara No 50 Tahun 2022?,"Frasa hukum penting dalam Pasal 23 dalam Peraturan Menteri Pendayagunaan Aparatur Negara No 50 Tahun 2022 tentang Jabatan Fungsional Pengembang Tafsir Al -Qur’An:
ayat (2) terdiri dari kinerja utama berupa target Angka Kredit dan/atau kinerja tambahan berupa tugas tambahan. (2) Target Angka Kredit sebagaimana dimaksud pad a ayat (1) diuraikan dalam bentuk butir kegiatan tercantum dalam Lampiran I yang merupakan bagian tidak terpisahkan dari Peraturan Menteri ini. (3) Tugas tambahan sebagaimana dimaksud pada ayat (1) ditetapkan oleh pimpinan unit kerja berdasarkan penetapan kinerja unit kerja yang bersangkutan.",peraturan menteri|50|2022,b5113e0e46aecdabadc5f260a5a5805a9d44b52fd71a662a4ea62a0c62c13218,train-00019-of-00021.parquet:18609413,1,178,Azzindani/Indonesian_Regulation_QA,54e65e937f1a8cc87cd0fc55eb944c0a6383efe1,"Frasa hukum penting dalam Pasal 23 dalam Peraturan Menteri Pendayagunaan Aparatur Negara No 50 Tahun 2022 tentang Jabatan Fungsional Asisten Pengawas Kelautan:
(1) Pengangkatan dalam Jabatan Fungsional Asisten Pengawas Kelautan melalui promosi sebagaimana dimaksud dalam<|im_end|>","Frasa hukum penting dalam Pasal 23 dalam Peraturan Menteri Pendayagunaan Aparatur Negara No 50 Tahun 2022 tentang Jabatan Fungsional Asisten Pengawas Kelautan:
(1) Pengangkatan dalam Jabatan Fungsional Asisten Pengawas Kelautan melalui promosi sebagaimana dimaksud dalam",0.387097,1.0,0,0.0,69,2.5498,False,,,,,,,,
qa-test-00143,qa_test,Sebutkan ketentuan resmi dari Pasal 42 menurut Negara Dan Reformasi Birokrasi Tentang No 11 Tahun 2017!,"Bacaan isi hukum Pasal berdasarkan Pasal 42 dalam Negara Dan Reformasi Birokrasi Tentang No 11 Tahun 2017 tentang Manajemen Pegawai Negeri Sipil (Lembaran Negara:
sebagai dasar untuk penyusunan, penetapan, dan penilaian SKP. (2) SKP yang disusun sebagaimana dimaksud pada ayat ( 1) harus d isetujui dan ditetapkan oleh atasan langsung. (3) Penilaian SKP sebagaimana dimaksud pada ayat (1) dilaksanakan sesuai dengan ketentuan peraturan perundang -undangan . (4) Hasil penilaian SKP Pejabat Fungsional s ebagaimana dimaksud pada ayat (3 ) ditetapkan sebagai c apaian SKP.",answer:b56ba7fea955ab731afce621734d7106b8ce0909584b38db5330a48a71f31542,b56ba7fea955ab731afce621734d7106b8ce0909584b38db5330a48a71f31542,train-00013-of-00021.parquet:12284114,1,180,Azzindani/Indonesian_Regulation_QA,54e65e937f1a8cc87cd0fc55eb944c0a6383efe1,"Bacaan isi hukum Pasal berdasarkan Pasal 42 dalam Negara Dan Reformasi Birokrasi Tentang No 11 Tahun 2017 tentang Manajemen Pegawai Negeri Sipil (Lembaran Negara:
(1) Dalam hal PNS yang bersangkutan tidak dapat melaksanakan tugasnya karena sakit yang berat dan/atau tidak dapat bekerja lagi, dapat diberikan pensiun dengan hak. (2) Pensiun dengan hak sebagaimana dimaksud pada ayat (1) diberikan mulai bulan berikutnya setelah tanggal keputusan pensiun dengan hak ditetapkan. (3) Pensiun dengan hak sebagaimana dimaksud pada ayat (1) diberikan sampai dengan usia pensiun. (4) Pensiun dengan hak sebagaimana dimaksud pada ayat (1) diberikan dengan mempertimbangkan masa kerja dan pangkat terakhir. (5) Pensiun dengan hak sebagaimana dimaksud pada ayat (1) diberikan dengan mempertimbangkan masa kerja dan pangkat terakhir. (6) Pensiun dengan hak sebagaimana dimaksud pada ayat (1) diberikan dengan mempertimbangkan masa kerja dan pangkat terakhir. (7) Pensiun dengan hak sebagaimana dimaksud pada ayat (1) diberikan dengan mempertimbangkan masa kerja dan pangkat terakhir. (8) Pensiun dengan hak sebagaimana dimaksud pada ayat (1) diberikan dengan mempertimbangkan masa kerja dan","Bacaan isi hukum Pasal berdasarkan Pasal 42 dalam Negara Dan Reformasi Birokrasi Tentang No 11 Tahun 2017 tentang Manajemen Pegawai Negeri Sipil (Lembaran Negara:
(1) Dalam hal PNS yang bersangkutan tidak dapat melaksanakan tugasnya karena sakit yang berat dan/atau tidak dapat bekerja lagi, dapat diberikan pensiun dengan hak. (2) Pensiun dengan hak sebagaimana dimaksud pada ayat (1) diberikan mulai bulan berikutnya setelah tanggal keputusan pensiun dengan hak ditetapkan. (3) Pensiun dengan hak sebagaimana dimaksud pada ayat (1) diberikan sampai dengan usia pensiun. (4) Pensiun dengan hak sebagaimana dimaksud pada ayat (1) diberikan dengan mempertimbangkan masa kerja dan pangkat terakhir. (5) Pensiun dengan hak sebagaimana dimaksud pada ayat (1) diberikan dengan mempertimbangkan masa kerja dan pangkat terakhir. (6) Pensiun dengan hak sebagaimana dimaksud pada ayat (1) diberikan dengan mempertimbangkan masa kerja dan pangkat terakhir. (7) Pensiun dengan hak sebagaimana dimaksud pada ayat (1) diberikan dengan mempertimbangkan masa kerja dan pangkat terakhir. (8) Pensiun dengan hak sebagaimana dimaksud pada ayat (1) diberikan dengan mempertimbangkan masa kerja dan",0.364372,1.0,0,0.310559,256,9.3166,True,,,,,,,,
qa-test-00144,qa_test,Sebutkan seluruh isi Pasal 161 dalam Peraturan Pemerintah Republik Indonesia No 6 Tahun 2021!,Penilaian perwujudan RTR dilakukan oleh Pemerintah Pusat dan Pemerintah Daerah sesuai dengan kewenangannya.,peraturan pemerintah|6|2021,ba6ec44424dff34e85a465b3600a30514bbcdec70a961ba77d2ce953465c998b,train-00016-of-00021.parquet:15000428,1,59,Azzindani/Indonesian_Regulation_QA,54e65e937f1a8cc87cd0fc55eb944c0a6383efe1,(1) Dalam hal terjadi perubahan data dan/atau dokumen sebagaimana dimaksud dalam<|im_end|>,(1) Dalam hal terjadi perubahan data dan/atau dokumen sebagaimana dimaksud dalam,0.08,nan,0,0.0,16,0.6411,False,,,,,,,,
qa-test-00145,qa_test,Apa isi legal dari Pasal 32 dalam Undang-Undang Republik Indonesia No 29 Tahun 2009?,"Isi legal dari Pasal 32 dalam Undang-Undang Republik Indonesia No 29 Tahun 2009 tentang Perubahan Atas Undang-Undang Nomor 15 Tahun 1997:
berbunyi sebagai berikut:",undang-undang|29|2009,bac08a40f22e21b0f314c02a026dc8309423f492331de0a62c552f323e1caac0,train-00003-of-00021.parquet:2877597,1,87,Azzindani/Indonesian_Regulation_QA,54e65e937f1a8cc87cd0fc55eb944c0a6383efe1,"Isi legal dari Pasal 32 dalam Undang-Undang Republik Indonesia No 29 Tahun 2009 tentang Pemerintahan Provinsi Daerah Khusus Ibukota Jakarta:
Cukup jelas.<|im_end|>","Isi legal dari Pasal 32 dalam Undang-Undang Republik Indonesia No 29 Tahun 2009 tentang Pemerintahan Provinsi Daerah Khusus Ibukota Jakarta:
Cukup jelas.",0.612245,0.666667,0,0.0,40,1.5106,False,,,,,,,,
qa-test-00146,qa_test,"Menurut Ng-Undang Republik Indonesia No 8 Tahun 2009, apa yang diatur dalam Pasal 8?","Rumusan Pasal berdasarkan Pasal 8 dalam Ng-Undang Republik Indonesia No 8 Tahun 2009 tentang Pertanggungjawaban Atas Pelaksanaan:
Dalam hal realisasi anggaran pengeluaran melebihi realisasi anggaran penerimaan tahun anggaran berjalan dan terdapat pengembalian pendapatan tahun yang lalu, maka SAL dapat digunakan.",answer:baed439e7b91e9f0ebeeccdc1fc4625850d70831b7dff70ade304627ff0ef389,baed439e7b91e9f0ebeeccdc1fc4625850d70831b7dff70ade304627ff0ef389,train-00004-of-00021.parquet:3243456,1,102,Azzindani/Indonesian_Regulation_QA,54e65e937f1a8cc87cd0fc55eb944c0a6383efe1,"Rumusan Pasal berdasarkan Pasal 8 dalam Ng-Undang Republik Indonesia No 8 Tahun 2009 tentang Pertanggungjawaban Atas Pelaksanaan:
(1) Laporan Keuangan Pemerintah Pusat sebagaimana dimaksud dalam<|im_end|>","Rumusan Pasal berdasarkan Pasal 8 dalam Ng-Undang Republik Indonesia No 8 Tahun 2009 tentang Pertanggungjawaban Atas Pelaksanaan:
(1) Laporan Keuangan Pemerintah Pusat sebagaimana dimaksud dalam",0.567164,1.0,0,0.0,43,1.618,False,,,,,,,,
qa-test-00147,qa_test,Sebutkan semua ketentuan yang ada dalam Pasal 38 dari Keputusan No nan Tahun nan!,"Redaksional Pasal dalam Pasal 38 dalam Keputusan No nan Tahun nan tentang Kosmetik:
. BADAN PENGAWAS OBAT DAN MAKANAN REPUBLIK INDONESIA BAB VI WADAH DAN PENANDAAN Bagian Pertama Wadah",answer:be0a29b7c8df2d19e3edcac8dc5ebbfe6cc3575ea94f97a29dc590358c8ffc1c,be0a29b7c8df2d19e3edcac8dc5ebbfe6cc3575ea94f97a29dc590358c8ffc1c,train-00010-of-00021.parquet:9240634,1,82,Azzindani/Indonesian_Regulation_QA,54e65e937f1a8cc87cd0fc55eb944c0a6383efe1,"Redaksional Pasal dalam Pasal 38 dalam Keputusan No nan Tahun nan tentang Ketentuan Dan Tata Cara Pengawasan Barang Dan Atau Jasa:
(1) Dalam hal hasil pengawasan sebagaimana dimaksud dalam<|im_end|>","Redaksional Pasal dalam Pasal 38 dalam Keputusan No nan Tahun nan tentang Ketentuan Dan Tata Cara Pengawasan Barang Dan Atau Jasa:
(1) Dalam hal hasil pengawasan sebagaimana dimaksud dalam",0.491228,1.0,0,0.0,39,1.4691,False,,,,,,,,
qa-test-00148,qa_test,Berikan isi dokumen dari Pasal 63 dalam Peraturan Pemerintah Republik Indonesia No 6 Tahun 2021!,"Isi dokumen dari Pasal 63 dalam Peraturan Pemerintah Republik Indonesia No 6 Tahun 2021 tentang Penyelenggaraan Bidang Penerbangan:
,",peraturan pemerintah|6|2021,c0d460de5543aea7e0a77063eb1792a49acc4b977aa160427e868118d07e550f,train-00016-of-00021.parquet:15029770,1,70,Azzindani/Indonesian_Regulation_QA,54e65e937f1a8cc87cd0fc55eb944c0a6383efe1,"Isi dokumen dari Pasal 63 dalam Peraturan Pemerintah Republik Indonesia No 6 Tahun 2021 tentang Penyelenggaraan Bidang Pelayaran:
(1) Pengawasan terhadap kegiatan usaha angkutan laut sebagaimana dimaksud dalam<|im_end|>","Isi dokumen dari Pasal 63 dalam Peraturan Pemerintah Republik Indonesia No 6 Tahun 2021 tentang Penyelenggaraan Bidang Pelayaran:
(1) Pengawasan terhadap kegiatan usaha angkutan laut sebagaimana dimaksud dalam",0.73913,1.0,0,0.0,45,1.6882,False,,,,,,,,
qa-test-00149,qa_test,Kutipan isi Pasal 7 menurut Peraturan Menteri Keuangan Republik Indonesia No 79 Tahun 2023 berbunyi apa?,"Kutipan isi Pasal berbunyi: Pasal 7 dalam Peraturan Menteri Keuangan Republik Indonesia No 79 Tahun 2023 tentang Tata Cara Penilaian Untuk Tujuan Perpajakan:
Penilaian dilakukan melalui tahapan kegiatan: a. penyiapan bahan Penilaian; b. pengumpulan data objek dan data pendukung Penilaian; c. analisis data objek dan data pendukung Penilaian; d. penerapan Pendekatan Penilaian yang sesuai dengan objek Penilaian; dan e. penyusunan Laporan Penilaian. Bagian Kedua Penyiapan Bahan Penilaian",peraturan menteri|79|2023,c2194992aac8ac7cf6934a717e520e3c899e90bb0ba13972accc8f5331be8e73,train-00020-of-00021.parquet:19410442,1,151,Azzindani/Indonesian_Regulation_QA,54e65e937f1a8cc87cd0fc55eb944c0a6383efe1,"Kutipan isi Pasal berbunyi: Pasal 7 dalam Peraturan Menteri Keuangan Republik Indonesia No 79 Tahun 2023 tentang Tata Cara Pengenaan Tarif Bea Masuk Atas Barang Impor:
ayat (1) huruf a, huruf b, huruf c, huruf d, huruf e, huruf f, huruf g, huruf h, huruf i, huruf j, huruf k, huruf 1, huruf m, huruf n, huruf o, huruf p, huruf q, huruf r, huruf s, huruf t, huruf u, huruf v, huruf w, huruf x, huruf y, huruf z, huruf aa, huruf ab, huruf ac, huruf ad, huruf ae, huruf af, huruf ag, huruf ah, huruf ai, huruf aj, huruf ak, huruf al, huruf am, huruf an, huruf ao, huruf ap, huruf aq, huruf ar, huruf as, huruf at, huruf au, huruf av, huruf aw, huruf ax, huruf ay, huruf az, huruf ba, huruf bb, huruf bc, huruf bd, huruf be, huruf bf, huruf bg, huruf bh, huruf bi, huruf bj, huruf bk, huruf bl, huruf bm, huruf bn, huruf bo, huruf bp, huruf bq, huruf","Kutipan isi Pasal berbunyi: Pasal 7 dalam Peraturan Menteri Keuangan Republik Indonesia No 79 Tahun 2023 tentang Tata Cara Pengenaan Tarif Bea Masuk Atas Barang Impor:
ayat (1) huruf a, huruf b, huruf c, huruf d, huruf e, huruf f, huruf g, huruf h, huruf i, huruf j, huruf k, huruf 1, huruf m, huruf n, huruf o, huruf p, huruf q, huruf r, huruf s, huruf t, huruf u, huruf v, huruf w, huruf x, huruf y, huruf z, huruf aa, huruf ab, huruf ac, huruf ad, huruf ae, huruf af, huruf ag, huruf ah, huruf ai, huruf aj, huruf ak, huruf al, huruf am, huruf an, huruf ao, huruf ap, huruf aq, huruf ar, huruf as, huruf at, huruf au, huruf av, huruf aw, huruf ax, huruf ay, huruf az, huruf ba, huruf bb, huruf bc, huruf bd, huruf be, huruf bf, huruf bg, huruf bh, huruf bi, huruf bj, huruf bk, huruf bl, huruf bm, huruf bn, huruf bo, huruf bp, huruf bq, huruf",0.205128,1.0,0,0.0,256,9.3295,True,,,,,,,,
qa-test-00150,qa_test,Jelaskan kutipan resmi dari Pasal 18 menurut Peraturan Menteri Pendayagunaan Aparatur Negara No 44 Tahun 2020!,"Kutipan resmi dari Pasal 18 dalam Peraturan Menteri Pendayagunaan Aparatur Negara No 44 Tahun 2020 tentang Jabatan Fungsional Negosiator Perdagangan:
(1) Pengangkatan dalam Jabatan Fungsional Negosiator Perdagangan penyesuaian/ inpassing sebagaimana dimaksud dalam",peraturan menteri|44|2020,c2bf962e272046e204e8b1e557cb05e3bc3aa547e6b989aa98d6fa8a6e94f73c,train-00014-of-00021.parquet:13362221,1,112,Azzindani/Indonesian_Regulation_QA,54e65e937f1a8cc87cd0fc55eb944c0a6383efe1,"Kutipan resmi dari Pasal 18 dalam Peraturan Menteri Pendayagunaan Aparatur Negara No 44 Tahun 2020 tentang Jabatan Fungsional Asisten Penguji Prasarana Perkeretaapian:
(1) Pengangkatan dalam Jabatan Fungsional Asisten Penguji Prasarana Perkeretaapian melalui promosi sebagaimana dimaksud dalam<|im_end|>","Kutipan resmi dari Pasal 18 dalam Peraturan Menteri Pendayagunaan Aparatur Negara No 44 Tahun 2020 tentang Jabatan Fungsional Asisten Penguji Prasarana Perkeretaapian:
(1) Pengangkatan dalam Jabatan Fungsional Asisten Penguji Prasarana Perkeretaapian melalui promosi sebagaimana dimaksud dalam",0.764706,1.0,0,0.032258,80,2.9577,False,,,,,,,,
qa-test-00151,qa_test,Apa isi legal dari Pasal 100 dalam Peraturan Menteri No 15 Tahun 2020?,"Isi legal dari Pasal 100 dalam Peraturan Menteri No 15 Tahun 2020 tentang Organisasi Dan Tata Kerja:
Subbagian Rumah Tangga dan Perlengkapan sebagaimana dimaksud dalam",peraturan menteri|15|2020,c3d3306e1500645d01fec8342e74adea9d8cff36d38efa98172f9c5b06c0baab,train-00016-of-00021.parquet:15690597,1,78,Azzindani/Indonesian_Regulation_QA,54e65e937f1a8cc87cd0fc55eb944c0a6383efe1,"Isi legal dari Pasal 100 dalam Peraturan Menteri No 15 Tahun 2020 tentang Perubahan Atas Peraturan Menteri Desa, Pembangunan Daerah:
diubah sehingga berbunyi sebagai berikut:<|im_end|>","Isi legal dari Pasal 100 dalam Peraturan Menteri No 15 Tahun 2020 tentang Perubahan Atas Peraturan Menteri Desa, Pembangunan Daerah:
diubah sehingga berbunyi sebagai berikut:",0.52,1.0,0,0.0,42,1.584,False,,,,,,,,
qa-test-00152,qa_test,Kutipan isi Pasal 58 menurut Peraturan Menter! Perdagangan Republik Indonesia No 36 Tahun 2023 berbunyi apa?,"Kutipan isi Pasal berbunyi: Pasal 58 dalam Peraturan Menter! Perdagangan Republik Indonesia No 36 Tahun 2023 tentang Kebijakan Dan Pengaturan Impor:
(1) Selain dapat dikenai sanksi administratif sebagaimana dimaksud dalam",answer:c7d2038b2449a8617b47d49abfdc9567bbaf3f53dd96a27c4b266c8906f24c2d,c7d2038b2449a8617b47d49abfdc9567bbaf3f53dd96a27c4b266c8906f24c2d,train-00020-of-00021.parquet:19508967,1,95,Azzindani/Indonesian_Regulation_QA,54e65e937f1a8cc87cd0fc55eb944c0a6383efe1,"Kutipan isi Pasal berbunyi: Pasal 58 dalam Peraturan Menter! Perdagangan Republik Indonesia No 36 Tahun 2023 tentang Kebijakan Dan Pengaturan Impor:
ayat (1) huruf a,<|im_end|>","Kutipan isi Pasal berbunyi: Pasal 58 dalam Peraturan Menter! Perdagangan Republik Indonesia No 36 Tahun 2023 tentang Kebijakan Dan Pengaturan Impor:
ayat (1) huruf a,",0.8,1.0,0,0.0,47,1.7622,False,,,,,,,,
qa-test-00153,qa_test,Kutipan isi Pasal 32 menurut Peraturan Pemerintah Republik Indonesia No 34 Tahun 2006 berbunyi apa?,"Kutipan isi Pasal berbunyi: Pasal 32 dalam Peraturan Pemerintah Republik Indonesia No 34 Tahun 2006 tentang Jalan:
ayat (1) dilakukan oleh penyelenggara jalan sesuai kewenangannya berdasarkan pedoman yang ditetapkan oleh Menteri. BAB VI PENYELENGGARAAN JALAN Bagian Pertama Umum",peraturan pemerintah|34|2006,c967b0a1f07e19795dfea0022e1ade81565a2330f6c38ac9bbf7b66e0d6fe2ec,train-00002-of-00021.parquet:1115717,1,108,Azzindani/Indonesian_Regulation_QA,54e65e937f1a8cc87cd0fc55eb944c0a6383efe1,"Kutipan isi Pasal berbunyi: Pasal 32 dalam Peraturan Pemerintah Republik Indonesia No 34 Tahun 2006 tentang Perubahan Atas Peraturan Pemerintah Nomor 27 Tahun 2000 Tentang:
ayat (1) huruf b, huruf c, huruf d, huruf e, huruf f, huruf g, huruf h, huruf i, huruf j, huruf k, huruf l, huruf m, huruf n, huruf o, huruf p, huruf q, huruf r, huruf s, huruf t, huruf u, huruf v, huruf w, huruf x, huruf y, huruf z, huruf aa, huruf ab, huruf ac, huruf ad, huruf ae, huruf af, huruf ag, huruf ah, huruf ai, huruf aj, huruf ak, huruf al, huruf am, huruf an, huruf ao, huruf ap, huruf aq, huruf ar, huruf as, huruf at, huruf au, huruf av, huruf aw, huruf ax, huruf ay, huruf az, huruf ba, huruf bb, huruf bc, huruf bd, huruf be, huruf bf, huruf bg, huruf bh, huruf bi, huruf bj, huruf bk, huruf bl, huruf bm, huruf bn, huruf bo, huruf bp, huruf bq, huruf br","Kutipan isi Pasal berbunyi: Pasal 32 dalam Peraturan Pemerintah Republik Indonesia No 34 Tahun 2006 tentang Perubahan Atas Peraturan Pemerintah Nomor 27 Tahun 2000 Tentang:
ayat (1) huruf b, huruf c, huruf d, huruf e, huruf f, huruf g, huruf h, huruf i, huruf j, huruf k, huruf l, huruf m, huruf n, huruf o, huruf p, huruf q, huruf r, huruf s, huruf t, huruf u, huruf v, huruf w, huruf x, huruf y, huruf z, huruf aa, huruf ab, huruf ac, huruf ad, huruf ae, huruf af, huruf ag, huruf ah, huruf ai, huruf aj, huruf ak, huruf al, huruf am, huruf an, huruf ao, huruf ap, huruf aq, huruf ar, huruf as, huruf at, huruf au, huruf av, huruf aw, huruf ax, huruf ay, huruf az, huruf ba, huruf bb, huruf bc, huruf bd, huruf be, huruf bf, huruf bg, huruf bh, huruf bi, huruf bj, huruf bk, huruf bl, huruf bm, huruf bn, huruf bo, huruf bp, huruf bq, huruf br",0.17734,1.0,0,0.0,256,9.3213,True,,,,,,,,
qa-test-00154,qa_test,Berikan isi dokumen dari Pasal 70 dalam Peraturan Presiden Republik Indonesia No 31 Tahun 2015!,"Isi dokumen dari Pasal 70 dalam Peraturan Presiden Republik Indonesia No 31 Tahun 2015 tentang Rencana Tata Ruang Kawasan Perbatasan Negara:
(1) Arahan peraturan zonasi sebagaimana dimaksud dalam",peraturan presiden|31|2015,cd38a828cce63346fd33a444b1ed13a4441aa725f81369fc2af9217d3f3fcd92,train-00003-of-00021.parquet:2947645,1,83,Azzindani/Indonesian_Regulation_QA,54e65e937f1a8cc87cd0fc55eb944c0a6383efe1,"Isi dokumen dari Pasal 70 dalam Peraturan Presiden Republik Indonesia No 31 Tahun 2015 tentang Kementerian Negara, Perlu:
(1) Direktorat Jenderal Perencanaan Pembangunan Nasional berada di bawah dan bertanggung jawab kepada Menteri. (2) Direktorat Jenderal Perencanaan Pembangunan Nasional dipimpin oleh Direktur Jenderal.<|im_end|>","Isi dokumen dari Pasal 70 dalam Peraturan Presiden Republik Indonesia No 31 Tahun 2015 tentang Kementerian Negara, Perlu:
(1) Direktorat Jenderal Perencanaan Pembangunan Nasional berada di bawah dan bertanggung jawab kepada Menteri. (2) Direktorat Jenderal Perencanaan Pembangunan Nasional dipimpin oleh Direktur Jenderal.",0.485714,1.0,0,0.0,63,2.3344,False,,,,,,,,
qa-test-00155,qa_test,Sebutkan ketentuan resmi dari Pasal 21 menurut Peraturan Menteri Pemuda Dan Olahraga No 3 Tahun 2024!,"Bacaan isi hukum Pasal berdasarkan Pasal 21 dalam Peraturan Menteri Pemuda Dan Olahraga No 3 Tahun 2024 tentang Tata Cara Pemberian Rekomendasi:
ayat (1) paling lambat 60 (enam puluh) hari kerja sejak permohonan Rekomendasi dinyatakan lengkap. (2) Menteri melimpahkan kewenangan penerbitan surat Rekomendasi kepada Sekretaris Kementerian dan deputi sesuai tugas dan fungsi berdasarkan ketentuan penugasan sebagaimana dimaksud dalam",peraturan menteri|3|2024,cd7cb3768c40ea758a2f9902a408faec3c697bc31bf7da84b82f46e38b58d8ff,train-00020-of-00021.parquet:19545814,1,130,Azzindani/Indonesian_Regulation_QA,54e65e937f1a8cc87cd0fc55eb944c0a6383efe1,"Bacaan isi hukum Pasal berdasarkan Pasal 21 dalam Peraturan Menteri Pemuda Dan Olahraga No 3 Tahun 2024 tentang Perubahan Atas Peraturan Menteri Pemuda Dan Olahraga:
diubah sehingga berbunyi sebagai berikut:<|im_end|>","Bacaan isi hukum Pasal berdasarkan Pasal 21 dalam Peraturan Menteri Pemuda Dan Olahraga No 3 Tahun 2024 tentang Perubahan Atas Peraturan Menteri Pemuda Dan Olahraga:
diubah sehingga berbunyi sebagai berikut:",0.454545,1.0,0,0.0,44,1.6458,False,,,,,,,,
qa-test-00156,qa_test,Sebutkan ketentuan resmi dari Pasal 43 menurut Peraturan Pemerintah Republik Indonesia No 32 Tahun 2011!,"Bacaan isi hukum Pasal berdasarkan Pasal 43 dalam Peraturan Pemerintah Republik Indonesia No 32 Tahun 2011 tentang Manajemen Dan Rekayasa, Analisis Dampak,:
Pengawasan sebagaimana dimaksud dalam",peraturan pemerintah|32|2011,cd980e9f8c9eeabc83db2b9d54d6152f476ac0e7667b9eeee5ba6d8c98807a54,train-00009-of-00021.parquet:8119789,1,81,Azzindani/Indonesian_Regulation_QA,54e65e937f1a8cc87cd0fc55eb944c0a6383efe1,"Bacaan isi hukum Pasal berdasarkan Pasal 43 dalam Peraturan Pemerintah Republik Indonesia No 32 Tahun 2011 tentang Pelayanan Darah:
Cukup jelas.<|im_end|>","Bacaan isi hukum Pasal berdasarkan Pasal 43 dalam Peraturan Pemerintah Republik Indonesia No 32 Tahun 2011 tentang Pelayanan Darah:
Cukup jelas.",0.723404,1.0,0,0.0,36,1.3596,False,,,,,,,,
qa-test-00157,qa_test,Tunjukkan kutipan teks dari Pasal 10 menurut Undang- Undang Republik Indonesia No 1 Tahun 2013!,"Kutipan isi Pasal sesuai teks asli dalam Pasal 10 dalam Undang- Undang Republik Indonesia No 1 Tahun 2013 tentang Lembaga Keuangan Mikro:
Ketentuan lebih lanjut mengenai permodalan sebagaimana dimaksud dalam",answer:cdaefe45c6b755007317a39ff83ee2f489afc8bb0cf70758025b35f28224b500,cdaefe45c6b755007317a39ff83ee2f489afc8bb0cf70758025b35f28224b500,train-00002-of-00021.parquet:1638637,1,85,Azzindani/Indonesian_Regulation_QA,54e65e937f1a8cc87cd0fc55eb944c0a6383efe1,"Kutipan isi Pasal sesuai teks asli dalam Pasal 10 dalam Undang- Undang Republik Indonesia No 1 Tahun 2013 tentang Lembaga Keuangan Mikro:
Cukup jelas.<|im_end|>","Kutipan isi Pasal sesuai teks asli dalam Pasal 10 dalam Undang- Undang Republik Indonesia No 1 Tahun 2013 tentang Lembaga Keuangan Mikro:
Cukup jelas.",0.814815,1.0,0,0.0,39,1.4637,False,,,,,,,,
qa-test-00158,qa_test,Berikan bunyi asli dari Pasal 14 menurut Peraturan Pemerintah Republik Indonesia No 35 Tahun 2016!,"kaca/kasa 1) Impor 2\ Ekspor 3) Antar area b.Gudang Penyimpanan Media Pembawa 1) Impor 2l Ekspor 3) Antar area c.Ruang Pendingin 1) Impor 2l Ekspor 3) Antar area Incinerator 1) Impor 2l Ekspor 3) Antar area Lahan isolasi (Quarantine Plot) 1) Impord. e.per m2 per hari per m2 per hari per m2 per hari per m2 per hari per m2 per hari per m2 per hari per m3 per m3 per m3 per ms per m3 per m3 per m2 per hariRp 1.000,00 500,00 100,00Rp Rp Rp s00,00 250,00 50,00Rp Rp Rp Rp Rp1.000,00 1.000,00 1.000,00 Rp Rp Rp10.000,oo 10.o00,00 10.000,oo 25,00 Rp 2) Ekspor www.regulasip.com PRESIDEI\ REPUBLII( IN DON ES IA-155- JENIS PENERIMAAN NEGARA BUKAN PAJAK SATUAN TARIF 2l Ekspor 3) Antar area 3. Dokumen tindakan karantina Sertifikat Fumigasi/ Certificate Fumigation, Certificate of Desinfechon/ Desinfestation, Sertifikat Perlakuan, Sertifikat Pelepasan, Karantina Tumbuhan/ Keamanan PSAT, Phgtosanitary Certificate, Phgtosanitary Certificate for Re-Export, Sertifikat Kesehatan Tumbuhan Antar Area. 4. Penyelenggara Uji Profisiensi VI. JASA LAYANAN PENGUJIAN DAN ANALISIS SERTA SERTIFIKASI A. Pengujian Mutu Pestisida 1. Kadar bahan aktif pestisida 2. Kadar bipiridil 3. Kadar terpiridil 4. Pengujian Kadar Emetik 5. Sifat hsiko kimia formula: a.pHper m2 per hari per m2 per hari Per sertifikat per laboratori um per bahan aktif per sampel per sampel per sampel per sampel per sampel25,00 10,00 5.000,00 Rp1.500.000,oo Rp 500.000,00 500.000,00 1.500.000,00 75.OOO,OORp Rp Rp 500.000,00Rp Rp Rp Rp b. Keasaman www.regulasip.com PRESIDEI\ REFUBLII( II\ DONIES IA-156- JENIS PENERIMAAN NEGARA BUKAN PA""IAK SATUAN TARIF. b. Keasaman/ kebasaan c. Indek bias d. Kekentalan e. Bobotjenis/ kerapatan jenis f. Ukuran partikel g. Kepadatan tepung [ap/ bulk densitg) h. Kadar air (metode karl fischer) B. Pengujian Residu Pestisida 1. Hasil pertanian a. Pengujian Kadar Bahan Aktif Pestisida (Metode Gas Chromatograph (GC)) b. Pengujian Kadar Bahan Aktif Pestisida (Metode High Performance Liquid Chromatograph (HPLC)) 2. Tanah a. Pengujian Kadar Bahan Aktif Pestisida (Metode Gas Chro mato g raph ( GC ) )per sampel per sampel per sampel per sampel per sampel per sampel per sampel per bahan aktif per sampel per bahan aktif per sampel per bahan aktif per sampel75.000,00 50.000,00 50.000,00 75.000,00 50.ooo,oo 50.000,00 200.000,00 Rp 500.000,00 Rp 900.00 0,00 Rp 500.000,00Rp Rp Rp Rp Rp Rp Rp b. Pengujian www.regulasip.com PRESIDEN REPU BLII( IN DO I\ ESIA-157- JENIS PENERIMAAN NEGARA BUKAN PAJAK SATUAN TARIF b. Pengujian Kadar Bahan Aktif Pestisida (Metode High Performance Liquid Chromatograph (HPLC)) 3. Kayu a. Pengujian Kadar Bahan Aktif Pestisida (Metode Gas Chromatograph (GC) ) b. Pengujian Kadar Bahan Aktif Pestisida (Metode High Performance Liquid Chromatograph (HPLC)) 4. Air a. Pengujian Kadar Bahan Aktif Pestisida (Metode Gas Chromatograph (GC) ) b. Pengujian Kadar Bahan Aktif Pestisida (Metode High Perfonnance Liquid Chromatograph (HPLC)) 5. Metode Screening dengan Mass Spectrometri - Mass Spectrometri (MS-MS) a. Preparasi dan Screening dengan MS-MS b. Penetapan setelah Screaningper bahan aktif per sampel per bahan aktif per sampel per bahan aktif per sampel per bahan aktif per sampel per bahan aktif per sampel per sampel per bahan aktif per sampelRp 900.000,00 Rp500.000,00 900.000,00Rp Rp 650.000,00 Rp 9O0.O0O,0O Rp1.000.oo0,00 250.OOO,00Rp C. Penguj ian www.regulasip.com FRESIDEN R",peraturan pemerintah|35|2016,ce235182f9b333f33cf684a0e97d5fa274dc7e5a95a6bf8dde21299b5c5244ba,train-00002-of-00021.parquet:1110650,1,1338,Azzindani/Indonesian_Regulation_QA,54e65e937f1a8cc87cd0fc55eb944c0a6383efe1,(1) Dalam hal hasil evaluasi sebagaimana dimaksud dalam<|im_end|>,(1) Dalam hal hasil evaluasi sebagaimana dimaksud dalam,0.006579,nan,0,0.0,11,0.4554,False,,,,,,,,
qa-test-00159,qa_test,Apa saja hal yang dijelaskan dalam Pasal 92 dari Peraturan Menteri Agama Republik Indonesia No 16 Tahun 2009?,"Berikut adalah isi hukum dari Pasal 92 dalam Peraturan Menteri Agama Republik Indonesia No 16 Tahun 2009 tentang Statuta Sekolah Tinggi Agama Kristen Protestan Negeri:
(1)Pengadaan barang/jasa dilakukan berdasarkan prinsip efisiensi, ekonomis , transparan, dan akuntabel. (2)Pengadaan barang/jasa sebagaimana dimaksud pada ayat (1) yang bersumber dari APBN mengacu pada ketentuan peraturan perundang -undangan. Bagian Keempat Kekayaan Paragraf 1 Umum",peraturan menteri|16|2009,cfd7ce85085b3da248373855bb893924fc3a24dc492126071d48bc0395ebd196,train-00004-of-00021.parquet:3686986,1,147,Azzindani/Indonesian_Regulation_QA,54e65e937f1a8cc87cd0fc55eb944c0a6383efe1,"Berikut adalah isi hukum dari Pasal 92 dalam Peraturan Menteri Agama Republik Indonesia No 16 Tahun 2009 tentang Statuta Institut Agama Islam Negeri Kudus:
(1) Institut dapat memberikan penghargaan kepada Dosen, Mahasiswa, Tenaga Kependidikan, dan pihak lain yang berjasa bagi kemajuan dan pengembangan Institut. (2) Penghargaan sebagaimana dimaksud pada ayat (1) dapat berupa penghargaan akademik dan/atau nonakademik. (3) Ketentuan lebih lanjut mengenai penghargaan sebagaimana dimaksud pada ayat (1) ditetapkan dengan Keputusan Rektor. Bagian Keempat Gelar, Ijazah, dan Penghargaan<|im_end|>","Berikut adalah isi hukum dari Pasal 92 dalam Peraturan Menteri Agama Republik Indonesia No 16 Tahun 2009 tentang Statuta Institut Agama Islam Negeri Kudus:
(1) Institut dapat memberikan penghargaan kepada Dosen, Mahasiswa, Tenaga Kependidikan, dan pihak lain yang berjasa bagi kemajuan dan pengembangan Institut. (2) Penghargaan sebagaimana dimaksud pada ayat (1) dapat berupa penghargaan akademik dan/atau nonakademik. (3) Ketentuan lebih lanjut mengenai penghargaan sebagaimana dimaksud pada ayat (1) ditetapkan dengan Keputusan Rektor. Bagian Keempat Gelar, Ijazah, dan Penghargaan",0.496454,1.0,0,0.013514,124,4.5376,False,,,,,,,,
qa-test-00160,qa_test,Berikan isi dokumen dari Pasal 165 dalam Undang-Undang Republik Indonesia No 17 Tahun 2008!,"Isi dokumen dari Pasal 165 dalam Undang-Undang Republik Indonesia No 17 Tahun 2008 tentang P E L A Y A R A N:
ayat (1) dikenakan sanksi administratif, berupa: a. peringatan; b. denda administratif; c. pembekuan izin atau pembekuan sertifikat; d. pencabutan izin atau pencabutan sertifikat; e. tidak diberikan sertifikat; atau f. tidak diberikan Surat Persetujuan Berlayar. (2) Pejabat pemerintah yang melanggar ketentuan sebagaimana dimaksud dalam",undang-undang|17|2008,cfdf242b27a5cd498458abafcea53c5a364494351c3b1479eabc2959e4ea95b7,train-00004-of-00021.parquet:3383595,1,151,Azzindani/Indonesian_Regulation_QA,54e65e937f1a8cc87cd0fc55eb944c0a6383efe1,"Isi dokumen dari Pasal 165 dalam Undang-Undang Republik Indonesia No 17 Tahun 2008 tentang Perubahan Atas Undang-Undang:
A (1) Dalam hal terdapat perbedaan pendapat dalam pengambilan keputusan, keputusan diambil berdasarkan musyawarah untuk mufakat. (2) Dalam hal musyawarah untuk mufakat sebagaimana dimaksud pada ayat (1) tidak tercapai, keputusan diambil berdasarkan suara terbanyak. (3) Keputusan yang diambil berdasarkan suara terbanyak sebagaimana dimaksud pada ayat (2) harus mendapat dukungan sekurang-kurangnya 2/3 (dua per tiga) dari jumlah anggota yang hadir. 21. Ketentuan<|im_end|>","Isi dokumen dari Pasal 165 dalam Undang-Undang Republik Indonesia No 17 Tahun 2008 tentang Perubahan Atas Undang-Undang:
A (1) Dalam hal terdapat perbedaan pendapat dalam pengambilan keputusan, keputusan diambil berdasarkan musyawarah untuk mufakat. (2) Dalam hal musyawarah untuk mufakat sebagaimana dimaksud pada ayat (1) tidak tercapai, keputusan diambil berdasarkan suara terbanyak. (3) Keputusan yang diambil berdasarkan suara terbanyak sebagaimana dimaksud pada ayat (2) harus mendapat dukungan sekurang-kurangnya 2/3 (dua per tiga) dari jumlah anggota yang hadir. 21. Ketentuan",0.33557,1.0,0,0.0,136,5.0101,False,,,,,,,,
qa-test-00161,qa_test,Apa saja elemen/komponen yang dibahas dalam Pasal 71 dari Undang -Undang Republik Ind Onesia No 11 Tahun 2022?,"Isi resmi sebagaimana tercatat dalam Pasal 71 dalam Undang -Undang Republik Ind Onesia No 11 Tahun 2022 tentang Keolahragaan:
Tenaga Keolahragaan asing yang bertugas pada setiap Organisasi Olahraga dan/atau lembaga Olahraga wajib: a. memiliki kualifikasi dan sertifikat kompetensi; b. mendapatkan rekomendasi dari Induk Organisasi Cabang Olahraga atau institusi lain yang relevan ; c. mendapatkan izin dari instansi Pemerintah Pusat yang berwenang sesuai dengan ketentuan peraturan perundang -undangan; dan d. menaati norma, budaya, dan adat istiadat Masyarakat setempat.",answer:d03768dee82065b0e8873d9779d7a60e9b3b9bde83e71816ad41baeaa1be0423,d03768dee82065b0e8873d9779d7a60e9b3b9bde83e71816ad41baeaa1be0423,train-00016-of-00021.parquet:15900485,1,167,Azzindani/Indonesian_Regulation_QA,54e65e937f1a8cc87cd0fc55eb944c0a6383efe1,"Isi resmi sebagaimana tercatat dalam Pasal 71 dalam Undang -Undang Republik Ind Onesia No 11 Tahun 2022 tentang Keolahragaan:
Cukup jelas.<|im_end|>","Isi resmi sebagaimana tercatat dalam Pasal 71 dalam Undang -Undang Republik Ind Onesia No 11 Tahun 2022 tentang Keolahragaan:
Cukup jelas.",0.387755,1.0,0,0.0,40,1.513,False,,,,,,,,
qa-test-00162,qa_test,Tulis isi hukum dari Pasal 6 dalam Undang-Undang Republik Indonesia No 20 Tahun 2003!,"Isi hukum dari Pasal 6 dalam Undang-Undang Republik Indonesia No 20 Tahun 2003 tentang Sistem Pendidikan Nasional:
(1) Setiap warga negara yang berusia tujuh sampai dengan lima belas tahun wajib mengikuti pendidikan dasar. (2) Setiap warga negara bertanggung jawab terhadap keberlangsungan penyelenggaraan pendidikan. Bagian Kedua Hak dan Kewajiban Orang Tua",undang-undang|20|2003,d072e24b9750bfe09f96195fb993157b642cf335d7aead1156bc0e45686486ce,train-00003-of-00021.parquet:2512243,1,112,Azzindani/Indonesian_Regulation_QA,54e65e937f1a8cc87cd0fc55eb944c0a6383efe1,"Isi hukum dari Pasal 6 dalam Undang-Undang Republik Indonesia No 20 Tahun 2003 tentang Sistem Jaminan Sosial Nasional:
Cukup jelas<|im_end|>","Isi hukum dari Pasal 6 dalam Undang-Undang Republik Indonesia No 20 Tahun 2003 tentang Sistem Jaminan Sosial Nasional:
Cukup jelas",0.472222,1.0,0,0.0,36,1.3656,False,,,,,,,,
qa-test-00163,qa_test,"Menurut Peraturan Menteri Perindustrian Republik Indonesia No 16 Tahun 2022, apa yang diatur dalam Pasal 93?","Rumusan Pasal berdasarkan Pasal 93 dalam Peraturan Menteri Perindustrian Republik Indonesia No 16 Tahun 2022 tentang Statuta Politeknik Ati Padang:
(1) Otonomi dalam bidang keuangan mencakup kewenangan Politeknik ATI Padang untuk menerima, menyimpan, dan menggunakan dana yang berasal dari masyarakat dan pendanaan dari sumber lain yang sah dan tidak mengikat sesuai dengan ketentuan peraturan perundang - undangan. (2) Untuk mengelola dana sebagaimana dimaksud pada ayat (1), Direktur menyelenggarakan pembukuan terpadu berdasarkan ketentuan peraturan perundang -undangan di bidang administrasi keuangan.",peraturan menteri|16|2022,d0df066f45272b34a2860dca6becf7319d8a64753963908231ad235c4d185b4a,train-00018-of-00021.parquet:17355256,1,167,Azzindani/Indonesian_Regulation_QA,54e65e937f1a8cc87cd0fc55eb944c0a6383efe1,"Rumusan Pasal berdasarkan Pasal 93 dalam Peraturan Menteri Perindustrian Republik Indonesia No 16 Tahun 2022 tentang Statuta Politeknik Ati Makassar:
(1) Direktur diangkat dan diberhentikan oleh Menteri. (2) Masa jabatan Direktur selama 4 (empat) tahun dan dapat diangkat kembali untuk 1 (satu) kali masa jabatan.<|im_end|>","Rumusan Pasal berdasarkan Pasal 93 dalam Peraturan Menteri Perindustrian Republik Indonesia No 16 Tahun 2022 tentang Statuta Politeknik Ati Makassar:
(1) Direktur diangkat dan diberhentikan oleh Menteri. (2) Masa jabatan Direktur selama 4 (empat) tahun dan dapat diangkat kembali untuk 1 (satu) kali masa jabatan.",0.422764,1.0,0,0.0,80,2.9612,False,,,,,,,,
qa-test-00164,qa_test,Apa redaksi asli dari Pasal 88 dalam Peraturan Pemerintah Republik Indonesia No 6 Tahun 2021?,"Frasa hukum penting dalam Pasal 88 dalam Peraturan Pemerintah Republik Indonesia No 6 Tahun 2021 tentang Penyelenggaraan Bidang Pertanian:
(1) Pemohon Hak PVT berhak mengajukan sanggahan terhadap keberatan sebagaimana dimaksud dalam",peraturan pemerintah|6|2021,d24189469f4a334ce42847b486111542f218f8b06a2661076476f0dcd318eeea,train-00015-of-00021.parquet:14862013,1,88,Azzindani/Indonesian_Regulation_QA,54e65e937f1a8cc87cd0fc55eb944c0a6383efe1,"Frasa hukum penting dalam Pasal 88 dalam Peraturan Pemerintah Republik Indonesia No 6 Tahun 2021 tentang Penyelenggaraan Bidang Pelayaran:
(1) Pengawasan terhadap kegiatan usaha angkutan laut sebagaimana dimaksud dalam<|im_end|>","Frasa hukum penting dalam Pasal 88 dalam Peraturan Pemerintah Republik Indonesia No 6 Tahun 2021 tentang Penyelenggaraan Bidang Pelayaran:
(1) Pengawasan terhadap kegiatan usaha angkutan laut sebagaimana dimaksud dalam",0.766667,1.0,0,0.0,47,1.7624,False,,,,,,,,
qa-test-00165,qa_test,Apa saja elemen/komponen yang dibahas dalam Pasal 63 dari Peraturan Pemerintah Republik Indonesia No 6 Tahun 2021?,"Isi resmi sebagaimana tercatat dalam Pasal 63 dalam Peraturan Pemerintah Republik Indonesia No 6 Tahun 2021 tentang Penyelenggaraan Bidang Jaminan Produk Halal:
Dokumen pengolahan Produk sebagaimana dimaksud dalam",peraturan pemerintah|6|2021,d26553331bee4ec75a80a5dbd3a1398efbf820ccd9aa107a0559b72815d618be,train-00015-of-00021.parquet:14363160,1,87,Azzindani/Indonesian_Regulation_QA,54e65e937f1a8cc87cd0fc55eb944c0a6383efe1,"Isi resmi sebagaimana tercatat dalam Pasal 63 dalam Peraturan Pemerintah Republik Indonesia No 6 Tahun 2021 tentang Penyelenggaraan Bidang Pelayaran:
(1) Pengawasan terhadap kegiatan usaha angkutan laut sebagaimana dimaksud dalam<|im_end|>","Isi resmi sebagaimana tercatat dalam Pasal 63 dalam Peraturan Pemerintah Republik Indonesia No 6 Tahun 2021 tentang Penyelenggaraan Bidang Pelayaran:
(1) Pengawasan terhadap kegiatan usaha angkutan laut sebagaimana dimaksud dalam",0.758621,1.0,0,0.0,47,1.7629,False,,,,,,,,
qa-test-00166,qa_test,Jelaskan kutipan resmi dari Pasal 19 menurut Kabupaten Aceh Barat No 8 Tahun 2015!,"Kutipan resmi dari Pasal 19 dalam Kabupaten Aceh Barat No 8 Tahun 2015 tentang Izin Lingkungan:
(1) Setiap orang yang melakukan usaha dan/atau kegiatan tanpa memiliki Izin Lingkungan sebagaimana dimaksud dalam",answer:d2f1fda3032903e80478f7cf711d3766e677ad55796c07ac0993a9a8fd30bda5,d2f1fda3032903e80478f7cf711d3766e677ad55796c07ac0993a9a8fd30bda5,train-00009-of-00021.parquet:8889946,1,86,Azzindani/Indonesian_Regulation_QA,54e65e937f1a8cc87cd0fc55eb944c0a6383efe1,"Kutipan resmi dari Pasal 19 dalam Kabupaten Aceh Barat No 8 Tahun 2015 tentang Izin Lokasi, Izin Pengelolaan Dan Izin Lokasi Di Laut:
(1) Izin Lokasi, Izin Pengelolaan dan Izin Lokasi di Laut sebagaimana dimaksud dalam<|im_end|>","Kutipan resmi dari Pasal 19 dalam Kabupaten Aceh Barat No 8 Tahun 2015 tentang Izin Lokasi, Izin Pengelolaan Dan Izin Lokasi Di Laut:
(1) Izin Lokasi, Izin Pengelolaan dan Izin Lokasi di Laut sebagaimana dimaksud dalam",0.617647,1.0,0,0.129032,58,2.1636,False,,,,,,,,
qa-test-00167,qa_test,Kutipan isi Pasal 52 menurut Peraturan Presiden Republik Indonesia No 11 Tahun 2008 berbunyi apa?,"Kutipan isi Pasal berbunyi: Pasal 52 dalam Peraturan Presiden Republik Indonesia No 11 Tahun 2008 tentang Rencana Tata Ruang Kawasan Perbatasan Negara:
(1) Zona L3 yang merupakan taman hutan raya sebagaimana dimaksud dalam",peraturan presiden|11|2008,d42bd7dffeef41409a74c7f861123648496a63f5ac4cca4ac9c8f71df9758884,train-00003-of-00021.parquet:2288042,1,92,Azzindani/Indonesian_Regulation_QA,54e65e937f1a8cc87cd0fc55eb944c0a6383efe1,"Kutipan isi Pasal berbunyi: Pasal 52 dalam Peraturan Presiden Republik Indonesia No 11 Tahun 2008 tentang Badan Nasional Pena Nggulangan Bencana:
(1) Deputi Bidang Pencegahan dan Kesiapsiagaan berada di bawah dan bertanggung jawab kepada Kepala. (2) Deputi Bidang Pencegahan dan Kesiapsiagaan dipimpin oleh Deputi.<|im_end|>","Kutipan isi Pasal berbunyi: Pasal 52 dalam Peraturan Presiden Republik Indonesia No 11 Tahun 2008 tentang Badan Nasional Pena Nggulangan Bencana:
(1) Deputi Bidang Pencegahan dan Kesiapsiagaan berada di bawah dan bertanggung jawab kepada Kepala. (2) Deputi Bidang Pencegahan dan Kesiapsiagaan dipimpin oleh Deputi.",0.441558,1.0,0,0.0,85,3.1446,False,,,,,,,,
qa-test-00168,qa_test,Apa saja poin yang tercantum dalam Pasal 10 dalam Peraturan Pemerintah Republ Ik Indonesia No 29 Tahun 2000?,"Berikut kutipan verbatim dari Pasal 10 dalam Peraturan Pemerintah Republ Ik Indonesia No 29 Tahun 2000 tentang Penyelenggaraan Jasa Konstruksi:
(1) Pemilihan pelaksana konstruksi dengan cara pelelangan terbatas sebagaimana dimaksud dalam",peraturan pemerintah|29|2000,d433779ea8ff5b2a25b0b5a345834bbcaed4d9c3d580813b1144c433abc7faa1,train-00009-of-00021.parquet:8212808,1,94,Azzindani/Indonesian_Regulation_QA,54e65e937f1a8cc87cd0fc55eb944c0a6383efe1,"Berikut kutipan verbatim dari Pasal 10 dalam Peraturan Pemerintah Republ Ik Indonesia No 29 Tahun 2000 tentang Lembaga Penyedia Jasa Pelayanan Penyelesaian Sengketa:
(1) Lembaga Penyedia Jasa sebagaimana dimaksud dalam<|im_end|>","Berikut kutipan verbatim dari Pasal 10 dalam Peraturan Pemerintah Republ Ik Indonesia No 29 Tahun 2000 tentang Lembaga Penyedia Jasa Pelayanan Penyelesaian Sengketa:
(1) Lembaga Penyedia Jasa sebagaimana dimaksud dalam",0.721311,1.0,0,0.0,52,1.9448,False,,,,,,,,
qa-test-00169,qa_test,Sampaikan isi hukum dalam Pasal 58 dari Peraturan Pemerintah Republik Indonesia No 32 Tahun 2011!,"Ketentuan hukum dalam Pasal 58 dalam Peraturan Pemerintah Republik Indonesia No 32 Tahun 2011 tentang Manajemen Dan Rekayasa, Analisis Dampak,:
Cukup jelas.",peraturan pemerintah|32|2011,d45b0ff298234a82dd2d4b0071b14186d19bd6829299fc0170ae5bedc3008bef,train-00009-of-00021.parquet:8123557,1,77,Azzindani/Indonesian_Regulation_QA,54e65e937f1a8cc87cd0fc55eb944c0a6383efe1,"Ketentuan hukum dalam Pasal 58 dalam Peraturan Pemerintah Republik Indonesia No 32 Tahun 2011 tentang Pelayanan Meteo Rologi, Klimatologi, Dan Geofi Sika:
Cukup jelas.<|im_end|>","Ketentuan hukum dalam Pasal 58 dalam Peraturan Pemerintah Republik Indonesia No 32 Tahun 2011 tentang Pelayanan Meteo Rologi, Klimatologi, Dan Geofi Sika:
Cukup jelas.",0.782609,1.0,0,0.0,46,1.7287,False,,,,,,,,
qa-test-00170,qa_test,Sebutkan semua ketentuan yang ada dalam Pasal 809 dari Peraturan Menteri Lingkungan Hidup Dan Kehutanan No nan Tahun 2010!,"Redaksional Pasal dalam Pasal 809 dalam Peraturan Menteri Lingkungan Hidup Dan Kehutanan No nan Tahun 2010 tentang Organisasi Dan Tata Kerja Kementerian Lingkungan Hidup Dan:
Dalam melaksanakan tugas seba gaimana dimaksud dalam",answer:d65b564657894ea7ada5940866c8bdaa11cf8b6d2507bcdab54247bf7450957f,d65b564657894ea7ada5940866c8bdaa11cf8b6d2507bcdab54247bf7450957f,train-00007-of-00021.parquet:6225334,1,92,Azzindani/Indonesian_Regulation_QA,54e65e937f1a8cc87cd0fc55eb944c0a6383efe1,"Redaksional Pasal dalam Pasal 809 dalam Peraturan Menteri Lingkungan Hidup Dan Kehutanan No nan Tahun 2010 tentang Organisasi Dan Tata Kerja Kementerian Lingkungan Hidup Dan:
, Subdirektorat Pengendalian Pencemaran Air menyelenggarakan fungsi: a. penyiapan bahan perumusan kebijakan pengendalian pencemaran air; b. penyiapan bahan pelaksanaan kebijakan pengendalian pencemaran air; c. penyiapan bahan penyusunan norma, standar, prosedur, dan kriteria pengendalian pencemaran air; d. pemberian bimbingan teknis dan evaluasi pelaksanaan bimbingan teknis pengendalian pencemaran air; dan e. supervisi atas pelaksanaan urusan pengendalian pencemaran air di daerah.<|im_end|>","Redaksional Pasal dalam Pasal 809 dalam Peraturan Menteri Lingkungan Hidup Dan Kehutanan No nan Tahun 2010 tentang Organisasi Dan Tata Kerja Kementerian Lingkungan Hidup Dan:
, Subdirektorat Pengendalian Pencemaran Air menyelenggarakan fungsi: a. penyiapan bahan perumusan kebijakan pengendalian pencemaran air; b. penyiapan bahan pelaksanaan kebijakan pengendalian pencemaran air; c. penyiapan bahan penyusunan norma, standar, prosedur, dan kriteria pengendalian pencemaran air; d. pemberian bimbingan teknis dan evaluasi pelaksanaan bimbingan teknis pengendalian pencemaran air; dan e. supervisi atas pelaksanaan urusan pengendalian pencemaran air di daerah.",0.438596,1.0,0,0.0,145,5.3131,False,,,,,,,,
qa-test-00171,qa_test,Apa isi legal dari Pasal 37 dalam Undang-Undang Republik Indonesia No 39 Tahun 2009?,"Isi legal dari Pasal 37 dalam Undang-Undang Republik Indonesia No 39 Tahun 2009 tentang Kawasan Ekonomi Khusus:
Badan Usaha yang telah memperoleh tanah di lokasi yang sudah ditetapkan sebagai KEK berdasarkan Peraturan Pemerintah diberikan hak atas tanah.",undang-undang|39|2009,d78bd3573ece8baa20f06a5a5bee8b094ecaf31b7f409331f86ffde68b4b4148,train-00002-of-00021.parquet:1814647,1,92,Azzindani/Indonesian_Regulation_QA,54e65e937f1a8cc87cd0fc55eb944c0a6383efe1,"Isi legal dari Pasal 37 dalam Undang-Undang Republik Indonesia No 39 Tahun 2009 tentang Kementerian Negara:
(1) Sekretariat Jenderal mempunyai tugas menyelenggarakan koordinasi pelaksanaan tugas, pembinaan, dan pemberian dukungan administrasi kepada seluruh unit organisasi di lingkungan Kementerian. (2) Sekretariat Jenderal dipimpin oleh Sekretaris Jenderal.<|im_end|>","Isi legal dari Pasal 37 dalam Undang-Undang Republik Indonesia No 39 Tahun 2009 tentang Kementerian Negara:
(1) Sekretariat Jenderal mempunyai tugas menyelenggarakan koordinasi pelaksanaan tugas, pembinaan, dan pemberian dukungan administrasi kepada seluruh unit organisasi di lingkungan Kementerian. (2) Sekretariat Jenderal dipimpin oleh Sekretaris Jenderal.",0.385542,1.0,0,0.0,69,2.5545,False,,,,,,,,
qa-test-00172,qa_test,Jelaskan narasi hukum dalam Pasal 29 menurut Peraturan Pemerintah Republik Indonesia No 6 Tahun 2021!,"Narasi hukum dalam Pasal 29 dalam Peraturan Pemerintah Republik Indonesia No 6 Tahun 2021 tentang Standar Nasional Pendidikan:
Pelaksanaan kegiatan Pen didikan sebagaimana dimaksud dalam",peraturan pemerintah|6|2021,d8c31339d6bc2dce64aa7effdc37db255d5b174f7d65a21a808a9df8f48cdb2f,train-00016-of-00021.parquet:15542069,1,77,Azzindani/Indonesian_Regulation_QA,54e65e937f1a8cc87cd0fc55eb944c0a6383efe1,"Narasi hukum dalam Pasal 29 dalam Peraturan Pemerintah Republik Indonesia No 6 Tahun 2021 tentang Penyelenggaraan Bidang Pelayaran:
(1) Kapal yang akan melakukan kegiatan bongkar muat barang di pelabuhan wajib memiliki Surat Izin Bongkar Muat (SIM). (2) Surat Izin Bongkar Muat (SIM) sebagaimana dimaksud pada ayat (1) diterbitkan oleh pejabat yang ditunjuk oleh Menteri. (3) Surat Izin Bongkar Muat (SIM) sebagaimana dimaksud pada ayat (1) berlaku untuk 1 (satu) kali kegiatan bongkar muat barang di pelabuhan. (4) Surat Izin Bongkar Muat (SIM) sebagaimana dimaksud pada ayat (1) berlaku untuk jangka waktu 1 (satu) tahun dan dapat diperpanjang. (5) Surat Izin Bongkar Muat (SIM) sebagaimana dimaksud pada ayat (1) berlaku untuk 1 (satu) kali kegiatan bongkar muat barang di pelabuhan. (6) Surat Izin Bongkar Muat (SIM) sebagaimana dimaksud pada ayat (1) berlaku untuk jangka waktu 1 (satu) tahun dan dapat diperpanjang. (7) Surat Izin Bongkar Muat (SIM) sebagaimana dimaksud pada ayat","Narasi hukum dalam Pasal 29 dalam Peraturan Pemerintah Republik Indonesia No 6 Tahun 2021 tentang Penyelenggaraan Bidang Pelayaran:
(1) Kapal yang akan melakukan kegiatan bongkar muat barang di pelabuhan wajib memiliki Surat Izin Bongkar Muat (SIM). (2) Surat Izin Bongkar Muat (SIM) sebagaimana dimaksud pada ayat (1) diterbitkan oleh pejabat yang ditunjuk oleh Menteri. (3) Surat Izin Bongkar Muat (SIM) sebagaimana dimaksud pada ayat (1) berlaku untuk 1 (satu) kali kegiatan bongkar muat barang di pelabuhan. (4) Surat Izin Bongkar Muat (SIM) sebagaimana dimaksud pada ayat (1) berlaku untuk jangka waktu 1 (satu) tahun dan dapat diperpanjang. (5) Surat Izin Bongkar Muat (SIM) sebagaimana dimaksud pada ayat (1) berlaku untuk 1 (satu) kali kegiatan bongkar muat barang di pelabuhan. (6) Surat Izin Bongkar Muat (SIM) sebagaimana dimaksud pada ayat (1) berlaku untuk jangka waktu 1 (satu) tahun dan dapat diperpanjang. (7) Surat Izin Bongkar Muat (SIM) sebagaimana dimaksud pada ayat",0.205714,1.0,0,0.331034,256,9.3473,True,,,,,,,,
qa-test-00173,qa_test,Jelaskan narasi hukum dalam Pasal 57 menurut Peraturan Kepala Badan Pengawas Obat Dan Makanan No 24 Tahun 2011!,"Narasi hukum dalam Pasal 57 dalam Peraturan Kepala Badan Pengawas Obat Dan Makanan No 24 Tahun 2011 tentang Kriteria Dan Tata Laksana Registrasi Obat:
(1) Dalam hal Registrasi ditolak, Pendaftar dapat mengajukan permohonan Registrasi kembali dengan mengikuti tata cara sebagaimana diatur dalam",peraturan kepala|24|2011,d9904b589ace0afeabf4a427f85aedc17c381d38a10d00a52c99a34228b82a57,train-00013-of-00021.parquet:12268794,1,110,Azzindani/Indonesian_Regulation_QA,54e65e937f1a8cc87cd0fc55eb944c0a6383efe1,"Narasi hukum dalam Pasal 57 dalam Peraturan Kepala Badan Pengawas Obat Dan Makanan No 24 Tahun 2011 tentang Pendaftaran Pangan Olahan:
(1) Dalam hal hasil evaluasi sebagaimana dimaksud dalam<|im_end|>","Narasi hukum dalam Pasal 57 dalam Peraturan Kepala Badan Pengawas Obat Dan Makanan No 24 Tahun 2011 tentang Pendaftaran Pangan Olahan:
(1) Dalam hal hasil evaluasi sebagaimana dimaksud dalam",0.647887,1.0,0,0.0,46,1.7307,False,,,,,,,,
qa-test-00174,qa_test,Sebutkan ketentuan resmi dari Pasal 7 menurut Peraturan Menteri Keuangan Republik Indonesia No nan Tahun 2013!,"Bacaan isi hukum Pasal berdasarkan Pasal 7 dalam Peraturan Menteri Keuangan Republik Indonesia No nan Tahun 2013 tentang Perubahan Atas Peraturan Menteri Keuangan Nomor 163/Pmk. Os/2013 Tentang Pedoman Pelaksanaan Penerimaan Dan:
diubah sehingga berbunyi sebagai berikut:",answer:dbac1ef730821f7e96b10da1877a460fa375c57d085a883ad476e550b9054dab,dbac1ef730821f7e96b10da1877a460fa375c57d085a883ad476e550b9054dab,train-00008-of-00021.parquet:7219064,1,99,Azzindani/Indonesian_Regulation_QA,54e65e937f1a8cc87cd0fc55eb944c0a6383efe1,"Bacaan isi hukum Pasal berdasarkan Pasal 7 dalam Peraturan Menteri Keuangan Republik Indonesia No nan Tahun 2013 tentang Tata Cara Pembayaran Atas Pengembalian Penerimaan Negara:
(1) Dalam hal berdasarkan hasil pemeriksaan sebagaimana dimaksud dalam<|im_end|>","Bacaan isi hukum Pasal berdasarkan Pasal 7 dalam Peraturan Menteri Keuangan Republik Indonesia No nan Tahun 2013 tentang Tata Cara Pembayaran Atas Pengembalian Penerimaan Negara:
(1) Dalam hal berdasarkan hasil pemeriksaan sebagaimana dimaksud dalam",0.555556,1.0,0,0.0,49,1.8392,False,,,,,,,,
qa-test-00175,qa_test,Apa frasa hukum dalam Pasal 54 dari Peraturan Menteri Pendidikan Dan Kebudayaan No 28 Tahun 2020?,"Frasa hukum dalam Pasal 54 dalam Peraturan Menteri Pendidikan Dan Kebudayaan No 28 Tahun 2020 tentang Organisasi Dan Tata Kerja Politeknik Negeri Kupang:
(1) Unit pelaksana teknis layanan uji kompetensi sebagaimana dimaksud dalam",peraturan menteri|28|2020,dc4eb3cd87a1031874f1dd82dcaf1c32cbd81e2160c5ac290d09f67b6dde2d99,train-00014-of-00021.parquet:13099866,1,93,Azzindani/Indonesian_Regulation_QA,54e65e937f1a8cc87cd0fc55eb944c0a6383efe1,"Frasa hukum dalam Pasal 54 dalam Peraturan Menteri Pendidikan Dan Kebudayaan No 28 Tahun 2020 tentang Organisasi Dan Tata Kerja Politeknik Negeri Bali:
(1) Unit Penunjang Akademik Bahasa sebagaimana dimaksud dalam<|im_end|>","Frasa hukum dalam Pasal 54 dalam Peraturan Menteri Pendidikan Dan Kebudayaan No 28 Tahun 2020 tentang Organisasi Dan Tata Kerja Politeknik Negeri Bali:
(1) Unit Penunjang Akademik Bahasa sebagaimana dimaksud dalam",0.84375,1.0,0,0.0,54,2.0195,False,,,,,,,,
qa-test-00176,qa_test,Uraikan teks hukum dari Pasal 5 menurut Peraturan Menter! Keuangan Republik Indonesia No nan Tahun 1995!,"Teks hukum dari Pasal 5 dalam Peraturan Menter! Keuangan Republik Indonesia No nan Tahun 1995 tentang Penetapan Tarif Bea Masuk:
7851 8452.90.99 - - -Lain-Jain --Other 0,00% 0,00% 0,00% 0,00% 0,00% 0,00% 0,00% 84.53 Mesin untuk mengolah, menyamak atau mengerjakan Machinery for preparing, tanning or working hides, jangat, kulit atau kulit samak atau untuk membuat skins or leather or for making or repairing footwear or atau memperbaiki alas kaki atau barang lain dari other articles of hides, skins or leather, other than iane:at, kulit atau kulit samak, selain mesin iahit. sewine: machines. 8453.10 -Mesin untuk mengolah, menyamak atau mengerjakan -Machinery for preparing, tanning or working hides, skins iangat. kulit atau kulit samak : or leather : 7852 8453.10.10 - -Dioperasikan secara elektrik -Electricallv operated 0,00% 0,00% 0,00% 0,00% 0,00% 0,00% 0,00% 7853 8453.10.20 - -Tidak dioperasikan secara elektrik - -Not electricallv operated 0,00% 0,00% 0,00% 0,00% 0,00% 0,00% 0,00'% 8453.20 ,_ Mesin untuk membuat atau memperbaiki alas kaki: -Machinerv for making or repairing footwear : 7854 845J.20.10 - -Dioperasikan see:ara elekll ik - -Electricall y operated 0,00°/o 0,00% 0,00% 0,00% 0,00% 0,00% 0,00% 7855 8453.20.20 - -Tidak dioperasikan secara elektrik - -Not electricallv operated 0,00% 0,00% 0,00% 0,00% 0,00% 0,00% 0,00% 8453.80 -Mesin lainnva : - Other machinery : 7856 8453.80.10 -Dioperasikan secara elektrik - -Electricallv operated 0,00% 0,00% 0,00% 0,00% 0,00% 0,00% 0,00% 7857 8453.80.20 ,_ Tidak dioperasikan secara elektrik - -Not electricallv operated 0,00% 0,00% 0,00% 0,00% 0,00% 0,00% 0,00'Yo 7858 8453.90.00 - Bagian - Parts 0,00% 0,00% 0,00% 0,00% 0,00% 0,00% 0,00% 84.54 Converter, ladle, mesin cetakan ingot dan mesin tuang, Converters, ladles, ingot moulds and casting machines, dari jenis yang digunakan dalam metalurgi atau dalam of a kind used in metallurgy or in metal foundries. pene:ecoran loe:am. 7859 8454.10.00 -Converter -Converters 0,00% 0,00% 0,00% 0,00% 0,00% 0,00% 0,00% 7860 8454.20.00 -Cetakan ingot dan ladle -Ingot moulds and ladles 0,00% 0,00% 0,00% 0,00% 0,00% 0,00% 0,00% 7861 8454.30.00 Mesin tuang -Casting machines 0,00% 0,00% 0,00% 0,00% 0,00% 0,00% 0,00'% 7862 8454.90.00 -Bagian -Parts 0,00% 0,00% 0.00% 0,00% 0,00% 0,00% 0,00% 84.55 Kilang pencanai logam dan gilingannya. Metal-rolling mills and rolls therefor. 7863 8455.10.00 -Kilang tabung -Tube mills 0,00% 0,00% 0,00% 0,00% 0,00% 0,00% O.OO'Y.> , _ Kilang pencanai lainnva : , _ Other rolling mills : 7864 8455.21.00 - -Panas atau kombinasi panas clan clingin - -Hot or combination hot and cold 0,00% 0,00% 0,00% 0.00%) 0.00% 0,00% 0.00% 7865 8455.22.00 - -Dingin - -Cold 0,00% 0,00% 0,00% 0,00% 0,00% 0,00% O,OO'Yo 7866 8455.30.00 -Gilingan untuk kilang pencanai -Rolls for rolling mills 0,00% 0,00% 0,00% 0,00% 0,00% 0.00% O.OO'Ya 7867 8455.90.00 -Bagian lainnva , _ Other parts 0.00% 0,00% 0,00% 0,00% 0,00% 0,00% 0,00% 84.56 Mesin perkakas untuk mengerjakan berbagai bahan Machine-tools for working any material by removal of dengan penghilangan bahan, melalui proses penyinaran material, by laser or other light or photon beam, laser atau sinar lainnya atau sinar foton, ultrasonik, ultrasonic, electro-discharge, electro-chemical, electron pelucutan elektro, elektro kimia, sinar elektron, sinar beam, ionic-beam or plasma arc processes; water-jet ionik atau busur plasma; mesin pemotong water-jet. cutting machines. -Dioperasikan dengan proses sinar laser atau sinar lainnya -Operated by laser or other light or photon beam processes atau sinar",answer:dee6899150b2bcc150586ea7a3ca5622abc393c60219463a071e7becec64982c,dee6899150b2bcc150586ea7a3ca5622abc393c60219463a071e7becec64982c,train-00008-of-00021.parquet:7470523,1,1669,Azzindani/Indonesian_Regulation_QA,54e65e937f1a8cc87cd0fc55eb944c0a6383efe1,"Teks hukum dari Pasal 5 dalam Peraturan Menter! Keuangan Republik Indonesia No nan Tahun 1995 tentang Penetapan Tarif Bea Masuk:
- - - - - - - - - - - - - - - - - - - - - - - - - - - - - - - - - - - - - - - - - - - - - - - - - - - - - - - - - - - - - - - - - - - - - - - - - - - - - - - - - - - - - - - - - - - - - - - - - - - - - - - - - - - - - - - - - - - - - - - - - - - - - - - - - - - - - - - - - - - - - - - - - - - - - - - - - - - - - - - - - - - - - - - - - - - - - - - - - - - - - - - - - - - - - - - - - - - - - - - - - - - - - - - - - - - - - - - - - - - - - - - - -","Teks hukum dari Pasal 5 dalam Peraturan Menter! Keuangan Republik Indonesia No nan Tahun 1995 tentang Penetapan Tarif Bea Masuk:
- - - - - - - - - - - - - - - - - - - - - - - - - - - - - - - - - - - - - - - - - - - - - - - - - - - - - - - - - - - - - - - - - - - - - - - - - - - - - - - - - - - - - - - - - - - - - - - - - - - - - - - - - - - - - - - - - - - - - - - - - - - - - - - - - - - - - - - - - - - - - - - - - - - - - - - - - - - - - - - - - - - - - - - - - - - - - - - - - - - - - - - - - - - - - - - - - - - - - - - - - - - - - - - - - - - - - - - - - - - - - - - - -",0.057471,1.0,0,0.0,256,9.3602,True,,,,,,,,
qa-test-00177,qa_test,Apa saja poin yang tercantum dalam Pasal 203 dalam Peraturan Menteri Kelautan Dan Perikanan Republik Indonesia No 28 Tahun 2021?,"Berikut kutipan verbatim dari Pasal 203 dalam Peraturan Menteri Kelautan Dan Perikanan Republik Indonesia No 28 Tahun 2021 tentang Penyelenggaraan Penataan Ruang Laut:
diselenggarakan dalam rangka: a. memfasilitasi proses pembelajaran Penataan Ruang Laut kepada perencana Ruang Laut dan Masyarakat; b. mengupayakan kemudahan akses bagi perencana Ruang Laut dan Masyakarat ke sumber informasi, t eknologi, dan sumber daya lainnya agar mereka dapat mengembangkan pengetahuan tentang Penyelenggaraan Penataan Ruang Laut; c. membantu dalam menumbuhkembangkan kemampuan nya dalam menerapkan Penataan Ruang Laut; dan d. membantu menganalisis dan memecahkan permas alahan Penataan Ruang Laut serta merespon peluang dan tantangan yang dihadapi ke depan.",peraturan menteri|28|2021,def4fa3a78bada405b65d572d971a9d7635dca45d0310a4fb3f8d277ed968a7b,train-00017-of-00021.parquet:16827658,1,205,Azzindani/Indonesian_Regulation_QA,54e65e937f1a8cc87cd0fc55eb944c0a6383efe1,"Berikut kutipan verbatim dari Pasal 203 dalam Peraturan Menteri Kelautan Dan Perikanan Republik Indonesia No 28 Tahun 2021 tentang Organisasi Dan Tata Kerja:
Dalam melaksanakan tugas sebagaimana dimaksud dalam<|im_end|>","Berikut kutipan verbatim dari Pasal 203 dalam Peraturan Menteri Kelautan Dan Perikanan Republik Indonesia No 28 Tahun 2021 tentang Organisasi Dan Tata Kerja:
Dalam melaksanakan tugas sebagaimana dimaksud dalam",0.34375,1.0,0,0.0,47,1.7666,False,,,,,,,,
qa-test-00178,qa_test,Apa isi dari Pasal 5 dalam Peraturan Presiden Nomor 81 Tahun 2010 Tentang No 81 Tahun 2010?,". 3) Penerapan manajemen Aparatur Sipil Negara (ASN), melalui strategi : a) penetapan formasi dan pengadaan CPNS dilakukan dengan sangat selektif ; b) penerapan sistem rekrutmen dan seleksi pegawai yang transparan, kompetitif, dan berbasis TIK ; c) penguatan sistem dan kualitas penyelenggara an diklat; d) penerapan sistem promosi secara terbuka, komp etitif, dan berbasis kompetensi didukung oleh makin efektifnya pengawasan oleh Komisi Aparatur Sipil Negara (KASN); e) penerapan sistem manajemen kinerja pegawai; dan f) penguatan sistem informasi kepegawaian nasional. 4) Peningkatan kualitas pelayanan publik , melalui strategi : a) memastikan implementasi UU 25/2009 tentang Pelayanan Publik secara konsisten; b) mendorong inovasi pelayanan publik; c) peningkatan partisipasi masyarakat dalam pelayanan publik; dan d) penguatan kapasitas dan efektivitas pengawasan pelayanan publik. b. Isu Strategis - Agenda Prioritas 2015 -2019 Beberapa isu strategis lintas pembina sektor aparatur negara , sebagaimana dimuat dalam Peraturan Presiden Nomor 2 Tahun 2015 tentang RPJMN 2015 – 2019, yang dijadikan arah kebijakan pelaksanaan reformasi birokrasi adalah sebagai berikut: 20 Tabel 3 Isu Strategis dan Agenda Prioritas Reformasi Birokrasi No Isu strategis Agenda prioritas 2015 -2019 Instansi pembina/pelaksana a. REFORMASI BIROKRASI NASIONAL (a) Penguatan payung hukum RBN (b) Peningkatan kapasitas implementasi (c) Penyempurnaan pelaksanaan dan peningkatan kualitasnya (d) Akselerasi pelaksanaan RB di daerah (e) Quick Wins RB (a.l. Pilot Project pada Quick Wins JKW_JK)  Kemen PAN dan RB  Kemendagri  K/L /Pemda b. AKUNTABILITAS KINERJA (a) Penyempurnaan SAKIP (b) Implementasi SAKIP sebagai Pilar Manajemen Kinerja (c) Pelaksanaan MoU antara Kemen PPN dengan Kemen PAN dan RB (d) Pelaporan kinerja instansi pemerintah secara terbuka  Kemen PAN dan RB  BPKP  Bappenas  Kemenkeu  Kemenkominfo  K/L /Pemda c. PENGAWASAN (a) Penyelesaian RUU Sistem Pengendalian Inter n Pemerintah (SPIP) (b) Sinergi pengawasan internal dengan eksternal (c) Pengembangan sistem pengaduan nasional yang terintegrasi (d) Peningkatan kapasitas kelembagaan dan SDM APIP  Kemen PAN dan RB  BPKP  Kemendagri  K/L /Pemda d. KELEMBAGAAN BIROKRASI (a) Audit/ Review Organisasi K/L/Pemda (b) Desain kelembagaan birokrasi (c) Penataan Kelembagaan untuk mendukung Prioritas Presiden  Kemen PAN dan RB  LAN  K/L e. KETATALAKSANAAN (a) Implementasi UU Administrasi Pemerintah (b) Pengembangan e-Government secara terintegrasi (c) Proses bisnis birokrasi yang sederhana, cepat , dan terintegrasi (review dan penyempurnaan) (d) Peningkatan kualitas e-procurement (e) Manajemen kearsipan birokrasi berbasis TIK  Kemen PAN dan RB  Kemenkominfo  LKPP  ANRI  K/L/Pemda f. SDM APARATUR (a) Penyelesaian peraturan pelaksanaan UU ASN (b) Akselerasi implementasi UU ASN secara konsisten (c) Penetapan formasi CPNS/CASN secara ketat (d) Sistem rekru tmen berbasis kompetensi (e) Penyempurnaan sistem diklat untuk mendukung kinerja (f) Sistem promosi terbuka dan penempatan dalam jabatan berbasis kompetensi (g) Sistem remunerasi berbasis kinerja (h) Penguatan reward and punishment secara fair (i) Penguatan budaya integritas, budaya kinerja , dan budaya melayani (j) Penyempurnaan sistem jaminan sosial (kesehatan, pensiun, dll)  Kemen PAN dan RB  BKN  LAN  Kemendagri  K/L/Pemda 21 No Isu strategis Agenda prioritas 2015 -2019 Instansi pembina/pelaksana (k) Penguatan kapasitas kelembagaan Komisi Aparatur Sipil Negara (KASN) (l) Penguatan sistem informasi kepegawaian nasional. g. PELAYANAN PUBLIK (a) Peningkatan kualitas implementasi UU",peraturan presiden|81|2010,df26bc3cf0ad0438a053d7ee43df3b7e938edb685fb3e1dfc9d5a2ee98df2cf2,train-00006-of-00021.parquet:5552251,1,1014,Azzindani/Indonesian_Regulation_QA,54e65e937f1a8cc87cd0fc55eb944c0a6383efe1,"(1) Dalam rangka pelaksanaan tugas dan fungsi, Menteri Koordinator, Menteri, dan Pimpinan Lembaga Pemerintah Non Departemen dapat membentuk kelompok kerja. (2) Kelompok kerja sebagaimana dimaksud pada ayat (1) dipimpin oleh seorang ketua dan dibantu oleh seorang sekretaris. (3) Ketua dan Sekretaris sebagaimana dimaksud pada ayat (2) diangkat dan diberhentikan oleh Menteri Koordinator, Menteri, atau Pimpinan Lembaga Pemerintah Non Departemen yang bersangkutan. (4) Ketentuan lebih lanjut mengenai kelompok kerja sebagaimana dimaksud pada ayat (1) diatur dengan Peraturan Menteri Koordinator, Menteri, atau Pimpinan Lembaga Pemerintah Non Departemen yang bersangkutan.<|im_end|>","(1) Dalam rangka pelaksanaan tugas dan fungsi, Menteri Koordinator, Menteri, dan Pimpinan Lembaga Pemerintah Non Departemen dapat membentuk kelompok kerja. (2) Kelompok kerja sebagaimana dimaksud pada ayat (1) dipimpin oleh seorang ketua dan dibantu oleh seorang sekretaris. (3) Ketua dan Sekretaris sebagaimana dimaksud pada ayat (2) diangkat dan diberhentikan oleh Menteri Koordinator, Menteri, atau Pimpinan Lembaga Pemerintah Non Departemen yang bersangkutan. (4) Ketentuan lebih lanjut mengenai kelompok kerja sebagaimana dimaksud pada ayat (1) diatur dengan Peraturan Menteri Koordinator, Menteri, atau Pimpinan Lembaga Pemerintah Non Departemen yang bersangkutan.",0.072414,0.0,0,0.097561,120,4.4198,False,,,,,,,,
qa-test-00179,qa_test,Jelaskan kutipan resmi dari Pasal 22 menurut Peraturan Menteri Pertahanan Republik Indonesia No 16 Tahun 2022!,"Kutipan resmi dari Pasal 22 dalam Peraturan Menteri Pertahanan Republik Indonesia No 16 Tahun 2022 tentang Perubahan Atas Peraturan Menteri Pertahanan:
ayat (2) huruf a sebagai dasar untuk pencabutan keputusan penetapan status Gugur atau Tewas bagi Prajurit TNI yang Hilang Dalam Tugas OMP atau O MSP atau pencabutan keputusan penetapan status Tewas bagi Prajurit TNI yang Hilang Dalam Tugas berdasarkan Perintah Dinas di luar OMP atau OMSP . (2) Penelitian sebagaimana dimaksud dalam",peraturan menteri|16|2022,e193b0694abfc40896e11d29eb15e69399715b0aa8b80f33db5a8e5dcd5ba208,train-00018-of-00021.parquet:17867871,1,148,Azzindani/Indonesian_Regulation_QA,54e65e937f1a8cc87cd0fc55eb944c0a6383efe1,"Kutipan resmi dari Pasal 22 dalam Peraturan Menteri Pertahanan Republik Indonesia No 16 Tahun 2022 tentang Pelindungan, Penanganan, Dan Pemulihan Bagi:
(1) Pemulihan sebagaimana dimaksud dalam<|im_end|>","Kutipan resmi dari Pasal 22 dalam Peraturan Menteri Pertahanan Republik Indonesia No 16 Tahun 2022 tentang Pelindungan, Penanganan, Dan Pemulihan Bagi:
(1) Pemulihan sebagaimana dimaksud dalam",0.408163,1.0,0,0.0,48,1.8016,False,,,,,,,,
qa-test-00180,qa_test,Jelaskan kutipan resmi dari Pasal 26 menurut Peraturan Menteri Dalam Negeri Republik Indonesia No 28 Tahun 2021!,"Kutipan resmi dari Pasal 26 dalam Peraturan Menteri Dalam Negeri Republik Indonesia No 28 Tahun 2021 tentang Pencatatan Pengesahan Dana Kapitasi Jaminan Kesehatan:
(1) Penutupan buku setiap akhir bulan sebagaimana dimaksud dalam P asal 20 ayat ( 3) ditandatangani oleh Bendahara Dana Kapitasi JKN dan kepala FKTP selaku KPA. (2) Penutupan buku sebagaimana dimaksud pada ayat (1) , dengan melampirkan bukti belanja yang sah dan lengkap sesuai dengan ketentuan peraturan perundang -undangan . (3) Berdasarkan buku kas umum dan buku pembantu yang telah ditandatangani Bendahara Dana Kapitasi JKN dan KPA sebagaimana dimaksud pada ayat (1), Bendahara Dana Kapitasi JKN menyusun laporan realisasi pendapatan dan belanja Dana Kapitasi JKN. (4) Laporan rea lisasi pendapatan dan belanja Dana Kapitasi JKN sebagaimana dimaksud pada ayat (3) disampaikan kepada kepala FKTP setiap bulan paling lambat tanggal 5 (lima) bulan berikutnya.",peraturan menteri|28|2021,e3eaa3d3854b111413841278bd9dab51333417882a1899797034def30b1fa95d,train-00017-of-00021.parquet:16313596,1,256,Azzindani/Indonesian_Regulation_QA,54e65e937f1a8cc87cd0fc55eb944c0a6383efe1,"Kutipan resmi dari Pasal 26 dalam Peraturan Menteri Dalam Negeri Republik Indonesia No 28 Tahun 2021 tentang Tata Cara Kerja Sama Daerah Dengan Daerah Lain:
(1) Dalam hal terjadi perubahan atas perjanjian sebagaimana dimaksud dalam<|im_end|>","Kutipan resmi dari Pasal 26 dalam Peraturan Menteri Dalam Negeri Republik Indonesia No 28 Tahun 2021 tentang Tata Cara Kerja Sama Daerah Dengan Daerah Lain:
(1) Dalam hal terjadi perubahan atas perjanjian sebagaimana dimaksud dalam",0.261905,1.0,0,0.0,52,1.9454,False,,,,,,,,
qa-test-00181,qa_test,Uraikan teks hukum dari Pasal 124 menurut Peraturan Pemerintah Republik Indonesia No 72 Tahun 2009!,"Teks hukum dari Pasal 124 dalam Peraturan Pemerintah Republik Indonesia No 72 Tahun 2009 tentang Lalu Lintas Dan Angkutan Kereta Api:
Cukup jelas.",peraturan pemerintah|72|2009,e4ddf743d0007e71af2ed2964b085c1a5e042f1b42bb569a690698fadbc28cf6,train-00001-of-00021.parquet:179823,1,82,Azzindani/Indonesian_Regulation_QA,54e65e937f1a8cc87cd0fc55eb944c0a6383efe1,"Teks hukum dari Pasal 124 dalam Peraturan Pemerintah Republik Indonesia No 72 Tahun 2009 tentang Jenis Dan Tarif Atas Jenis Penerimaan Negara Bukan Pajak:
Cukup jelas.<|im_end|>","Teks hukum dari Pasal 124 dalam Peraturan Pemerintah Republik Indonesia No 72 Tahun 2009 tentang Jenis Dan Tarif Atas Jenis Penerimaan Negara Bukan Pajak:
Cukup jelas.",0.734694,1.0,0,0.0,43,1.6177,False,,,,,,,,
qa-test-00182,qa_test,"Menurut Peraturan Presiden Republik Indonesia No 47 Tahun 2023, apa yang diatur dalam Pasal 15?","Rumusan Pasal berdasarkan Pasal 15 dalam Peraturan Presiden Republik Indonesia No 47 Tahun 2023 tentang Strategi Keamanan Siber Nasional:
(1) Rencana aksi nasional Keamanan Siber sebagaimana dimaksud dalam",peraturan presiden|47|2023,e528b1a2267fe73bfcd75fc9a82a4d14f49a8ee586ac68ac6c47c3e7ad886d8c,train-00021-of-00021.parquet:20431006,1,82,Azzindani/Indonesian_Regulation_QA,54e65e937f1a8cc87cd0fc55eb944c0a6383efe1,"Rumusan Pasal berdasarkan Pasal 15 dalam Peraturan Presiden Republik Indonesia No 47 Tahun 2023 tentang Rencana Detail Tata Ruang Kawasan Perbatasan Negara:
(1) Zona L2 sebagaimana dimaksud dalam<|im_end|>","Rumusan Pasal berdasarkan Pasal 15 dalam Peraturan Presiden Republik Indonesia No 47 Tahun 2023 tentang Rencana Detail Tata Ruang Kawasan Perbatasan Negara:
(1) Zona L2 sebagaimana dimaksud dalam",0.714286,1.0,0,0.0,45,1.6887,False,,,,,,,,
qa-test-00183,qa_test,Sampaikan isi hukum dalam Pasal 75 dari Peraturan Menteri Pariwisata Dan Ekonomi Kreatif/ No 15 Tahun 2020!,"Ketentuan hukum dalam Pasal 75 dalam Peraturan Menteri Pariwisata Dan Ekonomi Kreatif/ No 15 Tahun 2020 tentang Statuta Politeknik Pariwisata Medan:
huruf c, huruf d, dan huruf f dikoordinasikan oleh Wakil Direktur I. (2) Perpustakaan, Unit Teknologi I nformasi dan Komunikasi, dan Unit Poliklinik sebagaimana dimaksud dalam",peraturan menteri|15|2020,e8556c88d01e7e055b299c800fafe1a64843ea4aea2f9a3ef8274852194299e2,train-00016-of-00021.parquet:15145207,1,123,Azzindani/Indonesian_Regulation_QA,54e65e937f1a8cc87cd0fc55eb944c0a6383efe1,"Ketentuan hukum dalam Pasal 75 dalam Peraturan Menteri Pariwisata Dan Ekonomi Kreatif/ No 15 Tahun 2020 tentang Statuta Politeknik Pariwisata Makassar:
(1) Kepala Unit Penunjang diangkat dan diberhentikan oleh Direktur. (2) Masa jabatan Kepala Unit Penunjang selama 4 (empat) tahun dan dapat diangkat kembali untuk 1 (satu) kali masa jabatan.<|im_end|>","Ketentuan hukum dalam Pasal 75 dalam Peraturan Menteri Pariwisata Dan Ekonomi Kreatif/ No 15 Tahun 2020 tentang Statuta Politeknik Pariwisata Makassar:
(1) Kepala Unit Penunjang diangkat dan diberhentikan oleh Direktur. (2) Masa jabatan Kepala Unit Penunjang selama 4 (empat) tahun dan dapat diangkat kembali untuk 1 (satu) kali masa jabatan.",0.556701,1.0,0,0.0,87,3.206,False,,,,,,,,
qa-test-00184,qa_test,Apa redaksi asli dari Pasal 2 dalam Keputusan No nan Tahun 1986?,"Frasa hukum penting dalam Pasal 2 dalam Keputusan No nan Tahun 1986 tentang Impor Barang Modal Bukan Baru:
(1) Barang modal bukan baru hanya dapat diimpor oleh : a. Perusahaan pemakai langsung yang telah memiliki Izin Usaha Industri, atau memiliki Izin Usaha untuk keperluan proses produksi industrinya atau digunakan sendiri. b. Perusahaan rekondisi yang telah memiliki Izin Usaha Industri di bidang usaha jasa pemulihan, perbaikan dan pemeliharaan barang modal bukanbaru. (2) Barang modal bukan baru yang dapat diimpor oleh perusahaan sebagaimana dimaksud pada ayat (1), meliputi Pos Tarip HS 82, 84, 85, 86, 87, 88, 89 dan 9009, kecuali yang dilarang diimpor sebagaimana tercantum dalam Lampiran I Keputusan ini. (3) Perusahaan sebagaimana dimaksud pada ay at (1) yang dapat mengimpor barang modal bukan baru, harus memiliki : a. Izin Usaha Industri atau Izin Usaha Industri Rekondisi atau Izin Usaha di bidang jasa transportasi, atau perikanan atau perkebunan atau pengusahaan hutan atau pertambangan atau konstruksi; b. Nomor Pokok Wajib Pajak (NPWP); c. Angka Pengenal Importir Terbatas (API T) atau Angka Pengenal Importir Umum (API-U) atau Angka Pengenal Importir Produsen (API-P); d. Tanda Daftar Perusahaan (TDP). (4) Perusahaan rekondisi dan perusahaan pemakai langsung yang masih memiliki persetujuan prinsip hanya dapat mengimpor barang moda l bukan baru sesuai dengan yang dibutuhkan dalam rangka pembangunan industrinya.",answer:e92354da37734c1a70c0eee23a301c2c80b30e0feb06881c4618fb56a3dccf65,e92354da37734c1a70c0eee23a301c2c80b30e0feb06881c4618fb56a3dccf65,train-00010-of-00021.parquet:9153988,1,367,Azzindani/Indonesian_Regulation_QA,54e65e937f1a8cc87cd0fc55eb944c0a6383efe1,"Frasa hukum penting dalam Pasal 2 dalam Keputusan No nan Tahun 1986 tentang Ketentuan Dan Tata Cara Pemberian Izin Usaha:
(1) Untuk dapat memperoleh IUI, perusahaan wajib memenuhi persyaratan sebagai berikut : a. memiliki modal yang cukup untuk menjalankan usaha; b. memiliki kantor yang layak dan dapat dipertanggungjawabkan; c. memiliki tenaga ahli yang kompeten; d. memiliki sarana dan prasarana yang memadai; e. memiliki sistem akuntansi yang baik; f. memiliki sistem pengendalian intern yang baik; g. memiliki sistem informasi yang baik; h. memiliki sistem manajemen mutu yang baik; i. memiliki sistem manajemen keselamatan dan kesehatan kerja yang baik; j. memiliki sistem manajemen lingkungan hidup yang baik; k. memiliki sistem manajemen mutu dan keselamatan kerja yang terintegrasi; l. memiliki sistem manajemen mutu dan keselamatan kerja yang terintegrasi dengan sistem manajemen lingkungan hidup; m. memiliki sistem manajemen mutu dan keselamatan kerja yang terintegrasi dengan sistem manajemen lingkungan hidup dan sistem manajemen mutu yang terintegrasi; n. memiliki sistem manajemen mutu dan keselamatan kerja yang terintegrasi dengan sistem manajemen lingkungan hidup dan sistem manajemen mutu yang terintegrasi; o. memiliki sistem manajemen mutu dan keselamatan kerja yang terintegrasi dengan sistem manajemen lingkungan hidup dan sistem","Frasa hukum penting dalam Pasal 2 dalam Keputusan No nan Tahun 1986 tentang Ketentuan Dan Tata Cara Pemberian Izin Usaha:
(1) Untuk dapat memperoleh IUI, perusahaan wajib memenuhi persyaratan sebagai berikut : a. memiliki modal yang cukup untuk menjalankan usaha; b. memiliki kantor yang layak dan dapat dipertanggungjawabkan; c. memiliki tenaga ahli yang kompeten; d. memiliki sarana dan prasarana yang memadai; e. memiliki sistem akuntansi yang baik; f. memiliki sistem pengendalian intern yang baik; g. memiliki sistem informasi yang baik; h. memiliki sistem manajemen mutu yang baik; i. memiliki sistem manajemen keselamatan dan kesehatan kerja yang baik; j. memiliki sistem manajemen lingkungan hidup yang baik; k. memiliki sistem manajemen mutu dan keselamatan kerja yang terintegrasi; l. memiliki sistem manajemen mutu dan keselamatan kerja yang terintegrasi dengan sistem manajemen lingkungan hidup; m. memiliki sistem manajemen mutu dan keselamatan kerja yang terintegrasi dengan sistem manajemen lingkungan hidup dan sistem manajemen mutu yang terintegrasi; n. memiliki sistem manajemen mutu dan keselamatan kerja yang terintegrasi dengan sistem manajemen lingkungan hidup dan sistem manajemen mutu yang terintegrasi; o. memiliki sistem manajemen mutu dan keselamatan kerja yang terintegrasi dengan sistem manajemen lingkungan hidup dan sistem",0.225,1.0,0,0.213115,256,9.3613,True,,,,,,,,
qa-test-00185,qa_test,Apa saja poin yang tercantum dalam Pasal 20 dalam Peraturan Presiden Republik Indonesia No 77 Tahun 2020?,"Berikut kutipan verbatim dari Pasal 20 dalam Peraturan Presiden Republik Indonesia No 77 Tahun 2020 tentang Tata Cara Pelaksanaan Paten Oleh Pemerintah:
(1) Tim menyampaikan hasil pelaksanaan tugas sebagaimana dimaksud dalam",peraturan presiden|77|2020,eaf8d8a2d71e30274091d978451b1d2c869b8725949727c91ec804f9968cdd24,train-00015-of-00021.parquet:14148183,1,89,Azzindani/Indonesian_Regulation_QA,54e65e937f1a8cc87cd0fc55eb944c0a6383efe1,"Berikut kutipan verbatim dari Pasal 20 dalam Peraturan Presiden Republik Indonesia No 77 Tahun 2020 tentang Kementerian Agama:
Dalam melaksanakan tugas sebagaimana dimaksud dalam<|im_end|>","Berikut kutipan verbatim dari Pasal 20 dalam Peraturan Presiden Republik Indonesia No 77 Tahun 2020 tentang Kementerian Agama:
Dalam melaksanakan tugas sebagaimana dimaksud dalam",0.727273,1.0,0,0.0,38,1.4344,False,,,,,,,,
qa-test-00186,qa_test,Jelaskan kutipan resmi dari Pasal 58 menurut Peraturan Pemerintah Repubuk Indonesia No 12 Tahun 2018!,"Kutipan resmi dari Pasal 58 dalam Peraturan Pemerintah Repubuk Indonesia No 12 Tahun 2018 tentang Pedoman Penyusunan Tata Tertib Dewan Perwaislan Raiffat:
Cukup jelas.",peraturan pemerintah|12|2018,eb4d4d3f86bff4471fa18a4ec7490ce30872d56e65af369ba6ff2e902d36cc5f,train-00001-of-00021.parquet:628421,1,90,Azzindani/Indonesian_Regulation_QA,54e65e937f1a8cc87cd0fc55eb944c0a6383efe1,"Kutipan resmi dari Pasal 58 dalam Peraturan Pemerintah Repubuk Indonesia No 12 Tahun 2018 tentang Penelitian, Pengujian, Dan Pengendalian:
Cukup jelas.<|im_end|>","Kutipan resmi dari Pasal 58 dalam Peraturan Pemerintah Repubuk Indonesia No 12 Tahun 2018 tentang Penelitian, Pengujian, Dan Pengendalian:
Cukup jelas.",0.755556,1.0,0,0.0,42,1.5823,False,,,,,,,,
qa-test-00187,qa_test,Bagaimana bunyi lengkap dari Pasal 178 berdasarkan Peraturan Menteri Koordinator Bidang Kemaritiman Dan Investasi No 2 Tahun 2020?,"Bunyi lengkap dari Pasal berdasarkan Pasal 178 dalam Peraturan Menteri Koordinator Bidang Kemaritiman Dan Investasi No 2 Tahun 2020 tentang Organisasi Dan Tata Kerja:
(1) Subbagian Perencanaan mempunyai tugas melakukan penyiapan bahan koordinasi penyusunan rencana program, kegiatan, dan anggaran , serta dukungan administrasi penyusunan peraturan perundang - undangan dan kerja sama. (2) Subbagian Pemantauan dan Evaluasi mempunyai tugas melakukan penyiapan bahan pemantauan, analisis dan evaluasi program, anggaran, dan capaian kinerja, pemberian dukungan pengelolaan data dan sistem informasi.",peraturan menteri|2|2020,edae7fc459d8ce559d9a9df1514a14385bb059709c7570a2354f954b60762da9,train-00016-of-00021.parquet:15352765,1,163,Azzindani/Indonesian_Regulation_QA,54e65e937f1a8cc87cd0fc55eb944c0a6383efe1,"Bunyi lengkap dari Pasal berdasarkan Pasal 178 dalam Peraturan Menteri Koordinator Bidang Kemaritiman Dan Investasi No 2 Tahun 2020 tentang Organisasi Dan Tata Kerja:
Asisten Deputi Peningkatan Daya Saing dan Pengembangan Industri mempunyai tugas menyiapkan koordinasi dan sinkronisasi perumusan, penetapan, dan pelaksanaan serta pengendalian pelaksanaan kebijakan Kementerian/Lembaga yang terkait dengan isu di bidang peningkatan daya saing dan pengembangan industri.<|im_end|>","Bunyi lengkap dari Pasal berdasarkan Pasal 178 dalam Peraturan Menteri Koordinator Bidang Kemaritiman Dan Investasi No 2 Tahun 2020 tentang Organisasi Dan Tata Kerja:
Asisten Deputi Peningkatan Daya Saing dan Pengembangan Industri mempunyai tugas menyiapkan koordinasi dan sinkronisasi perumusan, penetapan, dan pelaksanaan serta pengendalian pelaksanaan kebijakan Kementerian/Lembaga yang terkait dengan isu di bidang peningkatan daya saing dan pengembangan industri.",0.474074,1.0,0,0.018182,91,3.3528,False,,,,,,,,
qa-test-00188,qa_test,Jelaskan kutipan resmi dari Pasal 4 menurut Peraturan Pemerintah Republik Indonesia No 6 Tahun 2021!,"Kutipan resmi dari Pasal 4 dalam Peraturan Pemerintah Republik Indonesia No 6 Tahun 2021 tentang Peraturan Pelaksanaan Undang -Undang Nomor 13 Tahun 2018:
(1) Karya Cetak yang dise rahkan sebagaimana dimaksud dalam",peraturan pemerintah|6|2021,ef89bf46f4e391249123fab0f2b63100872704e566b24af040dbdc0b7214d381,train-00016-of-00021.parquet:15291471,1,91,Azzindani/Indonesian_Regulation_QA,54e65e937f1a8cc87cd0fc55eb944c0a6383efe1,"Kutipan resmi dari Pasal 4 dalam Peraturan Pemerintah Republik Indonesia No 6 Tahun 2021 tentang Penyelenggaraan Bidang Pelayaran:
ayat (1) huruf a meliputi: a. kegiatan penangkapan ikan; b. kegiatan pembudidayaan ikan; c. kegiatan pengangkutan ikan; d. kegiatan pengangkutan barang; e. kegiatan pengangkutan penumpang; f. kegiatan pengangkutan barang dan penumpang; g. kegiatan penunjang; dan h. kegiatan penunjang lainnya. (2) Kegiatan penunjang sebagaimana dimaksud pada ayat (1) huruf g meliputi: a. kegiatan penyediaan dan/atau pelayanan jasa; b. kegiatan penyediaan dan/atau pelayanan fasilitas; dan c. kegiatan penyediaan dan/atau pelayanan jasa lainnya. (3) Kegiatan penunjang lainnya sebagaimana dimaksud pada ayat (1) huruf h meliputi: a. kegiatan penyediaan dan/atau pelayanan jasa; b. kegiatan penyediaan dan/atau pelayanan fasilitas; dan c. kegiatan penyediaan dan/atau pelayanan jasa lainnya.<|im_end|>","Kutipan resmi dari Pasal 4 dalam Peraturan Pemerintah Republik Indonesia No 6 Tahun 2021 tentang Penyelenggaraan Bidang Pelayaran:
ayat (1) huruf a meliputi: a. kegiatan penangkapan ikan; b. kegiatan pembudidayaan ikan; c. kegiatan pengangkutan ikan; d. kegiatan pengangkutan barang; e. kegiatan pengangkutan penumpang; f. kegiatan pengangkutan barang dan penumpang; g. kegiatan penunjang; dan h. kegiatan penunjang lainnya. (2) Kegiatan penunjang sebagaimana dimaksud pada ayat (1) huruf g meliputi: a. kegiatan penyediaan dan/atau pelayanan jasa; b. kegiatan penyediaan dan/atau pelayanan fasilitas; dan c. kegiatan penyediaan dan/atau pelayanan jasa lainnya. (3) Kegiatan penunjang lainnya sebagaimana dimaksud pada ayat (1) huruf h meliputi: a. kegiatan penyediaan dan/atau pelayanan jasa; b. kegiatan penyediaan dan/atau pelayanan fasilitas; dan c. kegiatan penyediaan dan/atau pelayanan jasa lainnya.",0.227848,0.666667,0,0.173554,208,7.5899,False,,,,,,,,
qa-test-00189,qa_test,Sampaikan isi hukum dalam Pasal 4 dari Peraturan Menteri No 9 Tahun 2015!,"Ketentuan hukum dalam Pasal 4 dalam Peraturan Menteri No 9 Tahun 2015 tentang Pedoman Penyusunan Laporan Kinerja Pemerintah Pusat:
jika diperlukan, penyusun dapat memperoleh data dan informa si tambahan yang berasal dari : 1) Kementerian/lembaga yang menya mpaikan laporan kinerja, jika terdapat ketidakjelasan dalam perumusan tujuan/sasaran strategis, indikator kinerja, target kinerja serta analisis kinerja ; 2) Bappenas, jika diperlukan analisis dan evaluasi atas capaian kinerja RKP/RPJMN; 3) Pihak lain yang kompeten, seperti Badan Pusat Statistik dan sebagainya untuk lebih mengeksplorasi lebih lanjut penjelasan maupun analisis kinerja. D. Waktu Penyusunan Laporan Kinerja Pemerintah Pusat wajib disampaikan kepada Presiden melalui Menteri Keuangan selambat -lambatnya 5 (lima) bulan setelah tahun anggaran berakhir. Oleh karena itu, jadwal penyusunan LKjPP dimulai dari awal Maret hingga akhir April. Apabila sampai dengan akhir Februari laporan kinerja belum diterima, maka: 1. Kementerian PANRB memberikan peringatan kepada kementerian/lembaga agar menyampaikan laporan kinerja dimaksud selambat -lambatnya tujuh hari kalender. 2. Setelah tujuh hari tersebut belum juga menyampaikan laporan kinerja, maka Kementerian PANRB memanggil kementerian/lembaga yang bersangkutan untuk membahas percepatan penyampaian 3. Kementerian/lembaga tersebut belum juga menyampaikan laporan kinerja dimaksud, maka kondisi ini diinformasikan pada bab penjelasan dalam LKjPP, serta dijelaskan langkah -langkah yang telah dilakukan Kementerian PAN RB dalam upaya penyelesaian laporan kinerja tersebut. Ketidakmampuan kementerian/lembaga untuk menyampaikan laporan kinerjanya, berpengaruh pada penilaian evaluasi reformasi birokrasi E. Sistematika Laporan Secara umum, informasi yang disajikan dalam LKjPP adalah informasi tentan g kinerja atas penggunaan APBN , dengan sistematika sebagai berikut : IKHTISAR EKSEKUTIF BAB I PENDAHULUAN Pada bab ini disajikan landasan penyusunan LKjPP , mekanisme penyusunan dan informasi umum lain yang perlu disajikan BAB II CAPAIAN KINERJA PROGRAM PRIORITAS Pada bab ini disajikan informasi tentang perkembangan kinerja setiap program prioritas, kementerian/lembaga yang bertanggungjawab atau mendukung p rogram ini, kendala yang dihadapi serta informasi lain yang dibutuhkan BAB III CAPAIAN KINERJA SETIAP KEMENTERIAN/LEMBAGA Pada bab ini disajikan informasi tentang capaian kinerja utama stiap kementerian/lembaga, program dan kegiatan utama yang mendukung capaian kinerja utama , kendala yang dihadapi serta informasi lain yang dibutuhkan BAB IV SIMPULAN Menyimpulkan capaian kinerja secara umum, kendala umum yang dihadapi serta informasi lain yang diperlukan. F. Format Capaian: 1. CAPAIAN KINERJA PROGRAM PRIORITAS SASARAN STRATEGIS INDIKATOR KINERJA TARGET REALISASI % CAPAIAN 2. CAPAIAN KINERJA SETIAP KEMENTERIAN/LEMBAGA NO SASARAN STRATEGIS INDIKATOR KINERJA SATUAN TARGET REALISASI % CAPAIAN PROGRAM BELANJA ANGGARAN REALISASI % CAPAIAN G. Hal-hal yang perlu diperhatikan Sebelum disampaikan kepada Presiden, perlu dipastikan bahwa informasi kinerja dalam LKjPP bebas dari kesalahan yang dapat menganggu keandalan informasi kinerja tersebut. Untuk itu penyusunan LKjPP perlu memperhatikan hal -hal sebagai berikut : No Hal-hal yang perlu diperhatikan I. Format 1. Penyajian tentang latar belakang penyusunan LKjPP , dasar hukum dan informasi penting tentang pemerintah pusat. 2. Penyajian ikhtisar capaian kinerja atas seluruh kementerian/lembaga yang telah menyampaikan Laporan Kinerja. 3. Penyajian informasi kinerja atas program prioritas nasional . 4. Penyajian analisis dan evaluasi yang diperlukan untuk menjelaskan capaian kinerja. 5. Penyajian informasi keuangan yang akuntabel, terkait pencapaian kinerja masing -masing kementerian/lembaga. 6. Klarifikasi kepada kementerian/lembaga , jika ada informasi kinerja yang tidak atau belum jelas. II. Substansi 1. Kesesuaian t ujuan/sasaran dalam LKjPP dengan tujuan/sasaran dalam laporan kinerja kementerian/lembaga. 2. Kesesuaian pengklasifikasian t ujuan/sasaran kementerian/lembaga kedalam Program Prioritas Nasional yang ada. 3. Penjelasan",peraturan menteri|9|2015,eff114de4e3ced25d6b4859c7201fd53f41823612ae1e9a595ae298883b3aca5,train-00006-of-00021.parquet:5231582,1,932,Azzindani/Indonesian_Regulation_QA,54e65e937f1a8cc87cd0fc55eb944c0a6383efe1,"Ketentuan hukum dalam Pasal 4 dalam Peraturan Menteri No 9 Tahun 2015 tentang Tata Cara Pengangkatan Pegawai Negeri Sipil Dalam Jabatan:
(1) Pengangkatan PNS dalam Jabatan Fungsional Pengawas Lingkungan Hidup melalui penyesuaian/ inpassing sebagaimana dimaksud dalam<|im_end|>","Ketentuan hukum dalam Pasal 4 dalam Peraturan Menteri No 9 Tahun 2015 tentang Tata Cara Pengangkatan Pegawai Negeri Sipil Dalam Jabatan:
(1) Pengangkatan PNS dalam Jabatan Fungsional Pengawas Lingkungan Hidup melalui penyesuaian/ inpassing sebagaimana dimaksud dalam",0.066087,1.0,0,0.0,63,2.3305,False,,,,,,,,
qa-test-00190,qa_test,Kutipan isi Pasal 3 menurut Peraturan Menteri Pendayagunaan Aparatur Negara No 16 Tahun 1945 berbunyi apa?,"Kutipan isi Pasal berbunyi: Pasal 3 dalam Peraturan Menteri Pendayagunaan Aparatur Negara No 16 Tahun 1945 tentang Jabatan Fungsional Pem Adam Kebakaran:
Pemadam Kebakaran sebagaimana dimaksud dalam",peraturan menteri|16|1945,f082329de96513a96bf2452229e08cf94dda9351462da1415b8c50e9831b416c,train-00014-of-00021.parquet:13364017,1,95,Azzindani/Indonesian_Regulation_QA,54e65e937f1a8cc87cd0fc55eb944c0a6383efe1,"Kutipan isi Pasal berbunyi: Pasal 3 dalam Peraturan Menteri Pendayagunaan Aparatur Negara No 16 Tahun 1945 tentang Jabatan Fungsional Asisten Penguji Prasarana Perkeretaapian:
4 (1) Dalam menjalankan tugasnya, pejabat sebagaimana dimaksud dalam<|im_end|>","Kutipan isi Pasal berbunyi: Pasal 3 dalam Peraturan Menteri Pendayagunaan Aparatur Negara No 16 Tahun 1945 tentang Jabatan Fungsional Asisten Penguji Prasarana Perkeretaapian:
4 (1) Dalam menjalankan tugasnya, pejabat sebagaimana dimaksud dalam",0.745763,1.0,0,0.0,66,2.439,False,,,,,,,,
qa-test-00191,qa_test,Sebutkan semua ketentuan yang ada dalam Pasal 45 dari Peraturan Pemerintah Republik Indonesia No 6 Tahun 2021!,"Redaksional Pasal dalam Pasal 45 dalam Peraturan Pemerintah Republik Indonesia No 6 Tahun 2021 tentang Penyelenggaraan Pengadaan Tanah Bagi Pembangunan Untuk:
(1) Penetapan Lokasi pembangunan sebagaimana dimaksud dalam",peraturan pemerintah|6|2021,f251d1955f1e13d2b906cb5c216c96023c2ab4394ebbe59c69230737404b4176,train-00016-of-00021.parquet:15486484,1,85,Azzindani/Indonesian_Regulation_QA,54e65e937f1a8cc87cd0fc55eb944c0a6383efe1,"Redaksional Pasal dalam Pasal 45 dalam Peraturan Pemerintah Republik Indonesia No 6 Tahun 2021 tentang Penyelenggaraan Bidang Pelayaran:
(1) Pengawasan terhadap kegiatan usaha angkutan laut sebagaimana dimaksud dalam<|im_end|>","Redaksional Pasal dalam Pasal 45 dalam Peraturan Pemerintah Republik Indonesia No 6 Tahun 2021 tentang Penyelenggaraan Bidang Pelayaran:
(1) Pengawasan terhadap kegiatan usaha angkutan laut sebagaimana dimaksud dalam",0.714286,1.0,0,0.0,46,1.7163,False,,,,,,,,
qa-test-00192,qa_test,Apa saja hal yang dijelaskan dalam Pasal 11 dari Peraturan Pemerintah Republik Indonesia No 44 Tahun 2010?,"Berikut adalah isi hukum dari Pasal 11 dalam Peraturan Pemerintah Republik Indonesia No 44 Tahun 2010 tentang Preku Rsor:
Cukup jelas.",peraturan pemerintah|44|2010,f31b532eb8d1359dca62a50af4c3e102363f22054c1c15a1b84f3f304ba238ff,train-00009-of-00021.parquet:8226811,1,76,Azzindani/Indonesian_Regulation_QA,54e65e937f1a8cc87cd0fc55eb944c0a6383efe1,"Berikut adalah isi hukum dari Pasal 11 dalam Peraturan Pemerintah Republik Indonesia No 44 Tahun 2010 tentang Jaminan Luasan Lahan Pertanian:
Cukup jelas.<|im_end|>","Berikut adalah isi hukum dari Pasal 11 dalam Peraturan Pemerintah Republik Indonesia No 44 Tahun 2010 tentang Jaminan Luasan Lahan Pertanian:
Cukup jelas.",0.863636,1.0,0,0.0,41,1.5376,False,,,,,,,,
qa-test-00193,qa_test,Apa redaksi asli dari Pasal 20 dalam Peraturan Menteri Energi Dan Sumber Daya Mineral No 46 Tahun 2017?,"Frasa hukum penting dalam Pasal 20 dalam Peraturan Menteri Energi Dan Sumber Daya Mineral No 46 Tahun 2017 tentang Standardisasi Kompetensi Tenaga Teknik Ketenagalistrikan:
(1) Penerapan SKTTK dilakukan terhadap SKTTK yang telah mendapatkan penetapan dan pemberlakuan oleh Menteri sebagaimana dimaksud dalam",peraturan menteri|46|2017,f49d92232796f52b80672992fc9272178e2bc42d19ab9857ed072834822ac6ae,train-00005-of-00021.parquet:4845588,1,109,Azzindani/Indonesian_Regulation_QA,54e65e937f1a8cc87cd0fc55eb944c0a6383efe1,"Frasa hukum penting dalam Pasal 20 dalam Peraturan Menteri Energi Dan Sumber Daya Mineral No 46 Tahun 2017 tentang Standar Kompetensi Tenaga Teknik Ketenagalistrikan:
(1) Tenaga Teknik Ketenagalistrikan yang telah memiliki Sertifikat Kompetensi dapat melakukan uji kompetensi untuk mendapatkan Sertifikat Kompetensi yang baru. (2) Uji kompetensi sebagaimana dimaksud pada ayat (1) dilakukan oleh lembaga sertifikasi yang telah terakreditasi oleh KAN. (3) Sertifikat Kompetensi yang baru sebagaimana dimaksud pada ayat (1) berlaku untuk masa berlaku 5 (lima) tahun.<|im_end|>","Frasa hukum penting dalam Pasal 20 dalam Peraturan Menteri Energi Dan Sumber Daya Mineral No 46 Tahun 2017 tentang Standar Kompetensi Tenaga Teknik Ketenagalistrikan:
(1) Tenaga Teknik Ketenagalistrikan yang telah memiliki Sertifikat Kompetensi dapat melakukan uji kompetensi untuk mendapatkan Sertifikat Kompetensi yang baru. (2) Uji kompetensi sebagaimana dimaksud pada ayat (1) dilakukan oleh lembaga sertifikasi yang telah terakreditasi oleh KAN. (3) Sertifikat Kompetensi yang baru sebagaimana dimaksud pada ayat (1) berlaku untuk masa berlaku 5 (lima) tahun.",0.525424,1.0,0,0.0,129,4.7099,False,,,,,,,,
qa-test-00194,qa_test,Sampaikan isi hukum dalam Pasal 64 dari Peraturan Kepala Badan Narkotika Nasional No 12 Tahun 2017!,"Ketentuan hukum dalam Pasal 64 dalam Peraturan Kepala Badan Narkotika Nasional No 12 Tahun 2017 tentang Pedoman Pemantauan Tin Dak Lanjut Hasil:
ayat (2) Undang -Undang Nomor 35 Tahun 2009 tentang Narkotika. 5. Inspektorat Utama adalah unsur pengawas yang berada di bawah dan bertanggung jawab kepada Kepala BNN (1), Inspektorat Utama dipimpin oleh Inspektu r Utama sebagaimana dimaksud dalam",peraturan kepala|12|2017,f4aec0a48f6a4028cf937d2d1284b6a20ba08973608c6aa1006b4b6b5b1c6b27,train-00009-of-00021.parquet:8970232,1,146,Azzindani/Indonesian_Regulation_QA,54e65e937f1a8cc87cd0fc55eb944c0a6383efe1,"Ketentuan hukum dalam Pasal 64 dalam Peraturan Kepala Badan Narkotika Nasional No 12 Tahun 2017 tentang Tata Cara Penanganan Perkara Pidana Di Bidang:
(1) Dalam hal terdakwa tidak dapat hadir di sidang pengadilan, Hakim dapat memanggil terdakwa untuk hadir di sidang pengadilan. (2) Dalam hal terdakwa tidak dapat hadir di sidang pengadilan sebagaimana dimaksud pada ayat (1), Hakim dapat memerintahkan penyidik untuk melakukan penangkapan dan penahanan terhadap terdakwa. (3) Dalam hal terdakwa tidak dapat hadir di sidang pengadilan sebagaimana dimaksud pada ayat (1), Hakim dapat memerintahkan penyidik untuk melakukan penangkapan dan penahanan terhadap terdakwa. (4) Dalam hal terdakwa tidak dapat hadir di sidang pengadilan sebagaimana dimaksud pada ayat (1), Hakim dapat memerintahkan penyidik untuk melakukan penangkapan dan penahanan terhadap terdakwa. (5) Dalam hal terdakwa tidak dapat hadir di sidang pengadilan sebagaimana dimaksud pada ayat (1), Hakim dapat memerintahkan penyidik untuk melakukan penangkapan dan penahanan terhadap terdakwa. (6) Dalam hal terdakwa tidak dapat hadir di sidang pengadilan sebagaimana dimaksud pada ayat (1), Hakim dapat memerintahkan penyidik untuk","Ketentuan hukum dalam Pasal 64 dalam Peraturan Kepala Badan Narkotika Nasional No 12 Tahun 2017 tentang Tata Cara Penanganan Perkara Pidana Di Bidang:
(1) Dalam hal terdakwa tidak dapat hadir di sidang pengadilan, Hakim dapat memanggil terdakwa untuk hadir di sidang pengadilan. (2) Dalam hal terdakwa tidak dapat hadir di sidang pengadilan sebagaimana dimaksud pada ayat (1), Hakim dapat memerintahkan penyidik untuk melakukan penangkapan dan penahanan terhadap terdakwa. (3) Dalam hal terdakwa tidak dapat hadir di sidang pengadilan sebagaimana dimaksud pada ayat (1), Hakim dapat memerintahkan penyidik untuk melakukan penangkapan dan penahanan terhadap terdakwa. (4) Dalam hal terdakwa tidak dapat hadir di sidang pengadilan sebagaimana dimaksud pada ayat (1), Hakim dapat memerintahkan penyidik untuk melakukan penangkapan dan penahanan terhadap terdakwa. (5) Dalam hal terdakwa tidak dapat hadir di sidang pengadilan sebagaimana dimaksud pada ayat (1), Hakim dapat memerintahkan penyidik untuk melakukan penangkapan dan penahanan terhadap terdakwa. (6) Dalam hal terdakwa tidak dapat hadir di sidang pengadilan sebagaimana dimaksud pada ayat (1), Hakim dapat memerintahkan penyidik untuk",0.222222,0.666667,0,0.484472,256,9.3002,True,,,,,,,,
qa-test-00195,qa_test,Apa isi legal dari Pasal 453 dalam Peraturan Menter! Energi Dan Sumber Daya Mineral No 13 Tahun 2016?,"Isi legal dari Pasal 453 dalam Peraturan Menter! Energi Dan Sumber Daya Mineral No 13 Tahun 2016 tentang Organisasi Dan Tata Kerja:
Subdirektorat Pengelolaan Informasi Penerimaan Mineral dan Batubara mempunyai tugas melaksanakan penyiapa n perencanaan dan kebijakan, penyusunan norma, standar, prosedur, dan kriteria, pemberian bimbingan teknis dan supervisi, evaluasi dan pelaporan, serta pengendalian dan pengawasan di bidang pengelolaan informasi penerimaan mineral dan batubara .",answer:f8523916f25bdc3f0b36f131b618d0a15772aa3eff6608ca0186b099cf642c7d,f8523916f25bdc3f0b36f131b618d0a15772aa3eff6608ca0186b099cf642c7d,train-00005-of-00021.parquet:4951347,1,145,Azzindani/Indonesian_Regulation_QA,54e65e937f1a8cc87cd0fc55eb944c0a6383efe1,"Isi legal dari Pasal 453 dalam Peraturan Menter! Energi Dan Sumber Daya Mineral No 13 Tahun 2016 tentang Organisasi Dan Tata Kerja:
Subdirektorat Pengawasan dan Pengendalian Usaha Pertambangan Minyak dan Gas Bumi mempunyai tugas melaksanakan penyiapan perumusan dan pelaksanaan kebijakan, penyusunan norma, standar, prosedur, dan kriteria, pemberian bimbingan teknis dan supervisi, evaluasi dan pelaporan, serta pengendalian dan pengawasan di bidang pengawasan dan pengendalian usaha pertambangan minyak dan gas bumi.<|im_end|>","Isi legal dari Pasal 453 dalam Peraturan Menter! Energi Dan Sumber Daya Mineral No 13 Tahun 2016 tentang Organisasi Dan Tata Kerja:
Subdirektorat Pengawasan dan Pengendalian Usaha Pertambangan Minyak dan Gas Bumi mempunyai tugas melaksanakan penyiapan perumusan dan pelaksanaan kebijakan, penyusunan norma, standar, prosedur, dan kriteria, pemberian bimbingan teknis dan supervisi, evaluasi dan pelaporan, serta pengendalian dan pengawasan di bidang pengawasan dan pengendalian usaha pertambangan minyak dan gas bumi.",0.757576,1.0,0,0.0625,109,3.9896,False,,,,,,,,
qa-test-00196,qa_test,Apa yang tertulis dalam Pasal 37 dalam Peraturan Presiden Republik Indonesia No 31 Tahun 2015?,"Tertulis dalam Pasal 37 dalam Peraturan Presiden Republik Indonesia No 31 Tahun 2015 tentang Rencana Tata Ruang Kawasan Perbatasan Negara:
(1) Zona L1 yang merupakan kawasan yang memberikan perlindungan terhadap kawasan bawahannya sebagaimana dimaksud dalam",peraturan presiden|31|2015,f902f6305715133c0be46ac4cfa0449cd8ba596679f9dc5986f3be5b00a8f8ae,train-00003-of-00021.parquet:2945924,1,90,Azzindani/Indonesian_Regulation_QA,54e65e937f1a8cc87cd0fc55eb944c0a6383efe1,"Tertulis dalam Pasal 37 dalam Peraturan Presiden Republik Indonesia No 31 Tahun 2015 tentang Kementerian Negara, Perlu:
(1) Direktorat Jenderal Perindustrian berada di bawah dan bertanggung jawab kepada Menteri. (2) Direktorat Jenderal Perindustrian dipimpin oleh Direktur Jenderal.<|im_end|>","Tertulis dalam Pasal 37 dalam Peraturan Presiden Republik Indonesia No 31 Tahun 2015 tentang Kementerian Negara, Perlu:
(1) Direktorat Jenderal Perindustrian berada di bawah dan bertanggung jawab kepada Menteri. (2) Direktorat Jenderal Perindustrian dipimpin oleh Direktur Jenderal.",0.444444,1.0,0,0.0,61,2.2611,False,,,,,,,,
qa-test-00197,qa_test,Apa yang tertulis dalam Pasal 208 dalam Undang-Undang Republik Indonesia No 17 Tahun 2008?,"Tertulis dalam Pasal 208 dalam Undang-Undang Republik Indonesia No 17 Tahun 2008 tentang P E L A Y A R A N:
Syahbandar mempunyai kewenangan: a. mengkoordinasikan seluruh kegiatan pemerintahan di pelabuhan; b. memeriksa dan menyimpan surat, dokumen, dan warta kapal; c. menerbitkan persetujuan kegiatan kapal di pelabuhan; d. melakukan pemeriksaan kapal; e. menerbitkan Surat Persetujuan Berlayar ; f. melakukan pemeriksaan kecelakaan kapal; g. menahan kapal atas perintah pengadilan; dan h. melaksanakan sijil Awak Kapal.",undang-undang|17|2008,f91da4613fcb198ba0e140e831ae471cc0997b1d81202d634c89a18d88bbdc31,train-00004-of-00021.parquet:3384924,1,163,Azzindani/Indonesian_Regulation_QA,54e65e937f1a8cc87cd0fc55eb944c0a6383efe1,"Tertulis dalam Pasal 208 dalam Undang-Undang Republik Indonesia No 17 Tahun 2008 tentang Perubahan Atas Undang-Undang:
A (1) Dalam hal terdapat perbedaan pendapat dalam pengambilan keputusan, keputusan diambil berdasarkan musyawarah untuk mufakat. (2) Dalam hal musyawarah untuk mufakat sebagaimana dimaksud pada ayat (1) tidak tercapai, keputusan diambil berdasarkan suara terbanyak. (3) Keputusan yang diambil berdasarkan suara terbanyak sebagaimana dimaksud pada ayat (2) harus mendapat dukungan sekurang-kurangnya 2/3 (dua per tiga) dari jumlah anggota yang hadir. 21. Ketentuan<|im_end|>","Tertulis dalam Pasal 208 dalam Undang-Undang Republik Indonesia No 17 Tahun 2008 tentang Perubahan Atas Undang-Undang:
A (1) Dalam hal terdapat perbedaan pendapat dalam pengambilan keputusan, keputusan diambil berdasarkan musyawarah untuk mufakat. (2) Dalam hal musyawarah untuk mufakat sebagaimana dimaksud pada ayat (1) tidak tercapai, keputusan diambil berdasarkan suara terbanyak. (3) Keputusan yang diambil berdasarkan suara terbanyak sebagaimana dimaksud pada ayat (2) harus mendapat dukungan sekurang-kurangnya 2/3 (dua per tiga) dari jumlah anggota yang hadir. 21. Ketentuan",0.205128,1.0,0,0.0,136,4.9656,False,,,,,,,,
qa-test-00198,qa_test,Sebutkan semua ketentuan yang ada dalam Pasal 63 dari Peraturan Pemerintah Republik Indonesia No 6 Tahun 2021!,"Redaksional Pasal dalam Pasal 63 dalam Peraturan Pemerintah Republik Indonesia No 6 Tahun 2021 tentang Penyelenggaraan Bidang Pertanian:
Sertifikasi dan pelabelan sebagaimana dimaksud dalam",peraturan pemerintah|6|2021,f9282483f32969d2bece0eed9e5fc3d06e7a5f9f9e55f04be5a6910503b787e7,train-00015-of-00021.parquet:14860659,1,81,Azzindani/Indonesian_Regulation_QA,54e65e937f1a8cc87cd0fc55eb944c0a6383efe1,"Redaksional Pasal dalam Pasal 63 dalam Peraturan Pemerintah Republik Indonesia No 6 Tahun 2021 tentang Penyelenggaraan Bidang Pelayaran:
(1) Pengawasan terhadap kegiatan usaha angkutan laut sebagaimana dimaksud dalam<|im_end|>","Redaksional Pasal dalam Pasal 63 dalam Peraturan Pemerintah Republik Indonesia No 6 Tahun 2021 tentang Penyelenggaraan Bidang Pelayaran:
(1) Pengawasan terhadap kegiatan usaha angkutan laut sebagaimana dimaksud dalam",0.769231,1.0,0,0.0,46,1.7143,False,,,,,,,,
qa-test-00199,qa_test,Jelaskan narasi hukum dalam Pasal 2 menurut Peraturan Presiden Republik Indonesia No ll Tahun 2023!,"Narasi hukum dalam Pasal 2 dalam Peraturan Presiden Republik Indonesia No ll Tahun 2023 tentang Urusan Pemerintahan Konkuren Tambahan Di Bidang Energi:
(1) Pembagian urusan pemerintahan konkuren di bidang energi dan sumber daya mineral pada subbidang Energi Baru Terbarukan merupakan pembagian urusan pemerintahan sebagaimana tercantum dalam huruf CC angka 4 Lampiran Undang-Undang Nomor 23 Tallun 2OI4 tentang Pemerintahan Daerah. (21 Selain pembagian urusan pemerintahan subbidang Energi Baru Terbarukan sebagaimana dimaksud pada ayat (1), dengan Peraturan Presiden ini ditetapkan Urusan Pemerintahan Konkuren Tambahan di bidang energi dan sumber daya mineral pada subbidang Energi Baru Terbarukan.",answer:fc266ffadd801282608b3d242ff2d800deac87c9685078b1d5ddc2f076dfccdb,fc266ffadd801282608b3d242ff2d800deac87c9685078b1d5ddc2f076dfccdb,train-00020-of-00021.parquet:19143769,1,180,Azzindani/Indonesian_Regulation_QA,54e65e937f1a8cc87cd0fc55eb944c0a6383efe1,"Narasi hukum dalam Pasal 2 dalam Peraturan Presiden Republik Indonesia No ll Tahun 2023 tentang Tunjangan Jabatan Fungsional:
Pegawai Negeri Sipil yang diangkat dan ditugaskan secara penuh dalam Jabatan Fungsional Analis Perdagangan diberikan Tunjangan Analis Perdagangan setiap bulan.<|im_end|>","Narasi hukum dalam Pasal 2 dalam Peraturan Presiden Republik Indonesia No ll Tahun 2023 tentang Tunjangan Jabatan Fungsional:
Pegawai Negeri Sipil yang diangkat dan ditugaskan secara penuh dalam Jabatan Fungsional Analis Perdagangan diberikan Tunjangan Analis Perdagangan setiap bulan.",0.255639,1.0,0,0.0,67,2.4735,False,,,,,,,,
qa-test-00200,qa_test,Apa yang tertulis dalam Pasal 2 dalam Peraturan Menteri Energi Dan Sumber Daya Mineral No 13 Tahun 2022?,"Tertulis dalam Pasal 2 dalam Peraturan Menteri Energi Dan Sumber Daya Mineral No 13 Tahun 2022 tentang Bantuan Pelatihan Dan Beasiswa:
Peraturan Menteri ini merupakan pedoman dalam pelaksanaan pemberian Bantuan Pelatihan dan Beasiswa di bidang energi dan sumber daya mineral.",peraturan menteri|13|2022,fed6808d109e8c3eb44a8cdb590c7373bd489c9c81b4bd02fd3bf3c3de370773,train-00019-of-00021.parquet:18604999,1,96,Azzindani/Indonesian_Regulation_QA,54e65e937f1a8cc87cd0fc55eb944c0a6383efe1,"Tertulis dalam Pasal 2 dalam Peraturan Menteri Energi Dan Sumber Daya Mineral No 13 Tahun 2022 tentang Organisasi Dan Tata Kerja:
(1) Balai Besar Pengujian Minyak dan Gas Bumi berada di bawah dan bertanggung jawab kepada Kepala. (2) Balai Besar Pengujian Minyak dan Gas Bumi dipimpin oleh Kepala.<|im_end|>","Tertulis dalam Pasal 2 dalam Peraturan Menteri Energi Dan Sumber Daya Mineral No 13 Tahun 2022 tentang Organisasi Dan Tata Kerja:
(1) Balai Besar Pengujian Minyak dan Gas Bumi berada di bawah dan bertanggung jawab kepada Kepala. (2) Balai Besar Pengujian Minyak dan Gas Bumi dipimpin oleh Kepala.",0.477273,1.0,0,0.046512,68,2.5129,False,,,,,,,,
