case_id,source_available_in_candidate_corpus,regulation_key,query_article,prompt,reference_answer,retrieval_status,candidate_chunk_count,retrieved_source_ids,adapter_no_rag_answer,adapter_with_candidate_rag_answer,no_rag_reference_token_f1,rag_reference_token_f1,rag_grounded_token_precision,rag_citation_signal_present,rag_appropriate_abstention_when_source_missing,reviewer_no_rag_rating_1_to_5,reviewer_rag_rating_1_to_5,reviewer_preferred_condition,reviewer_substance_correct,reviewer_grounded,reviewer_current,reviewer_notes
qa-covered-0001,True,peraturan presiden|105|2012,Pasal 3,Sebutkan semua ketentuan yang ada dalam Pasal 3 dari Peraturan Presiden Republik Indonesia No 105 Tahun 2012!,"Redaksional Pasal dalam Pasal 3 dalam Peraturan Presiden Republik Indonesia No 105 Tahun 2012 tentang Tunjangan Kinerja:
(1) Tunjangan Kinerja sebagaimana dimaksud dalam",found,1,kg-aab9ec1aeb52-f1732dfa4fbb701142e3-0,"Redaksional Pasal dalam Pasal 3 dalam Peraturan Presiden Republik Indonesia No 105 Tahun 2012 tentang Tunjangan Kinerja Pegawai Di Lingkungan:
(1) Tunjangan kinerja sebagaimana dimaksud dalam","Berikut adalah semua ketentuan yang ada dalam Pasal 3 dalam Peraturan Presiden Republik Indonesia No 105 Tahun 2012 tentang Tunjangan Kinerja Pegawai Di Lingkungan Kementerian Perumahan Rakyat:
(1) Tunjangan Kinerja sebagaimana dimaksud dalam",0.938776,0.75,0.75,False,,,,,,,,
qa-covered-0002,True,undang-undang|17|2008,Pasal 353,Apa frasa hukum dalam Pasal 353 dari Undang-Undang Republik Indonesia No 17 Tahun 2008?,"Frasa hukum dalam Pasal 353 dalam Undang-Undang Republik Indonesia No 17 Tahun 2008 tentang P E L A Y A R A N:
Pada saat Undang-Undang ini berlaku semua peraturan pelaksanaan Undang-Undang Nomor 21 Tahun 1992 tentan g Pelayaran dinyatakan tetap berlaku sepanjang tidak bertentangan atau belum diganti dengan yang baru berdasarkan Undang-Undang ini.",found,1,kg-837cfb09010d-b36581c69e0aeba5a3a2-0,"Frasa hukum dalam Pasal 353 dalam Undang-Undang Republik Indonesia No 17 Tahun 2008 tentang Perubahan Atas Undang-Undang:
A (1) Dalam hal terdapat perbedaan pendapat dalam pengambilan keputusan, keputusan diambil berdasarkan musyawarah untuk mufakat. (2) Dalam hal musyawarah untuk mufakat sebagaimana dimaksud pada ayat (1) tidak tercapai, keputusan diambil berdasarkan suara terbanyak. (3) Keputusan yang diambil berdasarkan suara terbanyak sebagaimana dimaksud pada ayat (2) harus mendapat dukungan sekurang-kurangnya 2/3 (dua per tiga) dari jumlah anggota yang hadir. 10. Ketentuan","Frasa hukum dalam Pasal 353 dalam Undang-Undang Republik Indonesia No 17 Tahun 2008 tentang Pelayaran:
Pada saat Undang-Undang ini berlaku semua peraturan pelaksanaan Undang-Undang Nomor 21 Tahun 1992 tentang Pelayaran dinyatakan tetap berlaku sepanjang tidak bertentangan atau belum diganti dengan yang baru",0.314286,0.834951,0.833333,False,,,,,,,,
qa-covered-0003,True,peraturan pemerintah|29|2005,Pasal 4,Jelaskan narasi hukum dalam Pasal 4 menurut Peraturan Pemerintah Republik Indonesia No 29 Tahun 2005!,"Narasi hukum dalam Pasal 4 dalam Peraturan Pemerintah Republik Indonesia No 29 Tahun 2005 tentang Bantuan Keuangan Kepada Partai Politik:
1. Besarnya Bantuan Keuangan kepada partai politi k tingkat Pusat untuk setiap kursi ditetapkan sebesar Rp. 21.000.000,- (dua puluh satu juta rupiah) per tahun. 2. Besarnya Bantuan Keuangan sebagaimana dimaksud pada ayat (1) dapat diubah setiap tahun anggaran, dan perubahannya ditetapkan oleh Menteri Keuangan atas usul Menteri Dalam Negeri.",found,2,"kg-331cdf7cedec-ec2d37bf90ffeaea5f40-0,kg-331cdf7cedec-ba05afc7a78c3fd69304-0","Narasi hukum dalam Pasal 4 dalam Peraturan Pemerintah Republik Indonesia No 29 Tahun 2005 tentang Tata Cara Pengenaan Sanksi Administrasi Berupa Denda:
Cukup jelas.","Narasi hukum dalam Pasal 4 dalam Peraturan Pemerintah Republik Indonesia No 29 Tahun 2005 tentang Perizinan Pemanfaatan:
ayat (1) huruf a, huruf b, huruf c, huruf d, huruf e, huruf f, huruf g, huruf h, huruf i, huruf j, huruf k, huruf l, huruf m, huruf n, huruf o, huruf p, huruf q, huruf r, huruf s, huruf t, huruf u, huruf v, huruf w, huruf x, huruf y, huruf z, huruf aa, huruf ab, huruf ac, huruf ad, huruf ae, huruf af, huruf ag, huruf ah, huruf ai, huruf aj, huruf ak, huruf al, huruf am, huruf an, huruf ao, huruf ap, huruf aq, huruf ar, huruf as, huruf at, huruf au, huruf av, huruf aw, huruf ax, huruf ay, huruf az, huruf ba, huruf bb, huruf bc, huruf bd, huruf be, huruf bf, huruf bg, huruf bh, huruf bi, huruf bj, huruf bk, huruf bl, huruf bm, huruf bn, huruf bo, huruf bp, huruf bq, huruf br, huruf bs, huruf bt, huruf bu,",0.315789,0.152542,0.072727,False,,,,,,,,
qa-covered-0004,True,peraturan presiden|69|2005,Pasal 12,Uraikan teks hukum dari Pasal 12 menurut Peraturan Presiden Republik Indonesia No 69 Tahun 2005!,"Teks hukum dari Pasal 12 dalam Peraturan Presiden Republik Indonesia No 69 Tahun 2005 tentang Peran Serta Lembaga/Perorangan Asing:
Peraturan Presiden ini mulai berl aku sejak tanggal ditetapkan. Ditetapkan di Jakarta pada tanggal 14 November 2005 PRESIDEN REPUBLIK INDONESIA ttd. DR. H. SUSILO BAMBANG YUDHOYONO Salinan sesuai dengan aslinya, Deputi Sekretaris Kabinet Bidang Hukum dan Perundang-undangan ttd Lambock V. Nahattands",found,1,kg-4ac6e55ba4dd-0e71f0c8d14273d8a48b-0,"Teks hukum dari Pasal 12 dalam Peraturan Presiden Republik Indonesia No 69 Tahun 2005 tentang Kerjasama Pemerintah Dengan Badan Usaha:
(1) Badan Usaha yang telah memperoleh persetujuan prinsip sebagaimana dimaksud dalam","Teks hukum dari Pasal 12 dalam Peraturan Presiden Republik Indonesia No 69 Tahun 2005 tentang Peran Serta Lembaga/Perorangan Asing Dalam Rangka Hibah Untuk Rehabilitasi Dan Rekonstruksi Wilayah Dan Kehidupan Masyarakat Provinsi Nanggroe Aceh Darussalam Dan Kepulauan Nias Provinsi Sumatera Utara:
Peraturan Presiden ini mulai berlaku sejak tanggal ditetapkan. Ditetapkan di Jakarta pada tanggal 27 Oktober 2005 PRESIDEN REPUBLIK INDONESIA, ttd. DR. H. SUSILO BAMBANG YUDHOYONO Salinan sesuai dengan aslinya Deputi Sekretaris Kabinet Bidang Hukum, ttd Lambock V. Nahattands",0.344086,0.794326,0.583333,False,,,,,,,,
qa-covered-0005,True,peraturan pemerintah|100|2000,Pasal 2,Tulis isi hukum dari Pasal 2 dalam Peraturan Pemerintah Republik Indonesia No 100 Tahun 2000!,"Isi hukum dari Pasal 2 dalam Peraturan Pemerintah Republik Indonesia No 100 Tahun 2000 tentang Pengangkatan Pegawai Negeri Sipil:
(1) Jabatan struktural Eselon I pada instansi Pusat ditetapkan oleh Presiden atas usul Pimpinan Instansi setelah mendapat pertimbangan tertulis dari Menteri yang bertanggung jawab di bidang pendayagunaan aparatur negara. (2) Jabatan struktural Eselon II ke bawah pada instansi Pusat ditetapkan oleh Pimpinan Instansi setelah mendapat pertimbangan tertulis dari Menteri yang bertanggung jawab di bidang pendayagunaan aparatur negara. (3) Jabatan struktural Eselon I ke bawah di Propinsi dan Jabatan Struktural Eselon II ke bawah di Kabupaten/Kota ditetapkan sesuai dengan ketentuan peraturan perundang-undangan yang berlaku.",found,1,kg-0c1d7552de3b-8bfd7810bb320fc0b524-0,"Isi hukum dari Pasal 2 dalam Peraturan Pemerintah Republik Indonesia No 100 Tahun 2000 tentang Tarif Atas Jenis Penerimaan Negara Bukan Pajak:
(1) Tarif atas jenis Penerimaan Negara Bukan Pajak sebagaimana dimaksud dalam","Isi hukum dari Pasal 2 dalam Peraturan Pemerintah Republik Indonesia No 100 Tahun 2000 tentang Pengangkatan Pegawai Negeri Sipil Dalam Jabatan Struktural:
ayat (1) huruf a, huruf b, huruf c, huruf d, huruf e, huruf f, huruf g, huruf h, huruf i, huruf j, huruf k, huruf l, huruf m, huruf n, huruf o, huruf p, huruf q, huruf r, huruf s, huruf t, huruf u, huruf v, huruf w, huruf x, huruf y, huruf z, huruf aa, huruf ab, huruf ac, huruf ad, huruf ae, huruf af, huruf ag, huruf ah, huruf ai, huruf aj, huruf ak, huruf al, huruf am, huruf an, huruf ao, huruf ap, huruf aq, huruf ar, huruf as, huruf at, huruf au, huruf av, huruf aw, huruf ax, huruf ay, huruf az, huruf ba, huruf bb, huruf bc, huruf bd, huruf be, huruf bf, huruf bg, huruf bh, huruf bi, huruf bj, huruf bk, huruf bl, huruf bm, huruf bn, huruf bo, huruf bp, huruf bq, huruf br, huruf bs",0.277372,0.17037,0.140351,False,,,,,,,,
qa-covered-0006,True,peraturan pemerintah|104|2000,Pasal 13,Sebutkan semua ketentuan yang ada dalam Pasal 13 dari 1Peraturan Menteri Keuangan Republik Indonesia No nan Tahun 2000!,"Redaksional Pasal dalam Pasal 13 dalam 1Peraturan Menteri Keuangan Republik Indonesia No nan Tahun 2000 tentang Penetapan Perkiraan Jumlah Dana Bagian Daerah Dari Sumber Daya:
ayat (4) Peraturan Pemerintah Nomor 104 Tahun 2000 tentang Dana Perimbangan sebagaimana telah diubah dengan Peraturan Pemerintah Nomor 84 Tahun 2001, perlu menetapkan Pera turan Menteri Keuangan tentang Penetapan Perkiraan Jumlah Dana Bagian Daerah dari Sumber Daya Alam Sektor Kehutanan Tahun Anggaran 2005; Mengingat: 1. Undang-Undang Nomor 20 Tahun 1997 tentang Pene rimaan Negara Buka n Pajak (Lembaran Negara Republik Indonesia Tahun 1997 Nomor 43, Tambahan Lembaran Negara Republik Indonesia Nomor 3687); 2. Undang-Undang Nomor 41 Tahun 1999 tentang Kehutanan (Lembaran Negara Republik Indonesia Tahun 1999 Nomor 167, Tambahan Lembaran Negara Republik Indonesia Nomor 3888); 3. Undang-Undang Nomor 19 Tahun 2004 tentang Pene tapan Peraturan Pemerintah Pengganti Undang-Undang Nomor 1 Tahun 2004 tentang Perubahan Atas Undang-Undang Nomor 41 Tahun 1999 tentang Kehutanan menjadi Undang-Undang (Lembaran Negara Republik Indonesia Tahun 2004 Nomor 86, Tambahan Lembaran Negara Republik Indonesia Nomor 4412); 4. Undang-Undang Nomor 17 Tahun 2003 tentang Keuangan Negara (Lembaran Negara Republik Indonesia Tahun 2003 Nomor 47, Tambahan Lembaran Negara Republik Indonesia Nomor 4286); 5. Undang-Undang Nomor 1 Tahun 2004 tentang Perb endaharaan Negara (Lembaran Negara Republik Indonesia Tahun 2004 Nomor 5, Tambahan Lembaran Negara Republik Indonesia Nomor 4355); 6. Undang-Undang Nomor 32 Tahun 2004 tentang Pemerintahan Daerah (Lembaran Negara Republik Indonesia Tahun 2004 Nomor 125, Tambahan Lembaran Negara Republik Indonesia Nomor 4437); 7. Undang-Undang Nomor 33 Tahun 2004 tentang Pe rimbangan Keuangan Antara Pemerintah Pusat dan Pemerintahan Daerah (Lembaran Negara Republik Indonesia Tahun 2004 Nomor 126, Tambahan Lembaran Negara Republik Indonesia Nomor 4438); 8. Undang-Undang Nomor 36 Tahun 2004 tentang An ggaran Pendapatan dan Belanja Negara Tahun Anggaran 2005 (Lembaran Negara Republik Indonesia Tahun 2004 Nomor 130, Tambahan Lembaran Negara Republik Indonesia Nomor 4442); 9. Peraturan Pemerintah Nomor 22 Tahun 1997 tenta ng Jenis dan Penyetoran Penerimaan Negara Bukan Pajak (Lembaran Negara Republik Indonesia Tahun 1997 Nomor 57, Tambahan Lembaran Negara Republik Indonesia Nomor 3694) sebagaimana telah diubah dengan Peraturan Pemerintah Nomor 52 Tahun 1998 (Lembaran Negara Republik Indonesia Tahun 1998 Nomor 85, Tambahan Lembaran Negara Republik Indonesia Nomor 3760); 10. Peraturan Pemerintah Nomor 25 Tahun 2000 tentang Kewenangan Pemerintah dan Kewenangan Provinsi sebagai Daerah Otonomi (Lembaran Negara Republik Indonesia Tahun 2000 Nomor 54, Tambahan Lembaran Negara Republik Indonesia Nomor 3952); 211. Peraturan Pemerintah Nomor 104 Tahun 2000 tentang Dana Perimbangan (Lembaran Negara Republik Indonesia Tahun 2000 Nomor 201, Tambahan Lembaran Negara Republik Indonesia Nomor 4021) sebagaimana telah diubah dengan Peraturan Pemerintah Nomor 84 Tahun 2001 (Lembaran Negara Republik Indonesia Tahun 2001 Nomor 157, Tambahan Lembaran Negara Republik Indonesia Nomor 4165); 12. Keputusan Presiden Nomor 187/M Tahun 2004; 13. Keputusan Menteri Keuangan Nomor 344/KMK.06/2001 tentang Penyalurah Dana Bagian D a e r a h d a r i S u m b e r D a y a A l a m s e b a g a i m a n a telah diubah beberapa kali terakhir dengan Peraturan Menteri Keuangan Nomor 612/PMK.06/2004; 14. Peraturan Menteri Keuangan Nomor 571/PMK.06/2004 tentang Petunjuk Teknis Penyelesaian Daftar Isian Pelaksanaan Anggaran (DIPA) Tahun Anggaran 2005; 15. Peraturan Menteri Keuangan Nomor 606/PMK.06/2004 tentang Pedoman Pembayaran Dalam Pelaksanaan Anggaran Pendapatan Belanja Negara Tahun 2005; 16. Keputusan Menteri",found,1,kg-c4a8890f6812-d42d6e20bb59279f6347-0,"Redaksional Pasal dalam Pasal 13 dalam 1Peraturan Menteri Keuangan Republik Indonesia No nan Tahun 2000 tentang Tata Cara Pengenaan Tarif Bea Masuk Atas Barang Impor:
ayat (1) huruf a, huruf b, huruf c, huruf d, huruf e, huruf f, huruf g, huruf h, huruf i, huruf j, huruf k, huruf 1, huruf m, huruf n, huruf o, huruf p, huruf q, huruf r, huruf s, huruf t, huruf u, huruf v, huruf w, huruf x, huruf y, huruf z, huruf aa, huruf ab, huruf ac, huruf ad, huruf ae, huruf af, huruf ag, huruf ah, huruf ai, huruf aj, huruf ak, huruf al, huruf am, huruf an, huruf ao, huruf ap, huruf aq, huruf ar, huruf as, huruf at, huruf au, huruf av, huruf aw, huruf ax, huruf ay, huruf az, huruf ba, huruf bb, huruf bc, huruf bd, huruf be, huruf bf, huruf bg, huruf bh, huruf bi, huruf bj, huruf bk, huruf bl, huruf bm, huruf bn, huruf bo, huruf bp, huruf bq, huruf br","Berikut adalah semua ketentuan yang ada dalam Pasal 13 dalam 1Peraturan Menteri Keuangan Republik Indonesia No nan Tahun 2000 tentang Dana Perimbangan:
- (1) Menteri Teknis setelah berkonsultasi dengan Menteri Dalam Negeri dan Otonomi Daerah menetapkan Kabupaten/Kota penghasil sebagaimana dimaksud dalam Pasal 9, Pasal 10 dan Pasal 12. - (2) Menteri teknis menetapkan dasar penghitungan bagian Daerah Kabupaten/Kota penghasil setelah berkonsultasi dengan Dewan Pertimbangan Otonomi Daerah. - (3) Menteri Teknis menyampaikan dasar penghitungan bagian Daerah Kabupaten/Kota penghasil kepada Menteri Keuangan,Gubernur dan Bupati/Walikota yang bersangkutan. - (4) Menteri Keuangan menetapkan jumlah dana bagian Daerah untuk masing-masing Daerah.",0.093407,0.157815,0.901408,False,,,,,,,,
qa-covered-0007,True,peraturan pemerintah|3|2003,Pasal 5,"Menurut Peraturan Pemerintah Republik Indonesia No 3 Tahun 2003, apa yang diatur dalam Pasal 5?","Rumusan Pasal berdasarkan Pasal 5 dalam Peraturan Pemerintah Republik Indonesia No 3 Tahun 2003 tentang Pelaksanaan Teknis Institusional Perad Ilan Umum Bagi:
Cukup Jelas",found,1,kg-73643030ee41-07a12c13649975be5031-0,"Ruang lingkup pengaturan dalam Peraturan Pemerintah ini meliputi: a. pengendalian dan pengawasan terhadap kegiatan usaha di bidang perikanan; b. pengendalian dan pengawasan terhadap kegiatan usaha di bidang budidaya ikan; c. pengendalian dan pengawasan terhadap kegiatan usaha di bidang perikanan tangkap; d. pengendalian dan pengawasan terhadap kegiatan usaha di bidang perikanan budidaya air payau; e. pengendalian dan pengawasan terhadap kegiatan usaha di bidang perikanan budidaya air tawar; f. pengendalian dan pengawasan terhadap kegiatan usaha di bidang perikanan budidaya air laut; g. pengendalian dan pengawasan terhadap kegiatan usaha di bidang perikanan budidaya air tawar dan air payau; h. pengendalian dan pengawasan terhadap kegiatan usaha di bidang perikanan budidaya air tawar dan air laut; i. pengendalian dan pengawasan terhadap kegiatan usaha di bidang perikanan budidaya air tawar, air payau dan air laut; j. pengendalian dan pengawasan terhadap kegiatan usaha di bidang perikanan budidaya air tawar, air payau dan air laut; k. pengendalian dan pengawasan terhadap kegiatan usaha di bidang perikanan budidaya air tawar, air payau dan air laut; l. pengendalian dan pengawasan terhadap kegiatan usaha di bidang perikanan budidaya","Berdasarkan konteks yang diberikan, jawaban untuk pertanyaan tersebut adalah:

Pemeriksaan terhadap anggota Kepolisian Negara Republik Indonesia dalam rangka penyidikan dilakukan dengan menggunakan Surat Perintah Pemeriksaan.",0.03,0.163265,0.526316,False,,,,,,,,
qa-covered-0008,True,peraturan pemerintah|72|2009,Pasal 125,Bagaimana bunyi lengkap dari Pasal 125 berdasarkan Peraturan Pemerintah Republik Indonesia No 72 Tahun 2009?,"Bunyi lengkap dari Pasal berdasarkan Pasal 125 dalam Peraturan Pemerintah Republik Indonesia No 72 Tahun 2009 tentang Lalu Lintas Dan Angkutan Kereta Api:
(1) Penumpang yang membawa barang harus meletakkan barang bawaannya di tempat yang ditentukan untuk meletakkan barang. (2) Dalam hal barang bawaan sebagaimana dimaksud pada ayat (1) diletakkan dalam kereta bagasi, barang bawaan dikenai biaya angkutan. (3) Biaya angkutan sebagaimana dimaksud pada ayat (2) ditentukan berdasarkan tarif yang ditetapkan oleh penyelenggara sarana perkeretaapian.",found,1,kg-aced410a168b-ec7eb14d41a6164dddc1-0,"Bunyi lengkap dari Pasal berdasarkan Pasal 125 dalam Peraturan Pemerintah Republik Indonesia No 72 Tahun 2009 tentang Jenis Dan Tarif Atas Jenis Penerimaan Negara Bukan Pajak:
Cukup jelas.","Bunyi lengkap dari Pasal berdasarkan Pasal 125 dalam Peraturan Pemerintah Republik Indonesia No 72 Tahun 2009 tentang Lalu Lintas Dan Angkutan:
(1) Penumpang yang membawa barang harus meletakkan barang bawaannya di tempat yang ditentukan untuk meletakkan barang. (2) Dalam hal barang bawaan sebagaimana dimaksud pada ayat (1) diletakkan dalam kereta bagasi, barang bawaan dikenai biaya angkutan. (3) Biaya angkutan sebagaimana dimaksud pada ayat (2) ditentukan berdasarkan jenis dan berat barang.",0.368932,0.910345,0.813953,False,,,,,,,,
qa-covered-0009,True,peraturan pemerintah|76|2008,Pasal 20,Apa yang tertulis dalam Pasal 20 dalam Peraturan Pemerintah Republik Indonesia No 76 Tahun 2008?,"Tertulis dalam Pasal 20 dalam Peraturan Pemerintah Republik Indonesia No 76 Tahun 2008 tentang Rehabilitasi Dan Reklamasi Hutan:
Cukup jelas.",found,1,kg-73aa438ddff7-f312124c5a22da572f9d-0,"Tertulis dalam Pasal 20 dalam Peraturan Pemerintah Republik Indonesia No 76 Tahun 2008 tentang Perubahan Atas Peraturan Pemerintah Nomor 23 Tahun 2005 Tentang Penghapusan Pajak Penghasilan Atas Penghasilan Dari:
ayat (1) huruf a, huruf b, huruf c, huruf d, huruf e, huruf f, huruf g, huruf h, huruf i, huruf j, huruf k, huruf l, huruf m, huruf n, huruf o, huruf p, huruf q, huruf r, huruf s, huruf t, huruf u, huruf v, huruf w, huruf x, huruf y, huruf z, huruf aa, huruf ab, huruf ac, huruf ad, huruf ae, huruf af, huruf ag, huruf ah, huruf ai, huruf aj, huruf ak, huruf al, huruf am, huruf an, huruf ao, huruf ap, huruf aq, huruf ar, huruf as, huruf at, huruf au, huruf av, huruf aw, huruf ax, huruf ay, huruf az, huruf ba, huruf bb, huruf bc, huruf bd, huruf be, huruf bf, huruf bg, huruf bh, huruf bi, huruf bj, huruf bk, huruf bl, huruf bm, huruf bn, huruf bo","Berdasarkan konteks yang diberikan, Pasal 20 dalam Peraturan Pemerintah Republik Indonesia No 76 Tahun 2008 tentang Perubahan Atas Peraturan Pemerintah Nomor 18 Tahun 2006:
ayat (1) huruf b, huruf c, dan huruf d,",0.151351,0.490566,0.272727,False,,,,,,,,
qa-covered-0010,True,peraturan pemerintah|65|2000,Pasal 3,Uraikan teks hukum dari Pasal 3 menurut Peraturan Pemerintah Repub Lik Indonesia No 65 Tahun 2000!,"Teks hukum dari Pasal 3 dalam Peraturan Pemerintah Repub Lik Indonesia No 65 Tahun 2000 tentang Penambahan Penyertaan Modal Negara Republik Indonesia:
Pelaksanaan penambahan penyertaan modal Negara Republik Indonesia ke dalam modal saham Perusahaan Perseroan (PERSERO) PT Pos Indonesia sebagaimana dimaksud dalam",found,1,kg-80bc1a2fee82-0321a9e6e886c0ba1bf0-0,"Teks hukum dari Pasal 3 dalam Peraturan Pemerintah Repub Lik Indonesia No 65 Tahun 2000 tentang Penambahan Penyertaan Modal Negara Republik Indonesia:
Pelaksanaan penambahan penyertaan modal Negara sebagaimana dimaksud dalam","Teks hukum dari Pasal 3 dalam Peraturan Pemerintah Repub Lik Indonesia No 65 Tahun 2000 tentang Penambahan Penyertaan Modal Negara Republik Indonesia Ke Dalam Modal Saham Perusahaan Perseroan (Persero) Pt. Pos Indonesia:
Pelaksanaan penambahan penyertaan modal Negara Republik Indonesia ke dalam modal saham Perusahaan Perseroan (PERSERO) PT Pos Indonesia sebagaimana dimaksud dalam",0.833333,0.893617,0.918919,False,,,,,,,,
qa-covered-0011,True,peraturan gubernur|86|2016,Pasal 9,Apa saja elemen/komponen yang dibahas dalam Pasal 9 dari Peraturan Gubernur Provinsi Daerah Khusus No 86 Tahun 2016?,"Isi resmi sebagaimana tercatat dalam Pasal 9 dalam Peraturan Gubernur Provinsi Daerah Khusus No 86 Tahun 2016 tentang Penyediaan Tiket Pesawat Dalam Rangkaperjalanan Dinas Melalui:
Dalam hal tiket pesawat tidak dapat diperoleh melalui sistem katalog elektronik akibat tidak tersedianya rute penerbangan atau tidak tersedianya kursi, maka Kepala SKPD/UKPD dan/atau Kepala Biro AKAS dapat melakukan pemesanan tiket melalui metode pengadaan lainnya. BAB VII KETENTUAN PENUTUP",found,1,kg-8eb9bf51d971-c9702677772c550b0791-0,"Elemen/komponen yang dibahas dalam Pasal 9 dalam Peraturan Gubernur Provinsi Daerah Khusus No 86 Tahun 2016 tentang Analisis Jabatan Dan Analisis Beban Kerja Pada:
(1) Analisis Jabatan dan Analisis Beban Kerja pada Dinas Pendidikan dan Kebudayaan dilaksanakan oleh Tim Analisis Jabatan dan Analisis Beban Kerja. (2) Tim Analisis Jabatan dan Analisis Beban Kerja sebagaimana dimaksud pada ayat (1) terdiri dari unsur: a. Dinas Pendidikan dan Kebudayaan; b. Biro ORB; c. Biro Kepegawaian; d. Biro Keuangan; dan e. Biro Organisasi dan Tata Laksana. (3) Tim Analisis Jabatan dan Analisis Beban Kerja sebagaimana dimaksud pada ayat (1) ditetapkan dengan Keputusan Gubernur.","Elemen/komponen yang dibahas dalam Pasal 9 dalam Peraturan Gubernur Provinsi Daerah Khusus No 86 Tahun 2016 tentang KEDUDUKAN, SUSUNAN ORGANISASI, URAIAN TUGAS DAN FUNGSI SERTA TATA KERJA DINAS KOPERASI, USAHA KECIL DAN MENENGAH PROVINSI JAWA TIMUR:
- (1) Bidang Produksi dan Restrukturisasi Usaha sebagaimana dimaksud dalam Pasal 3 ayat (1) huruf c, mempunyai tugas melaksanakan perumusan kebijakan, menyelenggarakan koordinasi dan sinkronisasi pelaksanaan kebijakan di bidang produksi di sektor riil, standardisasi produk, pemantauan, analisa, evaluasi dan pelaporan, serta melaksanakan kebijakan di bidang penyusunan strategi pengembangan usaha, pemetaan kondisi dan peluang usaha, pendampingan usaha, pengembangan dan penguatan usaha, perlindungan usaha, dan pengembangan investasi usaha baru koperasi, usaha kecil dan menengah. - (2) Untuk melaksanakan tugas sebagaimana dimaksud pada ayat (1), Bidang Produksi dan Restrukturisasi Usaha, mempunyai fungsi: - a. perumusan kebijakan di bidang pengembangan produksi dan restrukturisasi usaha di sektor riil; - b. pelaksanaan kebijakan teknis pembinaan usaha di bidang produksi dan diversifikasi produk di sektor",0.216867,0.165899,0.954955,False,,,,,,,,
qa-covered-0012,True,peraturan pemerintah|69|2014,Pasal 9,Berikan isi dokumen dari Pasal 9 dalam Peraturan Pemerintah Republik Indonesia No 69 Tahun 2014!,"Isi dokumen dari Pasal 9 dalam Peraturan Pemerintah Republik Indonesia No 69 Tahun 2014 tentang Hak Guna Air:
Yang dimaksud dengan “pihak yang berhak atas tanah” adalah pihak yang menguasai atau memiliki tanah, antara lain: c. pemegang hak atas tanah; d. pemegang hak pengelolaan; e. nadzir, untuk tanah wakaf; f. pemilik tanah bekas milik adat; g. masyarakat hukum adat; h. pihak yang menguasai tanah negara dengan itikad baik; dan/atau i. pemegang dasar penguasaan atas tanah. Kewajiban terlebih dahulu memberitahukan kepada pihak yang berhak atas tanah yang dilewati aliran Air termasuk pemberitahuan kepada pemilik bangunan, tanaman, atau benda lain yang berkaitan dengan tanah.",found,2,"kg-e6a0e4896f6f-7aace864816bb21fbc88-0,kg-e6a0e4896f6f-e3e904344331a5352df7-0","Isi dokumen dari Pasal 9 dalam Peraturan Pemerintah Republik Indonesia No 69 Tahun 2014 tentang Tata Cara Pelaksanaan Penempatan:
(1) Penempatan TKI di luar negeri dilakukan oleh Penempatan TKI. (2) Penempatan TKI di luar negeri sebagaimana dimaksud pada ayat (1) dilakukan oleh: a. Penempatan TKI swasta; atau b. Penempatan TKI pemerintah. (3) Penempatan TKI swasta sebagaimana dimaksud pada ayat (2) huruf a dilakukan oleh: a. perusahaan penempatan TKI; atau b. perusahaan penempatan TKI yang dibentuk oleh perusahaan penempatan TKI. (4) Perusahaan penempatan TKI sebagaimana dimaksud pada ayat (3) huruf a dan huruf b harus memenuhi persyaratan. (5) Persyaratan sebagaimana dimaksud pada ayat (4) meliputi: a. memiliki izin usaha penempatan TKI; b. memiliki kantor pusat dan kantor cabang; c. memiliki tenaga ahli; d. memiliki sarana dan prasarana; e. memiliki sistem informasi; f. memiliki sistem manajemen mutu; dan g. memiliki sistem manajemen keselamatan dan kesehatan kerja. (6) Ketentuan lebih lanjut mengenai persyaratan sebagaimana dimaksud pada ayat (5) diatur dengan Peraturan Menteri.",[NO_CONTEXT],0.206107,0.019048,0.0,False,,,,,,,,
qa-covered-0013,True,undang-undang|17|2008,Pasal 74,Sebutkan ketentuan resmi dari Pasal 74 menurut Undang-Undang Republik Indonesia No 17 Tahun 2008!,"Bacaan isi hukum Pasal berdasarkan Pasal 74 dalam Undang-Undang Republik Indonesia No 17 Tahun 2008 tentang P E L A Y A R A N:
(1) Rencana Induk Pelabuhan sebagaimana dimaksud dalam",found,1,kg-837cfb09010d-533383e38124f14eb768-0,"Bacaan isi hukum Pasal berdasarkan Pasal 74 dalam Undang-Undang Republik Indonesia No 17 Tahun 2008 tentang Pembentukan Kabupaten Buton Utara:
Cukup jelas.",Rencana Induk Pelabuhan sebagaimana dimaksud dalam,0.607143,0.307692,1.0,False,,,,,,,,
qa-covered-0014,True,peraturan pemerintah|72|2009,Pasal 156,Apa saja poin yang tercantum dalam Pasal 156 dalam Peraturan Pemerintah Republik Indonesia No 72 Tahun 2009?,"Berikut kutipan verbatim dari Pasal 156 dalam Peraturan Pemerintah Republik Indonesia No 72 Tahun 2009 tentang Lalu Lintas Dan Angkutan Kereta Api:
,",found,1,kg-aced410a168b-66526ee184cd552648fa-0,"Berikut kutipan verbatim dari Pasal 156 dalam Peraturan Pemerintah Republik Indonesia No 72 Tahun 2009 tentang Jenis Dan Tarif Atas Jenis Penerimaan Negara Bukan Pajak:
Cukup jelas.","Poin yang tercantum dalam Pasal 156 dalam Peraturan Pemerintah Republik Indonesia No 72 Tahun 2009 tentang Lalu Lintas Dan Angkutan Kereta Api:
- (1) Penyelenggara sarana perkeretaapian wajib mengembalikan jumlah biaya yang telah dibayar oleh penumpang atau pengirim barang apabila terjadi pembatalan pemberangkatan perjalanan kereta api oleh penyelenggara sarana perkeretaapian. - (2) Apabila pembatalan dilakukan di awal perjalanan, penyelenggara sarana perkeretaapian wajib mengembalikan seluruh biaya angkutan.",0.693878,0.418605,0.916667,False,,,,,,,,
qa-covered-0015,True,undang-undang|20|2003,Pasal 25,Uraikan teks hukum dari Pasal 25 menurut Undang-Undang Republik Indonesia No 20 Tahun 2003!,"Teks hukum dari Pasal 25 dalam Undang-Undang Republik Indonesia No 20 Tahun 2003 tentang Sistem Pendidikan Nasional:
(1) Perguruan tinggi menetapkan persyaratan kelulusan untuk mendapatkan gelar akademik, profesi, atau vokasi. (2) Lulusan perguruan tinggi yang karya ilmiahnya digunakan untuk memperoleh gelar akademik, profesi, atau vokasi terbukti merupakan jiplakan dicabut gelarnya. (3) Ketentuan mengenai persyaratan kelulusan dan pencabutan gelar akademik, profesi, atau vokasi sebagaimana dimaksud dalam ayat (1) dan ayat (2) diatur lebih lanjut dengan Peraturan Pemerintah. Bagian Kelima Pendidikan Nonformal",found,2,"kg-49ce9708ac10-41a8bfa660577d55a57d-0,kg-49ce9708ac10-582a51747bfec5a6c998-0","Teks hukum dari Pasal 25 dalam Undang-Undang Republik Indonesia No 20 Tahun 2003 tentang Sistem Jaminan Sosial Nasional:
Cukup jelas","Teks hukum dari Pasal 25 dalam UNDANG-UNDANG Nomor 20 Tahun 2003 tentang SISTEM PENDIDIKAN NASIONAL:
- (1) Perguruan tinggi menetapkan persyaratan kelulusan untuk mendapatkan gelar akademik, profesi, atau vokasi. - (2) Lulusan perguruan tinggi yang karya ilmiahnya digunakan untuk memperoleh gelar akademik, profesi, atau vokasi terbukti merupakan jiplakan dicabut gelarnya. - (3) Ketentuan mengenai persyaratan kelulusan dan pencabutan gelar akademik, profesi, atau vokasi sebagaimana dimaksud dalam ayat (1) dan ayat (2) diatur lebih lanjut dengan Peraturan Pemerintah. Bagian Kelima Pendidikan Nonformal",0.333333,0.975,1.0,False,,,,,,,,
qa-covered-0016,True,undang-undang|17|2008,Pasal 224,Sampaikan isi hukum dalam Pasal 224 dari Undang-Undang Republik Indonesia No 17 Tahun 2008!,"Ketentuan hukum dalam Pasal 224 dalam Undang-Undang Republik Indonesia No 17 Tahun 2008 tentang P E L A Y A R A N:
(1) Setiap orang yang bekerja di kapal dalam jabatan apa pun harus memiliki kompetensi, dokumen pelaut, dan disijil oleh Syahbandar. (2) Sijil Awak Kapal sebagaimana dimaksud pada ayat (1) dilakukan dengan tahapan: a. penandatanganan perjanjian kerja laut yang dilakukan oleh pelaut dan perusahaan angkutan laut diketahui oleh Syahbandar; dan b. berdasarkan penandatanganan perjanjian kerja laut, Nakhoda memasukkan nama dan jabatan Awak Kapal sesuai dengan kompetensinya ke dalam buku sijil yang disahkan oleh Syahbandar. Bagian Kesepuluh Sanksi Administratif",found,1,kg-837cfb09010d-c938e769b04fb76e5719-0,"Ketentuan hukum dalam Pasal 224 dalam Undang-Undang Republik Indonesia No 17 Tahun 2008 tentang Perubahan Atas Undang-Undang:
A (1) Dalam hal terdapat perbedaan pendapat dalam pengambilan keputusan, keputusan diambil berdasarkan musyawarah untuk mufakat. (2) Dalam hal musyawarah untuk mufakat sebagaimana dimaksud pada ayat (1) tidak tercapai, keputusan diambil berdasarkan suara terbanyak. (3) Keputusan yang diambil berdasarkan suara terbanyak sebagaimana dimaksud pada ayat (2) harus mendapat dukungan sekurang-kurangnya 2/3 (dua per tiga) dari jumlah anggota yang hadir. 11. Ketentuan","Sijil Awak Kapal sebagaimana dimaksud pada ayat (2) huruf b dilakukan dengan tahapan:
- a. pengujian kompetensi pelaut; dan
- b. pengujian kompetensi awak kapal.",0.31694,0.290323,0.846154,False,,,,,,,,
qa-covered-0017,True,peraturan pemerintah|1|2008,Pasal 2,Apa yang tertulis dalam Pasal 2 dalam Peraturan Pemerintah Republik Indonesia No 1 Tahun 2008?,"Tertulis dalam Pasal 2 dalam Peraturan Pemerintah Republik Indonesia No 1 Tahun 2008 tentang Investasi Pemerintah:
(1) Investasi Pemerintah dimaksudkan untuk memperoleh manfaat ekonomi, sosial, dan/atau manfaat lainnya. (2) Investasi Pemerintah sebagaimana dimaksud pada ayat (1) bertujuan untuk meningkatkan pertumbuhan ekonomi dalam rangka memajukan kesejahteraan umum.",found,1,kg-16e69786fc1a-1580aef876c7e8411fdb-0,"Tertulis dalam Pasal 2 dalam Peraturan Pemerintah Republik Indonesia No 1 Tahun 2008 tentang Investasi Pemerintah:
Cukup jelas.","Berdasarkan konteks yang diberikan, Pasal 2 dalam Peraturan Pemerintah Republik Indonesia No 1 Tahun 2008 tentang Investasi Pemerintah:
ayat (1) meliputi: a. investasi pemerintah pusat; dan b. investasi pemerintah daerah. (2) Investasi pemerintah pusat sebagaimana dimaksud pada ayat (1) huruf a meliputi: a. investasi pemerintah pusat pada badan usaha milik negara; b. investasi pemerintah pusat pada badan usaha milik daerah; c. investasi pemerintah pusat pada badan usaha milik swasta; d. investasi pemerintah pusat pada badan usaha milik negara dan/atau badan usaha milik daerah yang didirikan oleh pemerintah daerah; e. investasi pemerintah pusat pada badan usaha milik negara dan/atau badan usaha milik daerah yang didirikan oleh badan usaha milik swasta; f. investasi pemerintah pusat pada badan usaha milik negara dan/atau badan usaha milik daerah yang didirikan oleh badan usaha milik negara dan/atau badan usaha milik daerah lainnya; g. investasi pemerintah pusat pada badan usaha milik negara dan/atau badan usaha milik daerah yang didirikan oleh pemerintah daerah dan badan usaha milik swasta; h. investasi pemerintah pusat pada badan usaha milik negara dan/atau badan usaha milik daerah yang didirikan oleh pemerintah daerah dan badan usaha milik negara dan/atau badan usaha milik daerah lainnya; i. investasi pemerintah pusat pada badan usaha milik negara dan/atau",0.492308,0.219608,0.137097,False,,,,,,,,
qa-covered-0018,True,peraturan pemerintah|1|2008,Pasal 27,Apa redaksi asli dari Pasal 27 dalam Peraturan Pemerintah Republik Indonesia No 1 Tahun 2008?,"Frasa hukum penting dalam Pasal 27 dalam Peraturan Pemerintah Republik Indonesia No 1 Tahun 2008 tentang Investasi Pemerintah:
Ayat (1) Cukup jelas. Ayat (2) Skema pembagian risiko antara pemerintah dengan Badan Usaha dituangkan dalam bentuk perjanjian.",found,1,kg-16e69786fc1a-09dc93fc88102c06d74b-0,"Redaksi asli dari Pasal 27 dalam Peraturan Pemerintah Republik Indonesia No 1 Tahun 2008 tentang Investasi Pemerintah:
Cukup jelas.","Redaksi asli dari Pasal 27 dalam Peraturan Pemerintah Republik Indonesia No 1 Tahun 2008 tentang Investasi Pemerintah:
(1) Dalam hal Investasi Pemerintah dilakukan dengan pola kerjasama pemerintah dan swasta ( Public Private Partnership ) dalam rangka penyediaan infrastruktur dan bidang lainnya, Badan Investasi Pemerintah dapat memberikan dukungan finansial dan/atau dukungan lainnya. (2) Pemberian dukungan finansial dan/atau dukungan lainnya sebagaimana dimaksud pada ayat (1) dilakukan melalui skema pembagian risiko yang harus ditanggung oleh Badan Investasi Pemerintah dan Badan Usaha.",0.581818,0.45614,0.913043,False,,,,,,,,
qa-covered-0019,True,peraturan pemerintah|32|2011,Pasal 71,Apa saja elemen/komponen yang dibahas dalam Pasal 71 dari Peraturan Pemerintah Republik Indonesia No 32 Tahun 2011?,"Isi resmi sebagaimana tercatat dalam Pasal 71 dalam Peraturan Pemerintah Republik Indonesia No 32 Tahun 2011 tentang Manajemen Dan Rekayasa, Analisis Dampak,:
Cukup jelas.",found,1,kg-6463251901b2-2be4a5a4f5eb7c477696-0,"Isi resmi sebagaimana tercatat dalam Pasal 71 dalam Peraturan Pemerintah Republik Indonesia No 32 Tahun 2011 tentang Pelayanan Meteo Rologi, Klimatologi, Dan Geofi Sika:
Cukup jelas.","Elemen/komponen yang dibahas dalam Pasal 71 dalam Peraturan Pemerintah Republik Indonesia No 32 Tahun 2011 tentang Pelayanan Darah:
Pembatasan lalu lintas sepeda motor sebagaimana dimaksud dalam Pasal 70 ayat (1) dilakukan dengan cara melarang sepeda motor untuk melalui lajur atau jalur pada jalan tertentu.",0.8,0.405797,0.740741,False,,,,,,,,
qa-covered-0020,True,undang-undang|20|2003,Pasal 12,Sebutkan semua ketentuan yang ada dalam Pasal 12 dari Undang-Undang Republik Indonesia No 20 Tahun 2003!,"Redaksional Pasal dalam Pasal 12 dalam Undang-Undang Republik Indonesia No 20 Tahun 2003 tentang Sistem Pendidikan Nasional:
(1) Setiap peserta didik pada setiap satuan pendidikan berhak : a. mendapatkan pendidikan agama sesuai dengan agama yang dianutnya dan diajarkan oleh pendidik yang seagama; b. mendapatkan pelayanan pendidikan sesuai dengan bakat, minat, dan kemampuannya; c. mendapatkan beasiswa bagi yang berprestasi yang orang tuanya tidak mampu membiayai pendidikannya; d. mendapatkan biaya pendidikan bagi mereka yang orang tuanya tidak mampu membiayai pendidikannya; e. pindah ke program pendidikan pada jalur dan satuan pendidikan lain yang setara; f. menyelesaikan program pendidikan sesuai dengan kecepatan belajar masing- masing dan tidak menyimpang dari ketentuan batas waktu yang ditetapkan. (2) Setiap peserta didik berkewajiban : a. menjaga norma-norma pendidikan untuk menjamin keberlangsungan proses dan keberhasilan pendidikan; b. ikut menanggung biaya penyelenggaraan pendidikan, kecuali bagi peserta didik yang dibebaskan dari kewajiban tersebut sesuai dengan peraturan perundang-undangan yang berlaku. (3) Warga negara asing dapat menjadi peserta didik pada satuan pendidikan yang diselenggarakan dalam wilayah Negara Kesatuan Republik Indonesia. (4) Ketentuan mengenai hak dan kewajiban peserta didik sebagaimana dimaksud dalam ayat (1), ayat (2), dan ayat (3) diatur lebih lanjut dengan Peraturan Pemerintah. BAB VI JALUR, JENJANG, DAN JENIS PENDIDIKAN Bagian Kesatu Umum",found,1,kg-49ce9708ac10-5b9539fdb7335f818c37-0,"Redaksional Pasal dalam Pasal 12 dalam Undang-Undang Republik Indonesia No 20 Tahun 2003 tentang Sistem Jaminan Sosial Nasional:
Cukup jelas","Berdasarkan konteks yang diberikan, Pasal 12 dalam UNDANG-UNDANG Nomor 20 Tahun 2003 tentang SISTEM PENDIDIKAN NASIONAL:
(1) Setiap peserta didik pada setiap satuan pendidikan berhak : a. mendapatkan pendidikan agama sesuai dengan agama yang dianutnya dan diajarkan oleh pendidik yang seagama; b. mendapatkan pelayanan pendidikan sesuai dengan bakat, minat, dan kemampuannya; c. mendapatkan beasiswa bagi yang berprestasi yang orang tuanya tidak mampu membiayai pendidikannya; d. mendapatkan biaya pendidikan bagi mereka yang orang tuanya tidak mampu membiayai pendidikannya; e. pindah ke program pendidikan pada jalur dan satuan pendidikan lain yang setara; f. menyelesaikan program pendidikan sesuai dengan kecepatan belajar masing-masing dan tidak menyimpang dari ketentuan batas waktu yang ditetapkan. (2) Setiap peserta didik berkewajiban : a. menjaga norma-norma pendidikan untuk menjamin keberlangsungan proses dan keberhasilan pendidikan; b. ikut menanggung biaya penyelenggaraan pendidikan, kecuali bagi peserta didik yang dibebaskan dari kewajiban tersebut sesuai dengan peraturan perundang-undangan yang berlaku. (3) Warga negara asing dapat menjadi peserta didik pada satuan pendidikan yang diselenggarakan dalam wilayah Negara Kesatuan Republik Indonesia. (4",0.152466,0.881081,0.974138,False,,,,,,,,
qa-covered-0021,True,peraturan pemerintah|72|2009,Pasal 146,Jelaskan kutipan resmi dari Pasal 146 menurut Peraturan Pemerintah Republik Indonesia No 72 Tahun 2009!,"Kutipan resmi dari Pasal 146 dalam Peraturan Pemerintah Republik Indonesia No 72 Tahun 2009 tentang Lalu Lintas Dan Angkutan Kereta Api:
ayat (1) merupakan besaran biaya yang dinyatakan dalam biaya per penumpang per kilometer. (2) Tarif angkutan orang sebagaimana dimaksud pada ayat (1) ditetapkan oleh penyelenggara sarana perkeretaapian. (3) Tarif angkutan orang sebagaimana dimaksud pada ayat (1) wajib diumumkan oleh penyelenggara sarana perkeretaapian paling lambat 3 (tiga) bulan sebelum diberlakukan. (4) Pengumuman tarif sebagaimana dimaksud pada ayat (3) dapat dilakukan di stasiun dan/atau media cetak/elektronik.",found,1,kg-aced410a168b-7762d00f66e4905064f3-0,"Kutipan resmi dari Pasal 146 dalam Peraturan Pemerintah Republik Indonesia No 72 Tahun 2009 tentang Jenis Dan Tarif Atas Jenis Penerimaan Negara Bukan Pajak:
Cukup jelas.","Kutipan resmi dari Pasal 146 dalam Peraturan Pemerintah Republik Indonesia No 72 Tahun 2009 tentang Lalu Lintas Dan Angkutan Kereta Api:
(1) Tarif angkutan kereta api terdiri atas tarif angkutan orang dan tarif angkutan barang. (2) Pedoman tarif angkutan orang dan tarif angkutan barang sebagaimana dimaksud pada ayat (1) ditetapkan oleh Menteri. (3) Pedoman penetapan tarif angkutan orang dan tarif angkutan barang sebagaimana dimaksud pada ayat (2) ditetapkan dengan Peraturan Menteri.",0.300885,0.544304,0.906977,False,,,,,,,,
qa-covered-0022,True,peraturan presiden|19|2016,Pasal 5,Berikan isi dokumen dari Pasal 5 dalam Peraturan Presiden Republik Indonesia No 19 Tahun 2016!,"Isi dokumen dari Pasal 5 dalam Peraturan Presiden Republik Indonesia No 19 Tahun 2016 tentang Perubahan Kedua Atas Peraturan Presiden:
(1) Pekerja Penerima Upah dan anggota keluarganya sebagaimana dimaksud dalam",found,1,kg-398cb0e3af9e-201c15b5abd81690a763-0,"Isi dokumen dari Pasal 5 dalam Peraturan Presiden Republik Indonesia No 19 Tahun 2016 tentang Perubahan Atas Peraturan Presiden Nomor 10 Tahun 2016:
diubah sehingga berbunyi sebagai berikut:","Isi dokumen dari Pasal 5 dalam Peraturan Presiden Republik Indonesia No 19 Tahun 2016 tentang Perubahan Kedua Atas Peraturan Presiden Nomor 12 Tahun 2013 Tentang Jaminan Kesehatan:
ayat (1) huruf a meliputi Pekerja Penerima Upah, istri/suami yang sah, anak kandung, anak tiri dari perkawinan yang sah, dan anak angkat yang sah, sebanyak-banyaknya 5 (lima) orang. - (2) Anak kandung, anak tiri dari perkawinan yang sah, dan anak angkat yang sah sebagaimana dimaksud pada ayat (1), dengan kriteria: 1. tidak atau belum pernah menikah atau tidak mempunyai penghasilan sendiri; dan 2. belum berusia 21 (dua puluh satu) tahun atau belum berusia 25 (dua puluh lima) tahun yang masih melanjutkan pendidikan formal. - (3) Peserta bukan PBI Jaminan Kesehatan dapat mengikutsertakan anggota keluarga yang lain. - (4) Anggota keluarga yang lain sebagaimana dimaksud pada ayat (3) meliputi anak ke 4 (empat) dan seterusnya, ayah, ibu, dan mertua. 4. Ketentuan",0.655172,0.318182,0.956044,False,,,,,,,,
qa-covered-0023,True,peraturan pemerintah|56|2010,Pasal 15,Apa frasa hukum dalam Pasal 15 dari Peraturan Pemerintah Republik Indonesia No 56 Tahun 2010?,"Frasa hukum dalam Pasal 15 dalam Peraturan Pemerintah Republik Indonesia No 56 Tahun 2010 tentang Tata Cara Pengawasan Terhadap Upaya Penghapusan:
Dalam hal penilaian hasil pengawasan yang dilakukan oleh Komnas HAM, memuat indikasi terjadinya tindak pidan a sebagaimana ditentukan dalam Undang–Undang Nomor 40 Tahun 2008 tentang Penghapusan Dikriminasi Ras dan Etnis, maka penilaian tersebut disampaikan kepada Kepolisian Negara Republik Indonesia untuk ditindak lanjuti sesuai dengan ketentuan peraturan perundangan- undangan. BAB III TATA CARA PELAPORAN",found,1,kg-6a1d073dbf82-ee132c2e31996ceff058-0,"Frasa hukum dalam Pasal 15 dalam Peraturan Pemerintah Republik Indonesia No 56 Tahun 2010 tentang Pedoman Penyusunan Peraturan Dewan Perwakilan Rakyat Daerah:
Cukup jelas.","Frasa hukum dalam Pasal 15 dalam Peraturan Pemerintah Republik Indonesia No 56 Tahun 2010 tentang Tata Cara Pengawasan Terhadap Upaya Penghapusan Diskriminasi Ras Dan Etnis:
Dalam hal penilaian hasil pengawasan yang dilakukan oleh Komnas HAM, memuat indikasi terjadinya tindak pidana sebagaimana ditentukan dalam Undang-Undang Nomor 40 Tahun 2008 tentang Penghapusan Dikriminasi Ras dan Etnis, maka penilaian tersebut disampaikan kepada Kepolisian Negara Republik Indonesia untuk ditindaklanjuti sesuai dengan ketentuan peraturan perundanganundangan.",0.323232,0.876712,0.957447,False,,,,,,,,
qa-covered-0024,True,peraturan pemerintah|1|2004,Pasal 1,Apa isi dari Pasal 1 dalam Peraturan Pemerintah Republik Indonesia No 1 Tahun 2004?,Dalam Peraturan Pemerintah ini yang dimaksud dengan : 1. Penerimaan Negara Bukan Pajak yang selanjutnya dalam Peraturan Pemerintah ini disingkat PNBP adalah seluruh penerimaan Pemerintah Pusat yang tidak berasal dari penerimaan perpajakan. 2. Menteri adalah Menteri Keuangan Republik Indonesia. 3. Instansi Pemerintah adalah Departemen dan Lembaga Non Departemen. 4. Pejabat Instansi Pemerintah adalah Sekretaris Jenderal atau pemegang jabatan setingkat yang berfungsi sebagai Sekretaris Jenderal pada Instansi Pemerintah yang bertanggung jawab atas RGS Mitra 1 of 6 penyusunan Rencana dan Laporan Realisasi PNBP. 5. Rencana PNBP adalah hasil penghitungan/penetapan PNBP yang diperkirakan akan diterima dalam 1 (satu) tahun yang akan datang. 6. Laporan Realisasi PNBP adalah daftar yang memuat PNBP yang telah dicapai/diperoleh dalam periode tertentu. 7. Tahun Anggaran adalah periode dari 1 Januari sampai dengan 31 Desember tahun yang bersangkutan.,found,1,kg-49d065dcf68a-673aaf43a174754ab344-0,Ketentuan lebih lanjut mengenai tata cara pengajuan permohonan izin usaha dan izin usaha jasa konstruksi diatur dengan Keputusan Menteri.,Rencana PNBP adalah hasil penghitungan/penetapan PNBP yang diperkirakan akan diterima dalam 1 (satu) tahun yang akan datang.,0.04,0.241611,1.0,False,,,,,,,,
qa-covered-0025,True,peraturan pemerintah|2|2006,Pasal 7,Apa saja poin yang tercantum dalam Pasal 7 dalam Peraturan Pemerintah Republik Indonesia No 2 Tahun 2006?,"Berikut kutipan verbatim dari Pasal 7 dalam Peraturan Pemerintah Republik Indonesia No 2 Tahun 2006 tentang Tata Cara Pengadaan Pinjaman Dan/Atau Penerimaan Hibah:
Ayat (1) Kegiatan yang dapat diusulkan untuk dapat dibiayai dengan pinjaman/hibah luar negeri adalah kegiatan prioritas untuk mencapai sasaran RPJM dan sesuai dengan Rencana Strategis Kementerian Negara/Lembaga. Pemerintah Daerah dan BUMN hanya dapat mengajukan usulan penerusan pinjaman luar negeri dan tidak dapat mengajukan usulan penerushibahan atau penyertaan modal. Penerusan pinjaman luar negeri kepada Pemerintah Daerah dalam bentuk penerushibahan dan kepada BUMN dalam bentuk penerushibahan atau penyertaan modal adalah merupakan kebijakan dan diskresi Pemerintah dalam rangka mencapai sasaran-sasaran RPJM. Ayat (2) Cukup jelas. Ayat (3) Yang dimaksud dengan kegiatan investasi adalah kegiatan prasarana dan/atau sarana yang menghasilkan pendapatan bagi APBN/APBD yang diperoleh dari pungutan atas penggunaan prasarana dan atau sarana tersebut. Ayat (4) Cukup jelas.",found,1,kg-788f5f548c4b-1cfd28ada3f431b0e095-0,"Berikut kutipan verbatim dari Pasal 7 dalam Peraturan Pemerintah Republik Indonesia No 2 Tahun 2006 tentang Penambahan Penyertaan Modal Negara Republik Indonesia:
Peraturan Pemerintah ini mulai berlaku pada tanggal diundangkan. Agar setiap orang mengetahuinya, memerintahkan pengundangan Peraturan Pemerintah ini dengan penempatannya dalam Lembaran Negara Republik Indonesia. Ditetapkan di Jakarta pada tanggal 27 Januari 2006 PRESIDEN REPUBLIK INDONESIA, ttd DR. H. SUSILO BAMBANG YUDHOYONO Diundangkan di Jakarta pada tanggal 27 Januari 2006 MENTERI HUKUM DAN HAK ASASI MANUSIA REPUBLIK INDONESIA, ttd AMIR SYAMSUDIN LEMBARAN NEGARA REPUBLIK INDONESIA TAHUN 2006 NOMOR 10 Salinan sesuai dengan aslinya Deputi Sekretaris Kabinet Bidang Hukum dan Perundang-undangan, Lambock V. Nahattands","Berikut poin-poin yang tercantum dalam Pasal 7 dalam Peraturan Pemerintah Republik Indonesia No 2 Tahun 2006 tentang Tata Cara Pengadaan Pinjaman Dan/Atau Penerimaan Hibah Serta:
(1) Kementerian Negara/Lembaga mengajukan usulan kegiatan prioritas yang dibiayai dengan pinjaman dan/atau hibah luar negeri kepada Menteri Perencanaan. (2) Usulan kegiatan sebagaimana dimaksud pada ayat (1) termasuk kegiatan yang pembiayaannya akan diterushibahkan kepada Pemerintah Daerah atau sebagai penyertaan modal negara kepada BUMN. (3) Pemerintah Daerah mengajukan usulan kegiatan investasi untuk mendapatkan penerusan pinjaman luar negeri dari Pemerintah kepada Menteri Perencanaan. (4) BUMN mengajukan usulan kegiatan investasi, untuk mendapatkan penerusan pinjaman luar negeri dari Pemerintah, kepada Menteri Perencanaan dengan persetujuan menteri yang bertanggung jawab dibidang pembinaan BUMN.",0.217742,0.604651,0.914286,False,,,,,,,,
qa-covered-0026,True,undang-undang|17|2008,Pasal 267,Sebutkan semua ketentuan yang ada dalam Pasal 267 dari Undang-Undang Republik Indonesia No 17 Tahun 2008!,"Redaksional Pasal dalam Pasal 267 dalam Undang-Undang Republik Indonesia No 17 Tahun 2008 tentang P E L A Y A R A N:
Setiap orang yang melanggar ketentuan sebagaimana dimaksud dalam",found,1,kg-837cfb09010d-53ed44e84f635b174145-0,"Redaksional Pasal dalam Pasal 267 dalam Undang-Undang Republik Indonesia No 17 Tahun 2008 tentang Penguasaan Teknologi:
Cukup jelas.","Berdasarkan konteks yang diberikan, Pasal 267 dalam Undang-Undang Republik Indonesia No 17 Tahun 2008 tentang Pelayaran:
Setiap orang yang melanggar ketentuan sebagaimana dimaksud dalam",0.588235,0.701754,0.571429,False,,,,,,,,
qa-covered-0027,True,peraturan pemerintah|2|2006,Pasal 25,Kutipan isi Pasal 25 menurut Peraturan Pemerintah Republik Indonesia No 2 Tahun 2006 berbunyi apa?,"Kutipan isi Pasal berbunyi: Pasal 25 dalam Peraturan Pemerintah Republik Indonesia No 2 Tahun 2006 tentang Tata Cara Pengadaan Pinjaman Dan/Atau Penerimaan Hibah:
(1) Menteri dan Menteri Perencanaan mengambil langkah penyelesaian pelaksanaan kegiatan yang lambat atau penyerapan pinjaman yang rendah, termasuk melakukan pembatalan pinjaman. (2) Instansi pengawas internal dan eksternal melakukan pengawasan terhadap pelaksanaan/penggunaan pinjaman dan/atau hibah luar negeri sesuai dengan peraturan perundang-undangan. (3) Hasil pengawasan sebagaimana dimaksud pada ayat (2) dilaporkan kepada instansi terkait sesuai dengan peraturan perundang-undangan. BAB VIII PEMBAYARAN PINJAMAN",found,1,kg-788f5f548c4b-3022760412e27fca5fad-0,"Kutipan isi Pasal berbunyi: Pasal 25 dalam Peraturan Pemerintah Republik Indonesia No 2 Tahun 2006 tentang Penanganan Permasalahan Hukum Dalam Rangka Pelaksanaan:
Cukup jelas.","Kutipan isi Pasal sesuai konteks yang diberikan:
(1) Menteri dan Menteri Perencanaan mengambil langkah penyelesaian pelaksanaan kegiatan yang lambat atau penyerapan pinjaman yang rendah, termasuk melakukan pembatalan pinjaman. (2) Instansi pengawas internal dan eksternal melakukan pengawasan terhadap pelaksanaan/penggunaan pinjaman dan/atau hibah luar negeri sesuai dengan peraturan perundang-undangan. (3) Hasil pengawasan sebagaimana dimaksud pada ayat (2) dilaporkan kepada instansi terkait sesuai dengan peraturan perundang-undangan.",0.303571,0.812903,0.909091,False,,,,,,,,
qa-covered-0028,True,peraturan pemerintah|34|2016,Pasal 12,Bagaimana bunyi lengkap dari Pasal 12 berdasarkan Peraturan Pemerintah Republik Indonesia No 34 Tahun 2016?,"Bunyi lengkap dari Pasal berdasarkan Pasal 12 dalam Peraturan Pemerintah Republik Indonesia No 34 Tahun 2016 tentang Pajak Penghasil,An Atas Penghasilan Dari Pengalihan Hak Atas:
Cukup jelas. TAMBAHAN LEMBARAN NEGARA REPUBLIK INDONESIA NOMOR 5916 www.regulasip.com",found,2,"kg-73a315ecbca4-dbba286be935e784b79c-0,kg-73a315ecbca4-f99b7b48e6852357f7e2-0",Bagian Kesepuluh (1) (2) (3) (4) (5) (6) (7) (8) (9) (10) (11) (12) (13) (14) (15) (16) (17) (18) (19) (20) (21) (22) (23) (24) (25) (26) (27) (28) (29) (30) (31) (32) (33) (34) (35) (36) (37) (38) (39) (40) (41) (42) (43) (44) (45) (46) (47) (48) (49) (50) (51) (52) (53) (54) (55) (56) (57) (58) (59) (60) (61) (62) (63) (64) (65),"Berdasarkan konteks yang diberikan, bunyi lengkap dari Pasal 12 dalam Peraturan Pemerintah Republik Indonesia No 34 Tahun 2016 tentang Pajak Penghasilan Atas Penghasilan Dari Pengalihan Hak Atas Tanah Dan/Atau Bangunan, Dan Perjanjian Pengikatan Jual Beli Atas Tanah Dan/Atau Bangunan Serta Perubahan Ny:
Cukup jelas.",0.038095,0.595238,0.703704,False,,,,,,,,
qa-covered-0029,True,peraturan pemerintah|72|2009,Pasal 108,Jelaskan narasi hukum dalam Pasal 108 menurut Peraturan Pemerintah Republik Indonesia No 72 Tahun 2009!,"Narasi hukum dalam Pasal 108 dalam Peraturan Pemerintah Republik Indonesia No 72 Tahun 2009 tentang Lalu Lintas Dan Angkutan Kereta Api:
Ayat (1) Cukup jelas. Ayat (2) Tempat lain antara lain balai yasa, depo, atau jalur yang mempunyai atau tersedia kegiatan untuk langsiran. Ayat (3) Cukup jelas. Ayat (4) Cukup jelas.",found,1,kg-aced410a168b-46144f4e558adcf5435d-0,"Narasi hukum dalam Pasal 108 dalam Peraturan Pemerintah Republik Indonesia No 72 Tahun 2009 tentang Jenis Dan Tarif Atas Jenis Penerimaan Negara Bukan Pajak:
Cukup jelas.","Narasi hukum dalam Pasal 108 dalam Peraturan Pemerintah Republik Indonesia No 72 Tahun 2009 tentang Lalu Lintas Dan Angkutan Kereta Api:
(1) Kegiatan langsiran dilakukan untuk: a. menyusun rangkaian kereta api; b. menambah atau mengurangi rangkaian; c. menghapuskan pendinasan kereta api; atau d. keperluan bongkar muat. (2) Langsiran sebagaimana dimaksud pada ayat (1) dapat dilakukan di stasiun atau di tempat lain dengan ketentuan tidak mengganggu perjalanan kereta api. (3) Langsiran dilakukan oleh petugas langsir setelah mendapat perintah petugas pengatur perjalanan kereta api. (4) Pelaksanaan langsiran sebagaimana dimaksud pada ayat (3) harus dipandu dan dibantu oleh petugas langsir serta dikendalikan oleh petugas pengatur perjalanan kereta api.",0.467532,0.435897,0.942857,False,,,,,,,,
qa-covered-0030,True,peraturan pemerintah|6|2010,Pasal 19,Tulis isi hukum dari Pasal 19 dalam Peraturan Pemerintah Republik Indonesia No 6 Tahun 2010!,"Isi hukum dari Pasal 19 dalam Peraturan Pemerintah Republik Indonesia No 6 Tahun 2010 tentang Satuan Polisi Pamong Praja:
Cukup jelas.",found,1,kg-1260bdd6617e-9f9eb928f171543f4b51-0,"Isi hukum dari Pasal 19 dalam Peraturan Pemerintah Republik Indonesia No 6 Tahun 2010 tentang Perusahaan Umum (Perum) Jasa Tirta Ii:
(1) Direksi wajib menyusun rencana kerja dan anggaran tahunan yang memuat program dan kegiatan Perusahaan serta target kinerja yang akan dicapai dalam satu tahun anggaran. (2) Rencana kerja dan anggaran tahunan sebagaimana dimaksud pada ayat (1) disusun berdasarkan Rencana Kerja dan Anggaran Kementerian Negara/Lembaga. (3) Rencana kerja dan anggaran tahunan sebagaimana dimaksud pada ayat (1) disampaikan kepada Dewan Pengawas untuk mendapat persetujuan. (4) Dalam hal Dewan Pengawas tidak memberikan persetujuan dalam jangka waktu 14 (empat belas) hari kerja sejak diterimanya rencana kerja dan anggaran tahunan, rencana kerja dan anggaran tahunan tersebut dianggap disetujui. (5) Rencana kerja dan anggaran tahunan yang telah disetujui oleh Dewan Pengawas sebagaimana dimaksud pada ayat (4) disampaikan kepada Menteri untuk ditetapkan paling lambat 30 (tiga puluh) hari kerja setelah disetujui oleh Dewan Pengawas. (6) Dalam hal Menteri tidak menetapkan rencana kerja dan anggaran tahunan dalam jangka waktu 30 (tiga puluh) hari kerja sejak diterima, rencana kerja dan anggaran tahunan tersebut dianggap disetujui. (7) Rencana kerja dan anggaran tahunan yang telah","Isi hukum dari Pasal 19 dalam Peraturan Pemerintah Republik Indonesia No 6 Tahun 2010 tentang Satuan Polisi Pamong Praja:
Pengangkatan dan pemberhentian Polisi Pamong Praja ditetapkan dengan keputusan pejabat yang berwenang sesuai dengan ketentuan peraturan perundang-undangan.",0.144928,0.655172,0.826087,False,,,,,,,,
qa-covered-0031,True,undang-undang|11|1990,Pasal 17,Sebutkan ketentuan resmi dari Pasal 17 menurut Undang-Undang Republik Indonesia No 11 Tahun 1990!,"Bacaan isi hukum Pasal berdasarkan Pasal 17 dalam Undang-Undang Republik Indonesia No 11 Tahun 1990 tentang Susunan Pemerintahan Daerah Khusus Ibukota Negara Republik:
Pembentukan dan pengembangan perangkat Wilayah dan Daerah sesuai dengan kebutuhan diartikan bahwa Daerah Khusus Ibukota Jakarta mengingat kekhususannya, dapat membentuk perangkat baru dan mengembangkan perangkat yang sudah ada untuk menampung dan mengatasi dinamika beban tugas yang demikian berat dan kompleks sesuai dengan prinsip dayaguna dan hasilguna.",found,1,kg-dc23d60cd1b3-e120c98aeb5ed17055ff-0,"Bacaan isi hukum Pasal berdasarkan Pasal 17 dalam Undang-Undang Republik Indonesia No 11 Tahun 1990 tentang Cagar Budaya:
(1) Setiap orang yang dengan sengaja melakukan perbuatan yang mengakibatkan kerusakan atau hilangnya Cagar Budaya sebagaimana dimaksud dalam","Berdasarkan konteks yang diberikan, Pasal 17 dalam UNDANG-UNDANG Nomor 11 Tahun 1990 tentang SUSUNAN PEMERINTAHAN DAERAH KHUSUS IBUKOTA NEGARA REPUBLIK INDONESIA JAKARTA:
Pembentukan dan pengembangan perangkat Wilayah dan Daerah di lingkungan Pemerintah Daerah Khusus Ibukota Jakarta dilaksanakan sesuai dengan kebutuhan, kedudukan, dan fungsinya sebagai Ibukota Negara. ditjen Peraturan Perundang-undangan",0.373832,0.561983,0.916667,False,,,,,,,,
qa-covered-0032,True,peraturan pemerintah|52|2000,Pasal 27,Apa frasa hukum dalam Pasal 27 dari Peraturan Pemerintah Republik Indonesia No 52 Tahun 2000?,"Frasa hukum dalam Pasal 27 dalam Peraturan Pemerintah Republik Indonesia No 52 Tahun 2000 tentang Penyelenggaraan Telekomunikasi:
Untuk pelaksanaan kewajiban pelayanan universal Menteri menetapkan: a.wilayah tertentu sebagai wilayah pelayanan universal; b.jumlah kapasitas jaringan di setiap wilayah pelayanan universal; c.jenis jasa telekomunikasi yang harus disediakan oleh penyelenggara jasa telekomunikasi di setiap wilayah pelayanan universal; d.penyelenggara jaringan telekomunikasi yang ditunjuk untuk menyediakan jaringan telekomunikasi di wilayah pelayanan universal.",found,1,kg-93d795d70a14-b7e988262adb7f0a86a7-0,"Frasa hukum dalam Pasal 27 dalam Peraturan Pemerintah Republik Indonesia No 52 Tahun 2000 tentang Penambahan Penyertaan Modal Negara Republik Indonesia:
Peraturan Pemerintah ini mulai berlaku pada tanggal diundangkan. Agar setiap orang mengetahuinya, memerintahkan pengundangan Peraturan Pemerintah ini dengan penempatannya dalam Lembaran Negara Republik Indonesia. Ditetapkan di Jakarta pada tanggal 22 September 2000 PRESIDEN REPUBLIK INDONESIA, ttd. ABDURRAHMAN WAHID Diundangkan di Jakarta pada tanggal 22 September 2000 SEKRETARIS NEGARA REPUBLIK INDONESIA, ttd. DJOHAN EFFENDI LEMBARAN NEGARA REPUBLIK INDONESIA TAHUN 2000 NOMOR 107","Frasa hukum dalam Pasal 27 dalam Peraturan Pemerintah Republik Indonesia No 52 Tahun 2000 tentang Penyelenggaraan Telekomunikasi:
ayat (1) huruf a, huruf b, huruf c, dan huruf d. (2) Ketentuan lebih lanjut mengenai wilayah pelayanan universal, jumlah kapasitas jaringan, jenis jasa telekomunikasi, dan penyelenggara jaringan telekomunikasi yang ditunjuk sebagaimana dimaksud dalam ayat (1) diatur dengan Keputusan Menteri.",0.236842,0.566929,0.666667,False,,,,,,,,
qa-covered-0033,True,undang-undang|3|2008,Pasal 4,Apa saja poin yang tercantum dalam Pasal 4 dalam Undang-Undang Republik Indonesia No 3 Tahun 2008?,"Berikut kutipan verbatim dari Pasal 4 dalam Undang-Undang Republik Indonesia No 3 Tahun 2008 tentang Pembentukan Kabupaten Mamberamo Ten Gah:
Dengan terbentuknya Kabupaten Mamberamo Teng ah, sebagaimana dimaksud dalam",found,1,kg-01a322b267ee-d9089485e1747644313e-0,"Berikut kutipan verbatim dari Pasal 4 dalam Undang-Undang Republik Indonesia No 3 Tahun 2008 tentang Pembentukan Kabupaten Padang Lawas Utara:
Cukup jelas.","Poin yang tercantum dalam Pasal 4 dalam Undang-Undang Republik Indonesia No 3 Tahun 2008 tentang Perubahan Atas Undang-Undang Nomor 15 Tahun 1997 Tentang Ketenagalistrikan:
ayat (1) huruf a, huruf b, huruf c, huruf d, huruf e, huruf f, huruf g, huruf h, huruf i, huruf j, huruf k, huruf 1, huruf m, huruf n, huruf o, huruf p, huruf q, huruf r, huruf s, huruf t, huruf u, huruf v, huruf w, huruf x, huruf y, huruf z, huruf aa, huruf ab, huruf ac, huruf ad, huruf ae, huruf af, huruf ag, huruf ah, huruf ai, huruf aj, huruf ak, huruf al, huruf am, huruf an, huruf ao, huruf ap, huruf aq, huruf ar, huruf as, huruf at, huruf au, huruf av, huruf aw, huruf ax, huruf ay, huruf az, huruf ba, huruf bb, huruf bc, huruf bd, huruf be, huruf bf, huruf bg, huruf bh, huruf bi, huruf bj, huruf bk, huruf bl, huruf bm, huruf bn, huruf bo",0.679245,0.145833,0.16,False,,,,,,,,
qa-covered-0034,True,peraturan presiden|107|2013,Pasal 22,Apa saja hal yang dijelaskan dalam Pasal 22 dari Peraturan Presiden Republik Indonesia No 107 Tahun 2013?,"Berikut adalah isi hukum dari Pasal 22 dalam Peraturan Presiden Republik Indonesia No 107 Tahun 2013 tentang Pelayanan Kesehatan Tertentu Berkaitan Dengan:
Pelayanan kesehatan yang termasuk dalam dukungan kesehatan operasi Kepolisian sebagaimana dimaksud d alam",found,1,kg-9a29b1ed2329-2f598ab702875d127789-0,"Isi resmi sebagaimana tercatat dalam Pasal 22 dalam Peraturan Presiden Republik Indonesia No 107 Tahun 2013 tentang Badan Narkotika Nasional:
(1) Deputi Bidang Pencegahan dan Penanggulangan adalah unsur pelaksana sebagian tugas dan fungsi BNN di bidang pencegahan dan penanggulangan yang berada di bawah dan bertanggung jawab kepada Kepala. (2) Deputi Bidang Pencegahan dan Penanggulangan dipimpin oleh Deputi.","Berdasarkan konteks yang diberikan, Pasal 22 dalam Peraturan Presiden Republik Indonesia No 107 Tahun 2013 tentang Pelayanan Kesehatan Tertentu Berkaitan Dengan Kegiatan Operasional Kementerian Pertahanan, Tentara Nasional Indonesia, Dan Kepolisian Negara Republik Indonesia:
Pelayanan kesehatan yang termasuk dalam dukungan kesehatan operasi Kepolisian sebagaimana dimaksud dalam",0.369565,0.7,0.903226,False,,,,,,,,
qa-covered-0035,True,undang-undang|17|2008,Pasal 301,Tunjukkan kutipan teks dari Pasal 301 menurut Undang-Undang Republik Indonesia No 17 Tahun 2008!,"Kutipan isi Pasal sesuai teks asli dalam Pasal 301 dalam Undang-Undang Republik Indonesia No 17 Tahun 2008 tentang P E L A Y A R A N:
Setiap orang yang mengoperasikan terminal khusus untuk melayani perdagangan dari dan ke luar negeri tanpa memenuhi persyaratan dan belum ada penetapan sebagaimana dimaksud dalam",found,1,kg-837cfb09010d-a7af023cb98a448e9cea-0,"Kutipan isi Pasal sesuai teks asli dalam Pasal 301 dalam Undang-Undang Republik Indonesia No 17 Tahun 2008 tentang Perubahan Atas Undang-Undang:
A (1) Dalam hal terdapat perbedaan pendapat dalam pengambilan keputusan, keputusan diambil berdasarkan musyawarah untuk mufakat. (2) Dalam hal musyawarah untuk mufakat sebagaimana dimaksud pada ayat (1) tidak tercapai, keputusan diambil berdasarkan suara terbanyak. (3) Keputusan yang diambil berdasarkan suara terbanyak sebagaimana dimaksud pada ayat (2) harus mendapat dukungan sekurang-kurangnya 2/3 (dua per tiga) dari jumlah anggota yang hadir. 10. Ketentuan","Kutipan isi Pasal sesuai teks asli dalam Pasal 301 dalam UNDANG-UNDANG Nomor 17 Tahun 2008 tentang P E L A Y A R A N:
Setiap orang yang mengoperasikan terminal khusus untuk melayani perdagangan dari dan ke luar negeri tanpa memenuhi persyaratan dan belum ada penetapan sebagaimana dimaksud dalam",0.376812,0.960784,0.833333,False,,,,,,,,
qa-covered-0036,True,keputusan presiden|43|1990,Pasal 6,Berikan isi dokumen dari Pasal 6 dalam Keputusan Presiden Republik Indonesia No 43 Tahun 1990!,"Isi dokumen dari Pasal 6 dalam Keputusan Presiden Republik Indonesia No 43 Tahun 1990 tentang Badan Koordinasi Nasional Penanggulangan Bencana:
(1) Bupati/Walikotamadya Kepala Daerah Tingkat II memimpin Satuan Pelaksana Penanggulangan Bencana, selanjutnya disingkat Satlak Penanggulangan Bencana. (2) Satlak Penanggulangan Bencana bertanggung jawab langsung kepada Ketua Bakornas Penanggulangan Bencana melalui Gubernur Kepala Daerah Tingkat I yang bersangkutan.",found,1,kg-7f01aa7f2d70-e64fc7f5b9bf2c1f955f-0,"Isi dokumen dari Pasal 6 dalam Keputusan Presiden Republik Indonesia No 43 Tahun 1990 tentang Pengesahan Persetujuan Antara Pemerintah Republik:
, 7, 8, 9, 10, 11, 12, 13, 14, 15, 16, 17, 18, 19, 20, 21, 22, 23, 24, 25, 26, 27, 28, 29, 30, 31, 32, 33, 34, 35, 36, 37, 38, 39, 40, 41, 42, 43, 44, 45, 46, 47, 48, 49, 50, 51, 52, 53, 54, 55, 56, 57, 58, 59, 60, 61, 62,","Teks Pasal berdasarkan Pasal 6 dalam Keputusan Presiden Republik Indonesia No 43 Tahun 1990 tentang Badan Koordinasi Nasional Penanggulangan Bencana:
- (1) Bupati/Walikotamadya Kepala Daerah Tingkat II memimpin Satuan Pelaksana Penanggulangan Bencana, selanjutnya disingkat Satlak Penanggulangan Bencana. - (2) Satlak Penanggulangan Bencana bertanggung jawab langsung kepada Ketua Bakornas Penanggulangan Bencana melalui Gubernur Kepala Daerah Tingkat I yang bersangkutan.",0.225564,0.947368,0.933333,False,,,,,,,,
qa-covered-0037,True,peraturan presiden|24|2014,Pasal 4,Apa saja elemen/komponen yang dibahas dalam Pasal 4 dari Peraturan Presiden Republik Indonesia No 24 Tahun 2014?,"Isi resmi sebagaimana tercatat dalam Pasal 4 dalam Peraturan Presiden Republik Indonesia No 24 Tahun 2014 tentang :
Pada saat Peraturan Presiden ini mulai berlaku: a. semua kekayaan, hak, dan kewajiban dari Yayasan Universitas Siliwangi dialihkan menjadi kekayaan, hak, dan kewajiban Universitas Siliwangi; b. semua mahasiswa yang semula tercatat sebagai mahasiswa Universitas Siliwangi yang diselenggarakan oleh Yayasan Universitas Siliwangi dialihkan menjadi mahasiswa Universitas Siliwangi.",found,3,"kg-daf8dd200905-5bd177a9600c87bdb078-0,kg-daf8dd200905-d04f96f97039fece21d2-0,kg-daf8dd200905-bdac13dd3ad692184f46-0","Komponen yang dibahas dalam Pasal 4 dalam Peraturan Presiden Republik Indonesia No 24 Tahun 2014 tentang Badan Pertanahan Nasional:
(1) BPN berada di bawah dan bertanggung jawab kepada Presiden. (2) BPN dipimpin oleh Kepala.","Elemen/komponen yang dibahas dalam Pasal 4 dalam Peraturan Presiden Republik Indonesia No 24 Tahun 2014 tentang Pendirian Universitas Siliwangi:
Pada saat Peraturan Presiden ini mulai berlaku: - a. semua kekayaan, hak, dan kewajiban dari Yayasan Universitas Siliwangi dialihkan menjadi kekayaan, hak, dan kewajiban Universitas Siliwangi; - b. semua mahasiswa yang semula tercatat sebagai mahasiswa Universitas Siliwangi yang diselenggarakan oleh Yayasan Universitas Siliwangi dialihkan menjadi mahasiswa Universitas Siliwangi.",0.350515,0.914729,0.933333,False,,,,,,,,
qa-covered-0038,True,peraturan gubernur|108|2016,Pasal 69,Apa frasa hukum dalam Pasal 69 dari Peraturan Gubernur Provinsi Daerah Khusus No 108 Tahun 2016?,"Frasa hukum dalam Pasal 69 dalam Peraturan Gubernur Provinsi Daerah Khusus No 108 Tahun 2016 tentang Tunjangan Kinerja Daerah:
(1) PNS pindahan dari luar Pemerintah Daerah yang diminta oleh Pemerintah Daerah diberikan TKD terhitung mulai bertugas di Pemerintah Daerah. (2) PNS pindahan dari luar Pemerintah Daerah yang merupakan permintaan sendiri diberikan TKD terhitung mulai awal tahun anggaran tahun berikutnya. BAB XI PENGAWASAN DAN PENGENDALIAN",found,1,kg-4407bda809c8-8dfbb1fbf045d342da75-0,"Frasa hukum dalam Pasal 69 dalam Peraturan Gubernur Provinsi Daerah Khusus No 108 Tahun 2016 tentang Organisasi Dan Tata Kerja:
(1) Subbagian Tata Usaha mempunyai tugas melakukan urusan tata usaha dan rumah tangga Pusat. (2) Subbagian Tata Usaha sebagaimana dimaksud pada ayat (1), dalam melaksanakan tugasnya secara administrasi berada di bawah Bagian Kepegawaian dan Umum pada Sekretariat Pusat dan secara operasional bertanggung jawab kepada Kepala Pusat. Bagian Keempat Pusat Pengembangan Sumber Daya Manusia","Frasa hukum dalam Pasal 69 dalam Peraturan Gubernur Provinsi Daerah Khusus No 108 Tahun 2016 tentang NomEnklatur, Susunan Organisasi, Uraian Tugas Dan Fungsi Serta Tata Kerja Unit Pelaksana Teknis Dinas Sosial Provinsi Jawa Timur:
(1) Susunan Organisasi UPT Rehabilitasi Sosial Bina Karya Wanita terdiri atas: a. Sub Bagian Tata Usaha; b. Seksi Pelayanan Sosial; dan c. Seksi Rehabilitasi dan Pembinaan Lanjut. (2) Sub Bagian dan Seksi dipimpin oleh Kepala Sub Bagian dan Kepala Seksi yang berada di bawah dan bertanggungjawab kepada Kepala UPT.",0.291971,0.29932,0.932203,False,,,,,,,,
qa-covered-0039,True,peraturan pemerintah|69|2014,Pasal 29,Sebutkan seluruh isi Pasal 29 dalam Peraturan Pemerintah Republik Indonesia No 69 Tahun 2014!,Ayat (1) Pembatasan jangka waktu dimaksudkan untuk memberikan kesempatan kepada pihak- pihak lain yang membutuhkan Sumber Daya Air untuk mengajukan permohonan izin. Dengan berakhirnya izin penggunaan Sumber Daya Air berarti HGPA berakhir. Ayat (2) Cukup jelas. Ayat (3) Cukup jelas. Ayat (4) Cukup jelas. Ayat (5) Cukup jelas.,found,2,"kg-e6a0e4896f6f-a31263c5e4807bdab197-0,kg-e6a0e4896f6f-ddd62fc55e7401edb370-0",(1) Dalam hal hasil pemeriksaan sebagaimana dimaksud dalam,"(1) Izin Penggunaan Sumber Daya Air untuk kegiatan bukan usaha yang akan habis masa berlakunya dapat diperpanjang dengan mengajukan permohonan perpanjangan izin secara tertulis paling lambat 3 (tiga) bulan sebelum jangka waktu izin berakhir. (2) Dalam hal permohonan perpanjangan izin belum diajukan dalam jangka waktu 6 (enam) bulan sebelum jangka waktu izin berakhir, Pemberi Izin memberitahukan mengenai masa berakhirnya izin. (3) Penetapan keputusan perpanjangan izin diberikan paling lambat 2 (dua) bulan sejak diterimanya permohonan perpanjangan izin beserta persyaratan lengkap. (4) Dalam hal 3 (tiga) bulan sebelum jangka waktu Izin Penggunaan Sumber Daya Air berakhir, permohonan perpanjangan izin belum diajukan, Izin Penggunaan Sumber Daya Air tidak dapat diperpanjang dan pengguna sumber daya air dapat mengajukan permohonan izin baru. (5) Dalam hal permohonan perpanjangan izin sampai dengan jangka waktu sebagaimana dimaksud pada ayat (3) belum ditetapkan, permohonan perpanjangan izin dianggap disetujui.",0.035714,0.256684,1.0,False,,,,,,,,
qa-covered-0040,True,undang-undang|29|2009,Pasal 8,Sebutkan seluruh isi Pasal 8 dalam Undang-Undang Republik Indonesia No 29 Tahun 2009!,"ayat (1), ayat (2), ayat (3), dan ayat (5) diubah, sehingga keseluruhan",found,1,kg-70a106567022-6674fb7823a3218ff902-0,(1) Setiap orang yang dengan sengaja melakukan perbuatan yang mengakibatkan terjadinya kebakaran hutan dan/atau lahan sebagaimana dimaksud dalam,UNDANG-UNDANG REPUBLIK INDONESIA NOMOR 29 TAHUN 2009 TENTANG PERUBAHAN ATAS UNDANG-UNDANG NOMOR 15 TAHUN 1997 TENTANG KETRANSMIGRASIAN,0.129032,0.0,0.75,False,,,,,,,,
qa-covered-0041,True,peraturan presiden|9|2013,Pasal 1,Apa isi legal dari Pasal 1 dalam Peraturan Presiden Republik Indonesia No 9 Tahun 2013?,"Isi legal dari Pasal 1 dalam Peraturan Presiden Republik Indonesia No 9 Tahun 2013 tentang Penyelenggaraan Pengelolaan Kegiatan Usaha Hulu Minyak Da N:
Menteri yang menyelenggarakan urusan pemerintahan di bidang energi dan sumber daya mineral, yang untuk selanjutnya disebut Menteri, membina, mengoordinasikan dan mengawasi penyelenggaraan pengelolaan kegiatan usaha hulu minyak dan gas bumi.",found,1,kg-675345c97935-ff3f43f86fddcfbac18a-0,"Isi legal dari Pasal 1 dalam Peraturan Presiden Republik Indonesia No 9 Tahun 2013 tentang Perubahan Atas Peraturan Presiden Nomor 54 Tahun 2010 Tentang:
diubah, sehingga berbunyi sebagai berikut:","Isi legal dari Pasal 1 dalam Peraturan Presiden Republik Indonesia No 9 Tahun 2013 tentang Penyelenggaraan Pengelolaan Kegiatan Usaha Hulu Minyak Dan Gas Bumi:
Menteri yang menyelenggarakan urusan pemerintahan di bidang energi dan sumber daya mineral, yang untuk selanjutnya disebut Menteri, membina, mengoordinasikan dan mengawasi penyelenggaraan pengelolaan kegiatan usaha hulu minyak dan gas bumi.",0.365854,0.953271,0.894737,False,,,,,,,,
qa-covered-0042,True,peraturan pemerintah|32|2011,Pasal 61,Tunjukkan kutipan teks dari Pasal 61 menurut Peraturan Pemerintah Republik Indonesia No 32 Tahun 2011!,"Kutipan isi Pasal sesuai teks asli dalam Pasal 61 dalam Peraturan Pemerintah Republik Indonesia No 32 Tahun 2011 tentang Manajemen Dan Rekayasa, Analisis Dampak,:
Manajemen kebutuhan lalu lintas sebagaimana dimaksud dalam",found,1,kg-6463251901b2-2fc6f0b59ba51e0a2af8-0,"Kutipan isi Pasal sesuai teks asli dalam Pasal 61 dalam Peraturan Pemerintah Republik Indonesia No 32 Tahun 2011 tentang Pelayanan Meteo Rologi, Klimatologi, Dan Geofi Sika:
Cukup jelas.","Kutipan isi Pasal sesuai teks asli dalam Pasal 61 dalam Peraturan Pemerintah Republik Indonesia No 32 Tahun 2011 tentang Manajemen Dan Rekayasa, Analisis Dampak, Serta Manajemen Kebutuhan Lalu Lintas:
Manajemen kebutuhan lalu lintas sebagaimana dimaksud dalam",0.677966,0.925373,0.73913,False,,,,,,,,
qa-covered-0043,True,peraturan pemerintah|96|2000,Pasal 13,Apa saja elemen/komponen yang dibahas dalam Pasal 13 dari Peraturan Pemerintah Republik Indonesia No 96 Tahun 2000?,"Isi resmi sebagaimana tercatat dalam Pasal 13 dalam Peraturan Pemerintah Republik Indonesia No 96 Tahun 2000 tentang Wewenang Pengangkatan, Pemindahan, Dan Pemberhentian:
(1) Kepala Badan Kepegawaian Negera menetapkan pemindahan: a. Pegawai Negeri Sipil Pusat antar Departemen/Lembaga; b. Pegawai Negeri Sipil Pusat dan Pegawai Negeri Sipil Daerah antara Propinsi/Kabupaten/Kota dan Departemen/Lembaga; c. Pegawai Negeri Sipil Daerah antar Daerah Propinsi; dan d. Pegawai Negeri Sipil Daerah antara Daerah Kabupaten/Kota dan Daerah Kabupaten/Kota Propinsi lainnya. (2) Penetapan oleh Badan Kepegawaian Negara sebagaimana dimaksud dalam ayat (1) dilaksanakan atas permintaan dan persetujuan dari instansi yang bersangkutan. (3) Pejabat sebagaimana dimaksud dalam ayat (1) dapat mendelegasikan wewenangnya atau memberikan kuasa kepada pejabat lain dilingkungannya.",found,1,kg-0bb45d95f101-f23fe3f4f17c82d37b97-0,"Isi resmi sebagaimana tercatat dalam Pasal 13 dalam Peraturan Pemerintah Republik Indonesia No 96 Tahun 2000 tentang Pendirian Perusahaan Jawatan Rumah Sakit:
(1) Dewan Pengawas mempunyai tugas : a. melakukan pengawasan terhadap pengelolaan PERJAN; b. memberikan nasihat kepada Direksi dalam melaksanakan kegiatan kepengurusan PERJAN. (2) Pengawasan sebagaimana dimaksud dalam ayat (1) huruf a, meliputi pengawasan terhadap : a. pelaksanaan rencana kerja dan anggaran PERJAN; b. pelaksanaan kegiatan kepengurusan PERJAN; c. pelaksanaan tugas Direksi. (3) Pengawasan sebagaimana dimaksud dalam ayat (1) huruf a, dilakukan secara berkala dan sewaktu -waktu sesuai dengan kebutuhan. (4) Pengawasan sebagaimana dimaksud dalam ayat (1) huruf a, dilakukan oleh Dewan Pengawas secara bersama -sama atau masing -masing sesuai dengan bidang tugasnya. (5) Pengawasan sebagaimana dimaksud dalam ayat (1) huruf a, dilakukan dengan mengadakan rapat berkala dan sewaktu -waktu sesuai dengan kebutuhan. (6) Pengawasan sebagaimana dimaksud dalam ayat (1) huruf a, dilakukan dengan mengadakan pemeriksaan secara berkala dan sewaktu -waktu sesuai dengan kebutuhan. (7) Pengawasan sebagaimana dimaksud dalam ayat (1) huruf a, dilakukan","Elemen/komponen dalam Pasal 13 dalam Peraturan Pemerintah Republik Indonesia No 96 Tahun 2000 tentang We wenang Pengangkatan, Pemindahan Dan Pemberhentian Pegawai Negeri Sipil:
(1) Kepala Badan kepegawaian Negara menetapkan pemindahan : a. Pegawai Negeri Sipil Pusat antar Departemen/Lembaga; b. Pegawai Negeri Sipil Pusat dan Pegawai Negeri Sipil Daerah antara Propinsi/Kabupaten/Kota daan departemen/Lembaga; c. Pegawai Negeri Sipil Daerah antar Daerah Propinsi; dan d. Pegawai Negeri Sipil daerah antara Daerah Kabupaten/Kota dn daerah Kabupaten/Kota Propinsi lainnya. (2) Penetapan oleh Badan kepegawaian Negara sebagaimana dimaksud dalam ayat (1) dilaksanakan atas permintaan dan persetujuan dari instansi yang bersangkutan. (3) Pejabat sebagaimana dimaksud dalam ayat (1) dapat mendelegasikan wewenangnya atau memberikan kuasa kepada pejabat lain dilingkungannya.",0.294964,0.922414,0.916667,False,,,,,,,,
qa-covered-0044,True,undang-undang|20|2003,Pasal 11,Apa isi legal dari Pasal 11 dalam Undang-Undang No 20 Tahun 2003?,"Isi legal dari Pasal 11 dalam Undang-Undang No 20 Tahun 2003 tentang Organisasi Dan Tata Kerja Akademi:
, mempunyai tugas melakukan urusan administrasi akademik dan ketarunaan. (1) Subbagian Keuangan dan Administrasi Umum sebagaimana dimaksud dalam",found,1,kg-49ce9708ac10-4b950d5250ba70f0b9a5-0,"Isi legal dari Pasal 11 dalam Undang-Undang No 20 Tahun 2003 tentang Sistem Jaminan Sosial Nasional:
Cukup jelas","Isi legal dari Pasal 11 dalam UNDANG-UNDANG Nomor 20 Tahun 2003 tentang SISTEM PENDIDIKAN NASIONAL:
(1) Pemerintah dan Pemerintah Daerah wajib memberikan layanan dan kemudahan, serta menjamin terselenggaranya pendidikan yang bermutu bagi setiap warga negara tanpa diskriminasi. (2) Pemerintah dan Pemerintah Daerah wajib menjamin tersedianya dana guna terselenggaranya pendidikan bagi setiap warga negara yang berusia tujuh sampai dengan lima belas tahun.",0.481481,0.329897,0.947368,False,,,,,,,,
qa-covered-0045,True,peraturan menteri|7|2006,Pasal 9,Sampaikan isi hukum dalam Pasal 9 dari Peraturan Menteri Keuangan Republik Indonesia No 7 Tahun 2006!,"Ketentuan hukum dalam Pasal 9 dalam Peraturan Menteri Keuangan Republik Indonesia No 7 Tahun 2006 tentang Tata Cara Pengajuan Permohonan:
PKBSI yang telah diterbitkan sebagaimana dimaksud dalam",found,1,kg-00dd4dc49ca1-a17f6cf1aadd9fb74acc-0,"Ketentuan hukum dalam Pasal 9 dalam Peraturan Menteri Keuangan Republik Indonesia No 7 Tahun 2006 tentang Perubahan Kedua Atas Peraturan Menteri Keuangan:
ayat (1) huruf a, huruf b, huruf c, huruf d, huruf e, huruf f, huruf g, huruf h, huruf i, huruf j, huruf k, huruf l, huruf m, huruf n, huruf o, huruf p, huruf q, huruf r, huruf s, huruf t, huruf u, huruf v, huruf w, huruf x, huruf y, huruf z, huruf aa, huruf ab, huruf ac, huruf ad, huruf ae, huruf af, huruf ag, huruf ah, huruf ai, huruf aj, huruf ak, huruf al, huruf am, huruf an, huruf ao, huruf ap, huruf aq, huruf ar, huruf as, huruf at, huruf au, huruf av, huruf aw, huruf ax, huruf ay, huruf az, huruf ba, huruf bb, huruf bc, huruf bd, huruf be, huruf bf, huruf bg, huruf bh, huruf bi, huruf bj, huruf bk, huruf bl, huruf bm, huruf bn, huruf bo, huruf bp, huruf bq, huruf br, huruf bs, huruf bt, huruf bu, huruf","Ketentuan dalam Pasal 9 dalam Peraturan Menteri Keuangan Republik Indonesia No 7 Tahun 2006 tentang Perubahan Atas Peraturan Menteri Keuangan:
ayat (1) huruf b, huruf c, dan huruf d, dan",0.161616,0.526316,0.777778,False,,,,,,,,
qa-covered-0046,True,peraturan pemerintah|69|2014,Pasal 17,Tulis isi hukum dari Pasal 17 dalam Peraturan Pemerintah Republik Indonesia No 69 Tahun 2014!,"Isi hukum dari Pasal 17 dalam Peraturan Pemerintah Republik Indonesia No 69 Tahun 2014 tentang Hak Guna Air:
Cukup jelas.",found,1,kg-e6a0e4896f6f-a67c2a93251113fd5044-0,"Isi hukum dari Pasal 17 dalam Peraturan Pemerintah Republik Indonesia No 69 Tahun 2014 tentang Tata Cara Pelaksanaan Penempatan:
(1) Penempatan TKI di luar negeri dilakukan oleh Penempatan TKI. (2) Penempatan TKI di luar negeri sebagaimana dimaksud pada ayat (1) dilakukan oleh: a. perusahaan penempatan TKI; b. perusahaan penempatan TKI yang didirikan oleh Pemerintah Daerah; c. perusahaan penempatan TKI yang didirikan oleh Pemerintah Daerah dan perusahaan penempatan TKI; d. perusahaan penempatan TKI yang didirikan oleh Pemerintah Daerah dan perusahaan penempatan TKI yang didirikan oleh Pemerintah Daerah; e. perusahaan penempatan TKI yang didirikan oleh Pemerintah Daerah dan perusahaan penempatan TKI yang didirikan oleh Pemerintah Daerah dan perusahaan penempatan TKI; atau f. perusahaan penempatan TKI yang didirikan oleh Pemerintah Daerah dan perusahaan penempatan TKI yang didirikan oleh Pemerintah Daerah dan perusahaan penempatan TKI yang didirikan oleh Pemerintah Daerah. (3) Penempatan TKI di luar negeri sebagaimana dimaksud pada ayat (1) dilakukan oleh perusahaan penempatan TKI yang didirikan oleh Pemerintah Daerah dan perusahaan penempatan TKI yang didirikan oleh Pemerintah Daerah dan perusahaan penempatan TKI yang didirikan oleh Pemerintah Daerah dan perusahaan penempatan TKI yang","Isi hukum dari Pasal 17 dalam Peraturan Pemerintah Republik Indonesia No 69 Tahun 2014 tentang Hak Guna Air:
(1) Izin sebagaimana dimaksud dalam",0.15,0.837209,0.666667,False,,,,,,,,
qa-covered-0047,True,peraturan presiden|19|2016,Pasal 12,Kutipan isi Pasal 12 menurut Peraturan Presiden Republik Indonesia No 19 Tahun 2016 berbunyi apa?,"Kutipan isi Pasal berbunyi: Pasal 12 dalam Peraturan Presiden Republik Indonesia No 19 Tahun 2016 tentang Perubahan Kedua Atas Peraturan Presiden:
diubah, dan di antara ayat (2) dan ayat (3) disisipkan 1 (satu) ayat, yakni ayat (2a) sehingga",found,1,kg-398cb0e3af9e-9afc067f67781f91a35d-0,"Kutipan isi Pasal berbunyi: Pasal 12 dalam Peraturan Presiden Republik Indonesia No 19 Tahun 2016 tentang Perubahan Atas Peraturan Presiden Nomor 10 Tahun 2010 Tentang:
diubah sehingga berbunyi sebagai berikut:","Kutipan isi Pasal berbunyi: Pasal 12 dalam Peraturan Presiden Republik Indonesia No 19 Tahun 2016 tentang Perubahan Kedua Atas Peraturan Presiden Nomor 12 Tahun 2013 Tentang Jaminan Kesehatan:
ayat (2) huruf b, huruf c, dan huruf d, diberikan kepada Peserta yang telah terdaftar pada BPJS Kesehatan. (2) Kartu Indonesia Sehat sebagaimana dimaksud pada ayat (1) diberikan secara bertahap. (3) Nomor identitas Peserta sebagaimana dimaksud pada ayat (1) merupakan nomor identitas tunggal yang berlaku untuk semua program jaminan sosial. 10. Ketentuan",0.647059,0.474576,0.875,False,,,,,,,,
qa-covered-0048,True,peraturan pemerintah|32|2011,Pasal 29,Apa yang tertulis dalam Pasal 29 dalam Peraturan Pemerintah Republik Indonesia No 32 Tahun 2011?,"Tertulis dalam Pasal 29 dalam Peraturan Pemerintah Republik Indonesia No 32 Tahun 2011 tentang Manajemen Dan Rekayasa, Analisis Dampak,:
(1) Perbaikan geometrik ruas jalan dan/atau persimpangan serta perlengkapan jalan yang tidak berkaitan langsung dengan pengguna jalan sebagaimana dimaksud dalam",found,1,kg-6463251901b2-f2d62254db81126ad774-0,"Tertulis dalam Pasal 29 dalam Peraturan Pemerintah Republik Indonesia No 32 Tahun 2011 tentang Pelayanan Meteo Rologi, Klimatologi, Dan Geofi Sika:
Cukup jelas.","Berdasarkan konteks yang diberikan, Pasal 29 dalam Peraturan Pemerintah Republik Indonesia No 32 Tahun 2011 tentang Pelayanan Darah:
ayat (1) huruf a meliputi: a. pengumpulan darah; b. pengujian darah; c. penyaluran darah; d. penyimpanan darah; e. pengangkutan darah; f. pendistribusian darah; dan g. pendistribusian produk darah. (2) Pengumpulan darah sebagaimana dimaksud pada ayat (1) huruf a dilakukan oleh lembaga yang berwenang. (3) Pengujian darah sebagaimana dimaksud pada ayat (1) huruf b dilakukan oleh lembaga yang berwenang. (4) Penyaluran darah sebagaimana dimaksud pada ayat (1) huruf c dilakukan oleh lembaga yang berwenang. (5) Penyimpanan darah sebagaimana dimaksud pada ayat (1) huruf d dilakukan oleh lembaga yang berwenang. (6) Pengangkutan darah sebagaimana dimaksud pada ayat (1) huruf e dilakukan oleh lembaga yang berwenang. (7) Pendistribusian darah sebagaimana dimaksud pada ayat (1) huruf f dilakukan oleh lembaga yang berwenang. (8) Pendistribusian produk darah sebagaimana dimaksud pada ayat (1) huruf g dilakukan oleh lembaga yang berwenang.",0.47619,0.177083,0.26087,False,,,,,,,,
qa-covered-0049,True,peraturan presiden|9|2013,Pasal 3,Sampaikan isi hukum dalam Pasal 3 dari Peraturan Presiden Republik Indonesia No 9 Tahun 2013!,"Ketentuan hukum dalam Pasal 3 dalam Peraturan Presiden Republik Indonesia No 9 Tahun 2013 tentang Penyelenggaraan Pengelolaan Kegiatan Usaha Hulu Minyak Da N:
Keanggotaan Komisi Pengawas sebagaimana dimaksud dalam",found,1,kg-675345c97935-34d8621923159831f993-0,"Ketentuan hukum dalam Pasal 3 dalam Peraturan Presiden Republik Indonesia No 9 Tahun 2013 tentang Badan Narkotika Nasional:
(1) BNN mempunyai tugas menyelenggarakan pencegahan, pemberantasan, pemulihan, dan rehabilitasi terhadap penyalahgunaan dan peredaran gelap narkotika. (2) Dalam menyelenggarakan tugas sebagaimana dimaksud pada ayat (1), BNN mempunyai fungsi: a. perumusan kebijakan di bidang pencegahan, pemberantasan, pemulihan, dan rehabilitasi terhadap penyalahgunaan dan peredaran gelap narkotika; b. pelaksanaan kebijakan di bidang pencegahan, pemberantasan, pemulihan, dan rehabilitasi terhadap penyalahgunaan dan peredaran gelap narkotika; c. penyusunan norma, standar, prosedur, dan kriteria di bidang pencegahan, pemberantasan, pemulihan, dan rehabilitasi terhadap penyalahgunaan dan peredaran gelap narkotika; d. pemberian bimbingan teknis dan supervisi di bidang pencegahan, pemberantasan, pemulihan, dan rehabilitasi terhadap penyalahgunaan dan peredaran gelap narkotika; e. pelaksanaan pemantauan, evaluasi, dan pelaporan di bidang pencegahan, pemberantasan, pemulihan, dan rehabilitasi terhadap penyalahgunaan dan peredaran gelap narkotika; dan f","Ketentuan hukum dalam Pasal 3 dalam Peraturan Presiden Republik Indonesia No 9 Tahun 2013 tentang Penyele nggaraan Pengelolaan Kegiatan Usaha Hulu Minyak Dan Gas Bumi:
Keanggotaan Komisi Pengawas sebagaimana dimaksud dalam",0.215569,0.866667,0.736842,False,,,,,,,,
qa-covered-0050,True,peraturan pemerintah|32|2005,Pasal 1,Tuliskan kutipan lengkap dari Pasal 1 dalam Peraturan Pemerintah Republik Indonesia No 32 Tahun 2005!,"(1) Modal awal Lembaga Penjamin Simpanan, dengan Peraturan Pemerintah ini, ditetapkan sebe sar Rp4.000.000.000.000,00 (empat triliun rupiah). (2) Modal awal sebagaimana dimaksud pada ayat (1) berbentuk tunai dan merupakan kekayaan negara yang dipisahkan. (3) Modal awal sebagaimana dimaksud pada ayat (1) berasal dari rekening Menteri Keuangan No mor 502.000002 dengan nama Bendaharawan Umum Negara untuk Obligasi dalam rangka Penjaminan, di Bank Indonesia. (4) Neraca pembukaan Lembaga Penjam in Simpanan ditetapkan oleh Dewan Komisioner Lembaga Penjamin Simpanan.",found,2,"kg-de055575cd93-a66968c21a14ff14fb03-0,kg-de055575cd93-ea968a438565d14dcea8-0","(1) Untuk meningkatkan pelayanan kesehatan dan kesehatan masyarakat, Pemerintah dan Pemerintah Daerah wajib menyelenggarakan rumah sakit. (2) Rumah sakit sebagaimana dimaksud pada ayat (1) dapat berbentuk: a. rumah sakit umum; b. rumah sakit khusus; c. rumah sakit khusus yang menyelenggarakan pelayanan kesehatan dasar; d. rumah sakit khusus yang menyelenggarakan pelayanan kesehatan lanjutan; e. rumah sakit khusus yang menyelenggarakan pelayanan kesehatan lanjutan dan pelayanan kesehatan dasar; f. rumah sakit khusus yang menyelenggarakan pelayanan kesehatan lanjutan dan pelayanan kesehatan dasar yang diselenggarakan oleh pemerintah daerah; g. rumah sakit khusus yang diselenggarakan oleh pemerintah daerah; h. rumah sakit khusus yang diselenggarakan oleh masyarakat; i. rumah sakit khusus yang diselenggarakan oleh pemerintah daerah dan masyarakat; j. rumah sakit khusus yang diselenggarakan oleh pemerintah daerah dan masyarakat yang diselenggarakan oleh pemerintah daerah; k. rumah sakit khusus yang diselenggarakan oleh pemerintah daerah dan masyarakat yang diselenggarakan oleh masyarakat; l. rumah sakit khusus yang diselenggarakan oleh pemerintah daerah dan masyarakat yang diselenggarakan oleh pemerintah daerah; m. rumah sakit khusus yang diselenggarakan oleh pemerintah daerah dan masyarakat yang diselenggarakan oleh masyarakat yang diselenggarakan oleh pemerintah daerah; n. rumah sakit khusus yang diselenggarakan oleh pemerintah daerah dan masyarakat yang diselenggarakan oleh masyarakat yang diselenggarakan oleh masyarakat; o",[NO_CONTEXT],0.1,0.02381,0.0,False,,,,,,,,
qa-covered-0051,True,peraturan gubernur|24|2016,Pasal 5,Jelaskan narasi hukum dalam Pasal 5 menurut Peraturan Gubernur Provinsi Sumatera Barat No 24 Tahun 2016!,"Narasi hukum dalam Pasal 5 dalam Peraturan Gubernur Provinsi Sumatera Barat No 24 Tahun 2016 tentang Pembinaan Dan Pengawasan:
ayat (3 ) huruf a merupakan pembina an pada saat penyiapan Puskesmas melakukan pemenuhan Standar Akreditasi Puskesmas. (2) Pembinaan dalam tahap penyiapan Puskesmas melakukan pemenuhan Standar Akreditasi Puskesmas sebagaimana dimaksud pada ayat (1) dilaksanakan dalam bentuk : www.regulasip.com a. mendorong Puskesmas melaksanakan perencanaan dan program Puskesmas yang berorientasi akreditasi atau wajib akreditasi; b. mendorong Pemerintah Daerah Kabupaten/Kota dalam penganggaran pemenuhan Standar Akreditasi Puskesmas; c. mendorong Pemerintah Kabupaten/Kota menganggarkan dana alokasi khusus bidang pelayanan Kesehatan dasar untuk pemenuhan standar akreditasi Puskesmas; d. mendorong Pemerintah Kabupaten/Kota dalam pembuatan road map rencana akreditasi Puskesmas diwilayahnya; e. memfasilitasi Pemerintah Kabupaten/Kota dalam pembentukan Tim Pendamping Akreditasi Puskesmas; dan f. memfasilitasi tim Puskesmas dalam penyiapan Puskesmas dalam memperoleh penetapan Akreditasi Puskesmas;",found,5,"kg-a52b1419ea0a-71cb3f360267a4a794ea-0,kg-a52b1419ea0a-9c1fde002887fb2e0346-0,kg-a52b1419ea0a-c9f4819dccab28c68ec5-0,kg-a52b1419ea0a-8f0d1fee4dcd8f329f25-0","Narasi hukum dalam Pasal 5 dalam Peraturan Gubernur Provinsi Sumatera Barat No 24 Tahun 2016 tentang Pedoman Umum Pelaksanaan Kegiatan:
(1) Pengadaan barang/jasa pemerintah sebagaimana dimaksud dalam","Narasi hukum dalam Pasal 5 dalam Peraturan Gubernur Provinsi Sumatera Barat No 24 Tahun 2016 tentang Pedoman Umum Pengelolaan Dana Bergulir Provinsi Sumatera Barat:
(1) Dana Bergulir yang disalurkan oleh Bank Pelaksana dilakukan dengan pengikatan dan pengadministrasian nasabah/debitur. (2) Dana Bergulir sebagaimana dimaksud pada ayat (1) dapat dijamin oleh PT. Jamkrida Jatim dan/atau Mitra Usaha ( avalist kredit). (3) Masyarakat Jawa Timur yang dijamin oleh PT. Jamkrida adalah sebagai berikut: - a. Usaha yang feasible dan belum bankable ; - b. Usaha yang tidak feasible dan belum bankable.",0.253012,0.276786,0.888889,False,,,,,,,,
qa-covered-0052,True,undang-undang|17|2008,Pasal 27,Apa saja hal yang dijelaskan dalam Pasal 27 dari Undang-Undang Republik Indonesia No 17 Tahun 2008?,"Berikut adalah isi hukum dari Pasal 27 dalam Undang-Undang Republik Indonesia No 17 Tahun 2008 tentang P E L A Y A R A N:
Untuk melakukan kegiatan angkutan di perairan orang perseorangan warga negara Indonesia atau badan usaha wajib memiliki izin usaha.",found,1,kg-837cfb09010d-ce1b89217e58ec0ca735-0,"Isi resmi sebagaimana tercatat dalam Pasal 27 dalam Undang-Undang Republik Indonesia No 17 Tahun 2008 tentang Perubahan Atas Undang-Undang:
A (1) Dalam hal terdapat perbedaan pendapat dalam pengambilan keputusan, keputusan diambil berdasarkan musyawarah untuk mufakat. (2) Dalam hal musyawarah untuk mufakat sebagaimana dimaksud pada ayat (1) tidak tercapai, keputusan diambil berdasarkan suara terbanyak. (3) Keputusan yang diambil berdasarkan suara terbanyak sebagaimana dimaksud pada ayat (2) harus mendapat dukungan sekurang-kurangnya 2/3 (dua per tiga) dari jumlah anggota yang hadir. 10. Ketentuan","Isi Pasal sesuai konteks:
0 dari 1
Teks: UNDANG-UNDANG Nomor 17 Tahun 2008
tentang P E L A Y A R A N
BAB IV - PEMBINAAN
Pasal 27
Untuk melakukan kegiatan angkutan di perairan orang perseorangan warga negara Indonesia atau badan usaha wajib memiliki izin usaha.",0.25,0.813187,0.884615,False,,,,,,,,
qa-covered-0053,True,keputusan presiden|3|1999,Pasal 1,Tulis isi hukum dari Pasal 1 dalam Keputusan Presiden Republik Indonesia No 3 Tahun 1999!,"Isi hukum dari Pasal 1 dalam Keputusan Presiden Republik Indonesia No 3 Tahun 1999 tentang Pernyataan Persetujuan Atas Kenaikan Kuota Republik:
Menyetujui kenaikan kuota Republik Indonesia pada Dana Moneter Internasional dari SDR 1.497.600.00 0,00 (satu miliar empat ratus sembilan puluh tujuh juta enam ratus ribu special drawing rights) menjadi SDR 2.079.300.000,00 (dua miliar tujuh puluh sembilan juta tiga ratus ribu special drawing rights), sebagaimana telah diputuskan oleh Dewan Gubernur Dan a Moneter International pada tanggal 30 Januari 1998 melalui Resolusi No. 53 -2 tentang Increase in Quotas of Fund members -Eleventh General Review.",found,1,kg-d97b0b28930f-4916bc1ad8f2e7d59951-0,"Isi hukum dari Pasal 1 dalam Keputusan Presiden Republik Indonesia No 3 Tahun 1999 tentang Pengesahan Persetujuan Antara Pemerintah Republik:
Mengesahkan Persetujuan antara Pemerintah Republik Indonesia dan Pemerintah Republik Rakyat Tiongkok mengenai Penghindaran Pajak Berganda dan Pencegahan Pengelakan Pajak atas Penghasilan (Agreement between the Government of the Republic of Indonesia and the Government of the People's Republic of China on the Avoidance of Double Taxation and the Prevention of Fiscal Evasion with Respect to Taxes on Income) yang telah ditandatangani Pemerintah Republik Indonesia di Jakarta pada tanggal 20 Desember 1997 sebagai hasil perundingan antara Delegasi -delegasi Pemerintah Republik Indonesia dan Pemerintah Republik Rakyat Tiongkok yang salinan naskah aslinya dalam bahasa Indonesia, bahasa Mandarin dan bahasa Inggris sebagaimana terlampir pada Keputusan Presiden ini.","Isi hukum dari Pasal 1 dalam Keputusan Presiden Republik Indonesia No 3 Tahun 1999 tentang Pernyataan Persetujuan Atas Kenaikan Kuota Republik Indonesia Pada Dana Moneter Internasional:
Menyetujui kenaikan kuota Republik Indonesia pada Dana Moneter Internasional dari SDR 1.497.600.000,00 (satu miliar empat ratus sembilan puluh tujuh juta enam ratus ribu special drawing rights ) menjadi SDR 2.079.300.000,00 (dua miliar tujuh puluh sembilan juta tiga ratus ribu special drawing rights ) sebagaimana telah diputuskan oleh Dewan Gubernur Dana Moneter Internasional pada tanggal 30 Januari 1998 melalui Resolusi No. 53-2 tentang Increase in Quotas of Fund members-Eleventh General Review.",0.241071,0.936585,0.976471,False,,,,,,,,
qa-covered-0054,True,peraturan pemerintah|72|2009,Pasal 116,Uraikan teks hukum dari Pasal 116 menurut Peraturan Pemerintah Republik Indonesia No 72 Tahun 2009!,"Teks hukum dari Pasal 116 dalam Peraturan Pemerintah Republik Indonesia No 72 Tahun 2009 tentang Lalu Lintas Dan Angkutan Kereta Api:
Cukup jelas.",found,1,kg-aced410a168b-4b8adb8b0b6bd684777a-0,"Teks hukum dari Pasal 116 dalam Peraturan Pemerintah Republik Indonesia No 72 Tahun 2009 tentang Jenis Dan Tarif Atas Jenis Penerimaan Negara Bukan Pajak:
Cukup jelas.","Teks hukum dari Pasal 116 dalam Peraturan Pemerintah Republik Indonesia No 72 Tahun 2009 tentang Lalu Lintas Dan Angkutan Kereta Api:
Kondektur sebagaimana dimaksud dalam",0.734694,0.875,0.785714,False,,,,,,,,
qa-covered-0055,True,undang-undang|43|1999,Pasal 12,Bagaimana bunyi lengkap dari Pasal 12 berdasarkan Undang-Undang. No 43 Tahun 1999?,"Bunyi lengkap dari Pasal berdasarkan Pasal 12 dalam Undang-Undang. No 43 Tahun 1999 tentang Perubahan Atas:
, dan",found,3,"kg-124baf9ba5b5-44b7bb7b7fa16d0e233a-0,kg-124baf9ba5b5-72b717f316aa5c8094a5-0,kg-124baf9ba5b5-a0c5ae8126ff17c7dd70-0","Bunyi lengkap dari Pasal berdasarkan Pasal 12 dalam Undang-Undang. No 43 Tahun 1999 tentang Kekuasaan Kehakiman:
Cukup jelas","Berdasarkan konteks yang diberikan, bunyi lengkap dari Pasal 12 dalam Undang-Undang. No 43 Tahun 1999 tentang Perubahan Atas Undang-Undang Nomor 8 Tahun 1974 Tentang Pokok-Pokok Kepegawaian adalah sebagai berikut:

Pasal 12
Cukup jelas",0.810811,0.62963,0.647059,False,,,,,,,,
qa-covered-0056,True,peraturan pemerintah|32|2011,Pasal 33,Tunjukkan kutipan teks dari Pasal 33 menurut Peraturan Pemerintah Republik Indonesia No 32 Tahun 2011!,"Kutipan isi Pasal sesuai teks asli dalam Pasal 33 dalam Peraturan Pemerintah Republik Indonesia No 32 Tahun 2011 tentang Manajemen Dan Rekayasa, Analisis Dampak,:
Perlengkapan jalan yang berkaitan langsung dengan pengg una jalan sebagaimana dimaksud dalam",found,1,kg-6463251901b2-29d5d30dd9e55f0f80b5-0,"Kutipan isi Pasal sesuai teks asli dalam Pasal 33 dalam Peraturan Pemerintah Republik Indonesia No 32 Tahun 2011 tentang Pelayanan Meteo Rologi, Klimatologi, Dan Geofi Sika:
Cukup jelas.","Kutipan isi Pasal sesuai teks asli dalam Pasal 33 dalam Peraturan Pemerintah Republik Indonesia No 32 Tahun 2011 tentang Pelayanan Darah:
ayat (1) huruf b, huruf c, huruf d, huruf e, huruf f, huruf g, dan huruf h, dilakukan oleh lembaga yang berwenang. (2) Lembaga yang berwenang sebagaimana dimaksud pada ayat (1) dapat berupa: a. lembaga pemerintah; b. lembaga nonpemerintah; atau c. lembaga asing. (3) Lembaga pemerintah sebagaimana dimaksud pada ayat (2) huruf a terdiri atas: a. kementerian; b. lembaga pemerintah nonkementerian; c. lembaga pemerintah daerah provinsi; dan d. lembaga pemerintah daerah kabupaten/kota. (4) Lembaga nonpemerintah sebagaimana dimaksud pada ayat (2) huruf b terdiri atas: a. asosiasi profesi; b. asosiasi profesi dan organisasi profesi; c. organisasi profesi; d. organisasi profesi dan organisasi profesi; e. organisasi profesi dan asosiasi profesi; f. organisasi profesi dan asosiasi profesi; g. asosiasi profesi dan organisasi profesi; h. asosiasi profesi dan organisasi profesi; i. asosiasi profesi dan asosiasi profesi; j. organisasi profesi dan asosiasi profesi; k",0.625,0.233503,0.092105,False,,,,,,,,
qa-covered-0057,True,keputusan presiden|28|1999,Pasal 2,Apa yang tertulis dalam Pasal 2 dalam Keputusan Presiden Republik Indonesia No 28 Tahun 1999?,"Tertulis dalam Pasal 2 dalam Keputusan Presiden Republik Indonesia No 28 Tahun 1999 tentang Pengesahan Framework Agreement On The Asean Investment:
Apabila terjadi perbedaan penafsiran antara naska h terjemahan Agreement dalam bahasa Indonesia dengan salinan naskah aslinya dalam bahasa Inggeris sebagaimana dimaksud dalam",found,1,kg-277be04c4845-948245d78aa10cd006f9-0,"Tertulis dalam Pasal 2 dalam Keputusan Presiden Republik Indonesia No 28 Tahun 1999 tentang Pengesahan Persetujuan Antara Pemerintah Republik:
ayat (1) huruf a, b, c, d, e, f, g, h, i, j, k, l, m, n, o, p, q, r, s, t, u, v, w, x, y, z, aa, ab, ac, ad, ae, af, ag, ah, ai, aj, ak, al, am, an, ao, ap, aq, ar, as, at, au, av, aw, ax, ay, az, aa, ab, ac, ad, ae, af, ag, ah, ai, aj, ak, al, am, an, ao, ap, aq, ar, as, at, au, av, aw, ax, ay, az, aa, ab, ac, ad, ae, af, ag, ah, ai, aj, ak, al, am, an, ao, ap, aq, ar, as, at, au, av, aw, ax, ay, az, aa, ab, ac, ad","Teks Pasal sesuai konteks:
Pasal 2
Apabila terjadi perbedaan penafsiran antara naskah terjemahan Agreement dalam bahasa Indonesia dengan salinan naskah aslinya dalam bahasa Inggeris sebagaimana dimaksud dalam Pasal 1, maka yang berlaku adalah salinan naskah aslinya dalam bahasan Inggeris.",0.196532,0.560976,0.923077,False,,,,,,,,
qa-covered-0058,True,peraturan presiden|10|2013,Pasal 3,Jelaskan kutipan resmi dari Pasal 3 menurut Peraturan Presiden Republik Indonesia No 10 Tahun 2013!,"Kutipan resmi dari Pasal 3 dalam Peraturan Presiden Republik Indonesia No 10 Tahun 2013 tentang Dana Alokasi Umum Daerah Provinsi Dan Kabupaten/Kota:
(1) Kebutuhan fiskal daerah sebagaimana dimaksud dalam",found,1,kg-4c79a0480405-aeaa8cc23b2ba001ca6d-0,"Kutipan resmi dari Pasal 3 dalam Peraturan Presiden Republik Indonesia No 10 Tahun 2013 tentang Badan Narkotika Nasional:
(1) BNN mempunyai tugas menyelenggarakan pencegahan, pemberantasan, pemulihan, dan rehabilitasi terhadap penyalahgunaan dan peredaran gelap narkotika. (2) BNN dalam menyelenggarakan tugas sebagaimana dimaksud pada ayat (1) berkoordinasi dengan instansi pemerintah dan/atau nonpemerintah terkait.","Kutipan resmi dari Pasal 3 dalam Peraturan Presiden Republik Indonesia No 10 Tahun 2013 tentang Dana Alokasi Umum Daerah Provinsi Dan Kabupaten/Kota:
ayat (3) dihitung berdasarkan perimbangan antara: a. kebutuhan fiskal daerah; b. kemampuan keuangan negara; dan c. kemampuan keuangan daerah. (2) Kebutuhan fiskal daerah sebagaimana dimaksud pada ayat (1) huruf a dihitung berdasarkan perimbangan antara: a. kebutuhan fiskal daerah; b. kemampuan keuangan negara; dan c. kemampuan keuangan daerah. (3) Kebutuhan fiskal daerah sebagaimana dimaksud pada ayat (2) huruf a dihitung berdasarkan perimbangan antara: a. kebutuhan fiskal daerah; b. kemampuan keuangan negara; dan c. kemampuan keuangan daerah. (4) Kebutuhan fiskal daerah sebagaimana dimaksud pada ayat (3) huruf a dihitung berdasarkan perimbangan antara: a. kebutuhan fiskal daerah; b. kemampuan keuangan negara; dan c. kemampuan keuangan daerah. (5) Kebutuhan fiskal daerah sebagaimana dimaksud pada ayat (4) huruf a dihitung berdasarkan perimbangan antara: a. kebutuhan fiskal daerah; b. kemampuan keuangan negara; dan c. kemampuan keuangan daerah. (6) Kebutuhan fiskal daerah sebagaimana dimaksud pada ayat (5) huruf a",0.487805,0.297436,0.555556,False,,,,,,,,
qa-covered-0059,True,peraturan presiden|9|2013,Pasal 7,Apa yang tertulis dalam Pasal 7 dalam Peraturan Presiden Republik Indonesia No 9 Tahun 2013?,"Tertulis dalam Pasal 7 dalam Peraturan Presiden Republik Indonesia No 9 Tahun 2013 tentang Penyelenggaraan Pengelolaan Kegiatan Usaha Hulu Minyak Da N:
, diangkat dan diberhentikan oleh Kepala SKK Migas.",found,1,kg-675345c97935-fa98874df4b93e679ef9-0,"Tertulis dalam Pasal 7 dalam Peraturan Presiden Republik Indonesia No 9 Tahun 2013 tentang Badan Pertanahan Nasional:
(1) Sekretariat Utama berada di bawah dan bertanggung jawab kepada Kepala. (2) Sekretariat Utama dipimpin oleh Sekretaris Utama.","Struktur Organisasi SKK Migas sebagaimana dimaksud dalam Pasal 2 ayat (1), terdiri dari:
- a. Kepala;
- b. Wakil Kepala;
- c. Sekretaris;
- d. Pengawas Internal; dan
- e. Deputi, paling banyak 5 (lima) orang.",0.53125,0.2,1.0,False,,,,,,,,
qa-covered-0060,True,undang-undang|17|2008,Pasal 41,Apa isi legal dari Pasal 41 dalam Undang-Undang Republik Indonesia No 17 Tahun 2008?,"Isi legal dari Pasal 41 dalam Undang-Undang Republik Indonesia No 17 Tahun 2008 tentang P E L A Y A R A N:
(1) Tanggung jawab sebagaimana dimaksud dalam",found,1,kg-837cfb09010d-61f6fbf7e5913fb66580-0,"Isi legal dari Pasal 41 dalam Undang-Undang Republik Indonesia No 17 Tahun 2008 tentang Perubahan Atas Undang-Undang:
A (1) Dalam hal terdapat perbedaan pendapat dalam pengambilan keputusan, keputusan diambil berdasarkan musyawarah untuk mufakat. (2) Dalam hal musyawarah untuk mufakat sebagaimana dimaksud pada ayat (1) tidak tercapai, keputusan diambil berdasarkan suara terbanyak. (3) Keputusan yang diambil berdasarkan suara terbanyak sebagaimana dimaksud pada ayat (2) harus mendapat dukungan sekurang-kurangnya 2/3 (dua per tiga) dari jumlah anggota yang hadir. 10. Ketentuan","Isi legal dari Pasal 41 dalam Undang-Undang Republik Indonesia No 17 Tahun 2008 tentang Pelayaran:
(1) Tanggung jawab sebagaimana dimaksud dalam",0.357143,0.807692,0.545455,False,,,,,,,,
qa-covered-0061,True,keputusan presiden|81|1999,Pasal 9,Apa yang tertulis dalam Pasal 9 dalam Keputusan Presiden Republik Indonesia No 81 Tahun 1999?,"Tertulis dalam Pasal 9 dalam Keputusan Presiden Republik Indonesia No 81 Tahun 1999 tentang Pembentukan Komisi Pemeriksa Kekayaan:
(1)Susunan keanggotaan sebagaimana dimaksud dalam",found,1,kg-36706a9349a9-3d7e4d25abbe6e742853-0,"Tertulis dalam Pasal 9 dalam Keputusan Presiden Republik Indonesia No 81 Tahun 1999 tentang Badan Koordinasi Penanaman Modal:
(1) Sekretariat Utama mempunyai tugas membantu Kepala dalam memimpin pelaksanaan tugas dan fungsi BKP M. (2) Sekretariat Utama dipimpin oleh Sekretaris Utama.","Teks Pasal berdasarkan Pasal 9 dalam Keputusan Presiden Republik Indonesia No 81 Tahun 1999 tentang Pembentukan Komisi Pemeriksa Kekayaan Penyelenggara Negara:
(1) Susunan keanggotaan sebagaimana dimaksud dalam",0.5,0.862745,0.823529,False,,,,,,,,
qa-covered-0062,True,undang-undang|17|2008,Pasal 112,Apa frasa hukum dalam Pasal 112 dari Undang-Undang Republik Indonesia No 17 Tahun 2008?,"Frasa hukum dalam Pasal 112 dalam Undang-Undang Republik Indonesia No 17 Tahun 2008 tentang P E L A Y A R A N:
(1) Setiap orang yang melanggar ketentuan sebagaimana dimaksud dalam",found,1,kg-837cfb09010d-491444cc53de7ac9efae-0,"Frasa hukum dalam Pasal 112 dalam Undang-Undang Republik Indonesia No 17 Tahun 2008 tentang Perubahan Atas Undang-Undang:
A (1) Dalam hal terdapat perbedaan pendapat dalam pengambilan keputusan, keputusan diambil berdasarkan musyawarah untuk mufakat. (2) Dalam hal tidak tercapai mufakat sebagaimana dimaksud pada ayat (1), keputusan diambil berdasarkan suara terbanyak. (3) Dalam hal terdapat perbedaan pendapat dalam pengambilan keputusan, keputusan diambil berdasarkan musyawarah untuk mufakat. (4) Dalam hal tidak tercapai mufakat sebagaimana dimaksud pada ayat (3), keputusan diambil berdasarkan suara terbanyak. 17. Ketentuan","Frasa hukum dalam Pasal 112 dalam Undang-Undang Republik Indonesia No 17 Tahun 2008 tentang Pelayaran:
(1) Setiap orang yang melanggar ketentuan sebagaimana dimaksud dalam",0.358974,0.827586,0.615385,False,,,,,,,,
qa-covered-0063,True,keputusan presiden|52|2001,Pasal 17,Apa bunyi dari Pasal 17 menurut Keputusan Presiden Republik Indonesia No 52 Tahun 2001?,"(1) Deputi adalah jabatan eselon Ia. (2) Staf Ahli adalah jabatan eselon Ib. (3) Kepala Pusat dan Kepala Biro adalah jabatan eselon IIa. (4) Kepala Bidang dan Kepala Bagian adalah jabatan eselon IIIa. (5) Kepala Unit adalah jabatan setinggi-tingginya eselon IIIa. (6) Kepala Subbagian adalah jabatan eselon IVa."" 5. Ketentuan",found,1,kg-cac984d2c0ec-6258de61d2730813c903-0,"(1) Dalam melaksanakan tugasnya, Deputi dibantu oleh Sekretariat Deputi. (2) Sekretariat Deputi dipimpin oleh seorang Sekretaris Deputi.","Pasal 17 dalam Keputusan Presiden Republik Indonesia No 52 Tahun 2001 tentang Perubahan Atas Keputusan Presiden Nomor 117 Tahun 2000 Tentang Sekretariat Negara:
""Pasal 17 - (1) Deputi adalah jabatan eselon Ia. - (2) Staf Ahli adalah jabatan eselon Ib. - (3) Kepala Pusat dan Kepala Biro adalah jabatan eselon IIa. - (4) Kepala Bidang dan Kepala Bagian adalah jabatan eselon IIIa. - (5) Kepala Unit adalah jabatan setinggi-tingginya eselon IIIa. - (6) Kepala Subbagian adalah jabatan eselon IVa.""",0.088235,0.784,0.96,False,,,,,,,,
qa-covered-0064,True,peraturan pemerintah|69|2014,Pasal 23,Sampaikan isi hukum dalam Pasal 23 dari Peraturan Pemerintah Republik Indonesia No 69 Tahun 2014!,"Ketentuan hukum dalam Pasal 23 dalam Peraturan Pemerintah Republik Indonesia No 69 Tahun 2014 tentang Hak Guna Air:
Cukup jelas .",found,1,kg-e6a0e4896f6f-e71da54cbdb7a9be8951-0,"Ketentuan hukum dalam Pasal 23 dalam Peraturan Pemerintah Republik Indonesia No 69 Tahun 2014 tentang Tata Cara Pelaksanaan Penempatan:
(1) Dalam hal Penempatan TKI di luar negeri tidak dapat dilaksanakan, Perusahaan Penempatan TKI wajib memberikan ganti rugi kepada TKI. (2) Ganti rugi sebagaimana dimaksud pada ayat (1) diberikan dalam bentuk uang. (3) Besarnya ganti rugi sebagaimana dimaksud pada ayat (2) paling sedikit sebesar 100% (seratus persen) dari biaya yang dikeluarkan Perusahaan Penempatan TKI. (4) Besarnya biaya yang dikeluarkan Perusahaan Penempatan TKI sebagaimana dimaksud pada ayat (3) dihitung berdasarkan: a. biaya administrasi; b. biaya transportasi; c. biaya asuransi; d. biaya pelatihan; e. biaya penempatan; dan f. biaya lainnya. (5) Besarnya biaya administrasi sebagaimana dimaksud pada ayat (4) huruf a paling sedikit sebesar 10% (sepuluh persen) dari biaya transportasi. (6) Besarnya biaya transportasi sebagaimana dimaksud pada ayat (4) huruf b paling sedikit sebesar 50% (lima puluh persen) dari biaya transportasi. (7) Besarnya biaya asuransi sebagaimana dimaksud pada ayat (4) huruf c paling sedikit sebesar 10","Isi hukum dalam Pasal 23 dalam Peraturan Pemerintah Republik Indonesia No 69 Tahun 2014 tentang Hak Guna Air:
(1) Izin penggunaan Sumber Daya Air untuk Air Permukaan sebagaimana dimaksud dalam",0.163934,0.68,0.777778,False,,,,,,,,
qa-covered-0065,True,peraturan presiden|107|2013,Pasal 4,Sebutkan ketentuan resmi dari Pasal 4 menurut Peraturan Presiden Republik Indonesia No 107 Tahun 2013!,"Bacaan isi hukum Pasal berdasarkan Pasal 4 dalam Peraturan Presiden Republik Indonesia No 107 Tahun 2013 tentang Pelayanan Kesehatan Tertentu Berkaitan Dengan:
huruf a meliputi: a. pemberian dukungan kesehatan latihan TNI; b. pemberian dukungan kesehatan operasi TNI; c. pemeriksaan kesehatan anggota TNI; d. pelayanan kesehatan akibat kegiatan latihan dan operasi TNI; dan e. kegiatan promotif, preventif, dan rehabilitatif kesehatan.",found,1,kg-9a29b1ed2329-59446e46cdf100e56b6a-0,"Bacaan isi hukum Pasal berdasarkan Pasal 4 dalam Peraturan Presiden Republik Indonesia No 107 Tahun 2013 tentang Tunjangan Kinerja Pegawai Di Lingkungan:
(1) Tunjangan kinerja sebagaimana dimaksud dalam","Berdasarkan konteks yang diberikan, Pasal 4 dalam Peraturan Presiden Nomor 107 Tahun 2013 tentang Pelayanan Kesehatan Tertentu Berkaitan Dengan Kegiatan Operasional Kementerian Pertahanan, Tentara Nasional Indonesia, Dan Kepolisian Negara Republik Indonesia:
Pelayanan kesehatan tertentu TNI meliputi: a. pelayanan kesehatan anggota TNI yang berkaitan dengan kegiatan operasional; dan b. pelayanan kesehatan untuk mendukung tugas pokok dan fungsi TNI.",0.390805,0.568966,0.925,False,,,,,,,,
qa-covered-0066,True,peraturan pemerintah|34|2006,Pasal 40,Apa frasa hukum dalam Pasal 40 dari Peraturan Pemerintah Republik Indonesia No 34 Tahun 2006?,"Frasa hukum dalam Pasal 40 dalam Peraturan Pemerintah Republik Indonesia No 34 Tahun 2006 tentang Jalan:
ayat (1) dilakukan oleh penyelenggara jalan sesuai dengan status jalan masing-masing berdasarkan pedoman yang ditetapkan oleh Menteri. Bagian Keempat Perubahan Fungsi Jalan, Status Jalan, dan Kelas Jalan",found,1,kg-a3af474b6305-cdb3a4d12bb4a710cc97-0,"Frasa hukum dalam Pasal 40 dalam Peraturan Pemerintah Republik Indonesia No 34 Tahun 2006 tentang Perubahan Atas Peraturan Pemerintah Nomor 25 Tahun 2004:
A (1) Dalam hal hasil pemeriksaan sebagaimana dimaksud dalam","Frasa hukum dalam Pasal 40 dalam Peraturan Pemerintah Republik Indonesia No 34 Tahun 2006 tentang Jalan:
(1) Ruang milik jalan paling sedikit memiliki lebar sebagai berikut: - a. jalan bebas hambatan 30 (tiga puluh) meter; - b. jalan raya 25 (dua puluh lima) meter; - c. jalan sedang 15 (lima belas) meter; dan - d. jalan kecil 11 (sebelas) meter. (2) Ruang milik jalan diberi tanda batas ruang milik jalan yang ditetapkan oleh penyelenggara jalan. (3) Ketentuan lebih lanjut mengenai lebar ruang milik jalan sebagaimana dimaksud pada ayat (1) dan tanda batas ruang milik jalan sebagaimana dimaksud pada ayat (2) diatur dalam Peraturan Menteri.",0.447368,0.402778,0.942857,False,,,,,,,,
qa-covered-0067,True,undang-undang|17|2008,Pasal 328,Sebutkan ketentuan resmi dari Pasal 328 menurut Undang-Undang Republik Indonesia No 17 Tahun 2008!,"Bacaan isi hukum Pasal berdasarkan Pasal 328 dalam Undang-Undang Republik Indonesia No 17 Tahun 2008 tentang P E L A Y A R A N:
Cukup jelas.",found,1,kg-837cfb09010d-366e21d349210616641b-0,"Bacaan isi hukum Pasal berdasarkan Pasal 328 dalam Undang-Undang Republik Indonesia No 17 Tahun 2008 tentang Perubahan Atas Undang-Undang:
A (1) Dalam hal terdapat perbedaan pendapat dalam pengambilan keputusan, keputusan diambil berdasarkan musyawarah untuk mufakat. (2) Dalam hal musyawarah untuk mufakat sebagaimana dimaksud pada ayat (1) tidak tercapai, keputusan diambil berdasarkan suara terbanyak. (3) Keputusan yang diambil berdasarkan suara terbanyak sebagaimana dimaksud pada ayat (2) harus mendapat dukungan sekurang-kurangnya 2/3 (dua per tiga) dari jumlah anggota yang hadir. 10. Ketentuan","Berdasarkan konteks yang diberikan, Pasal 328 dalam UNDANG-UNDANG Nomor 17 Tahun 2008 tentang P E L A Y A R A N:
Setiap orang yang melakukan pengangkutan limbah bahan berbahaya dan beracun tanpa memenuhi persyaratan sebagaimana dimaksud dalam",0.321429,0.567164,0.666667,False,,,,,,,,
qa-covered-0068,True,peraturan presiden|19|2016,Pasal 43,Tulis isi hukum dari Pasal 43 dalam Peraturan Presiden Republik Indonesia No 19 Tahun 2016!,"Isi hukum dari Pasal 43 dalam Peraturan Presiden Republik Indonesia No 19 Tahun 2016 tentang Perubahan Kedua Atas Peraturan Presiden:
A diubah sehingga berbunyi sebagai berikut:",found,1,kg-398cb0e3af9e-4516fea3d9d3cb0588be-0,"Isi hukum dari Pasal 43 dalam Peraturan Presiden Republik Indonesia No 19 Tahun 2016 tentang Perubahan Atas Peraturan Presiden Nomor 10 Tahun 2010 Tentang:
diubah sehingga berbunyi sebagai berikut:","Isi hukum dari Pasal 43 dalam Peraturan Presiden Republik Indonesia No 19 Tahun 2016 tentang Perubahan Kedua Atas Peraturan Presiden Nomor 12 Tahun 2013 Tentang Jaminan Kesehatan:
(1) BPJS Kesehatan mengembangkan teknis operasionalisasi sistem pelayanan kesehatan, sistem kendali mutu pelayanan, dan sistem pembayaran pelayanan kesehatan untuk meningkatkan efisiensi dan efektivitas. (2) Pengembangan sebagaimana dimaksud pada ayat (1) dilaksanakan dalam rangka penyelenggaraan program Jaminan Kesehatan. (3) Dalam melaksanakan pengembangan sebagaimana dimaksud pada ayat (1), BPJS Kesehatan berkoordinasi dengan kementerian/lembaga terkait.",0.872727,0.377358,0.921569,False,,,,,,,,
qa-covered-0069,True,peraturan pemerintah|55|2006,Pasal 4,Apa saja poin yang tercantum dalam Pasal 4 dalam Peraturan Pemerintah Republik Indonesia No 55 Tahun 2006?,"Berikut kutipan verbatim dari Pasal 4 dalam Peraturan Pemerintah Republik Indonesia No 55 Tahun 2006 tentang Penambahan Penyertaan Modal Negara Republik Indonesia:
Ketentuan lebih lanjut yang diperlukan bagi pelaksanaan Peraturan Pemerintah ini diatur oleh Menteri Keuangan dan Menteri Negara Badan Usaha Milik Negara baik sendiri -sendiri maupun bersama -sama sesuai dengan tugas dan kewenangannya masin g-masing.",found,1,kg-40fd0b0e5a38-b85fe2c6d939d82a60e7-0,"Berikut kutipan verbatim dari Pasal 4 dalam Peraturan Pemerintah Republik Indonesia No 55 Tahun 2006 tentang Penambahan Penyertaan Modal Negara Republik Indonesia:
(1) Penambahan penyertaan modal Negara sebagaimana dimaksud dalam","Poin yang tercantum dalam Pasal 4 dalam Peraturan Pemerintah Republik Indonesia No 55 Tahun 2006 tentang Penambahan Penyertaan Modal Negara Republik Indonesia Ke Dalam Modal Saham Perusahaan Perseroan (Persero) Pt Pertani:
Ketentuan lebih lanjut yang diperlukan bagi pelaksanaan Peraturan Pemerintah ini diatur oleh Menteri Keuangan dan Menteri Negara Badan Usaha Milik Negara baik sendiri-sendiri maupun bersama-sama sesuai dengan tugas dan kewenangannya masing-masing.",0.528736,0.836066,0.954545,False,,,,,,,,
qa-covered-0070,True,peraturan gubernur|24|2016,Pasal 1,Apa saja elemen/komponen yang dibahas dalam Pasal 1 dari Peraturan Gubernur Provinsi Sumatera Barat No 24 Tahun 2016?,"Isi resmi sebagaimana tercatat dalam Pasal 1 dalam Peraturan Gubernur Provinsi Sumatera Barat No 24 Tahun 2016 tentang Pembinaan Dan Pengawasan:
Dalam Peraturan Gubernur ini yang dimaksud dengan: 1. Daerah adalah Provinsi Sumatera Barat. 2. Pemerintah Daerah adalah Pemerintah Provinsi Sumatera Barat. 3. Gubernur adalah Gubernur Sumatera Barat. 4. Kabupaten/Kota adalah kabupaten/kota yang ada di Provinsi Sumatera Barat. 5. Dinas Kesehatan Provinsi yang selanjutnya disebut Dinas Kesehatan adalah satuan kerja perangkat daerah Provinsi Sumatera Barat yang melaksanakan urusan bidang kesehatan. 6. Kepala Dinas Kesehatan adalah kepala dinas kesehatan Provinsi Sumatera Barat. 7. Kesehatan adalah keadaan sehat, baik secara fisik, mental, spiritual maupun sosial yang memungkinkan setiap orang untuk hidup produktif secara sosial dan ekonomis. 8. Pusat Kesehatan Masyarakat yang selanjutnya disebut Puskesmas adalah fasilitas pelayanan kesehatan yang menyelenggarakan upaya kesehatan masyarakat dan upaya kesehatan perorangan tingkat pertama dengan lebih mengutamakan upaya promotif dan preventif untuk mencapai derajat kesehatan masyarakat yang setinggi- tingginya di wilayah kerjanya. 9. Akreditasi adalah pengakuan yang diberikan oleh lembaga independen penyelenggara akreditasi yang ditetapkan oleh menteri setelah memenuhi standar akreditasi. 10. Pra Akreditasi adalah rangkaian atau proses kegiatan penyiapan puskesmas dalam memenuhi standar akreditasi. 11. Pasca Akreditasi adalah rangkaian kegiatan untuk memelihara serta meningkatkan pencapaian standar akreditasi secara berkesinambungan sampai dilakukan penilaian akreditasi berikutnya. 12. Pembinaan dan Pengawasan adalah tindakan yang dilakukan oleh gubernur melalui dinas dalam rangka mendukung, memotivasi, mendorong dan memperlancar proses akreditas puskesmas. www.regulasip.com 13. Standar Akreditasi Puskesmas adalah standar yang telah ditetapkan dalam peraturan perundang- undangan yang harus dipenuhi oleh puskesmas guna penetapan akreditasi oleh lembaga independen penyelenggara akreditasi. 14. Tim Pendamping adalah Tim yang ditetapkan oleh Kepala Dinas Kesehatan Kabupaten/Kota untuk melakukan pendampingan dan penilaian pra akreditasi serta pendampingan pasca akreditasi .",found,7,"kg-a52b1419ea0a-f612c901123e4223ec42-0,kg-a52b1419ea0a-01a5f0692abfce8866e3-0,kg-a52b1419ea0a-0940f798a942e2807ad8-0,kg-a52b1419ea0a-37f80fa08ac16a75aa3f-0","Elemen/komponen yang dibahas dalam Pasal 1 dalam Peraturan Gubernur Provinsi Sumatera Barat No 24 Tahun 2016 tentang Pedoman Umum Pelaksanaan Pengadaan Barang/Jasa Di Lingkungan:
Dalam Peraturan Gubernur ini yang dimaksud dengan: 1. Daerah adalah Provinsi Sumatera Barat. 2. Pemerintah Daerah adalah Gubernur dan Perangkat Daerah sebagai unsur penyelenggara Pemerintahan Daerah. 3. Gubernur adalah Gubernur Sumatera Barat. 4. Satuan Kerja Perangkat Daerah yang selanjutnya disingkat SKPD adalah Satuan Kerja Perangkat Daerah Provinsi Sumatera Barat. 5. Satuan Kerja Perangkat Daerah yang selanjutnya disingkat SKPD adalah Satuan Kerja Perangkat Daerah Provinsi Sumatera Barat. 6. Satuan Kerja Perangkat Daerah yang selanjutnya disingkat SKPD adalah Satuan Kerja Perangkat Daerah Provinsi Sumatera Barat. 7. Satuan Kerja Perangkat Daerah yang selanjutnya disingkat SKPD adalah Satuan Kerja Perangkat Daerah Provinsi Sumatera Barat. 8. Satuan Kerja Perangkat Daerah yang selanjutnya disingkat SKPD adalah Satuan Kerja Perangkat Daerah Provinsi Sumatera Barat. 9. Satuan Kerja Perangkat Daerah yang selanjutnya disingkat SKPD adalah Satuan Kerja Perangkat Daerah Provinsi Sumatera Barat. 10. Satuan Kerja Perangkat Daerah yang selanjutnya disingkat SKPD adalah Satuan Kerja Perangkat","Elemen/komponen yang dibahas dalam Pasal 1 dalam Peraturan Gubernur Provinsi Sumatera Barat No 24 Tahun 2016 tentang Pedoman Pelaksanaan Bantuan Keuangan Kepada Pemerintah Kabupaten/Kota Untuk Pembangunan Desa/Lingkungan Terpadu Pada Kantong Kemiskinan Di Provinsi Sumatera Barat Tahun 2016:
1. Daerah adalah Provinsi Sumatera Barat. 2. Pemerintahan Daerah adalah Penyelenggaraan Urusan Pemerintahan oleh Pemerintah Daerah dan Dewan Perwakilan Rakyat Daerah menurut asas otonomi dan tugas pembantuan sesuai prinsip otonomi seluas-luasnya dalam Sistem dan Prinsip Negara Kesatuan Republik Indonesia sebagaimana dimaksud dalam Undang-Undang Dasar Negara Republik Indonesia Tahun 1945. 3. Gubernur adalah Gubernur Sumatera Barat. 4. Pemerintah Kabupaten/Kota adalah Pemerintah Kabupaten/Kota seProvinsi Sumatera Barat. 5. Bupati/Walikota adalah Bupati/Walikota se-Provinsi Sumatera Barat. 6. Anggaran Pendapatan dan Belanja Daerah selanjutnya disebut APBD adalah Anggaran Pendapatan dan Belanja Daerah Provinsi Sumatera Barat yang merupakan rencana keuangan tahunan pemerintah daerah yang dibahas dan disetujui bersama oleh pemerintah dan DPRD, dan ditetapkan dengan Peraturan Daerah. 7. Satuan Kerja Perangkat Daerah selanjutnya disingkat SKPD adalah perangkat daerah pada pemerintah daerah. 8",0.358079,0.376368,0.859649,False,,,,,,,,
qa-covered-0071,True,peraturan pemerintah|96|2000,Pasal 30,Apa saja poin yang tercantum dalam Pasal 30 dalam Peraturan Pemerintah Republik Indonesia No 96 Tahun 2000?,"Berikut kutipan verbatim dari Pasal 30 dalam Peraturan Pemerintah Republik Indonesia No 96 Tahun 2000 tentang Wewenang Pengangkatan, Pemindahan, Dan Pemberhentian:
Cukup jelas",found,1,kg-0bb45d95f101-dfb3263783cae76dc0c4-0,"Berikut kutipan verbatim dari Pasal 30 dalam Peraturan Pemerintah Republik Indonesia No 96 Tahun 2000 tentang Pendirian Perusahaan Jawatan Rumah Sakit:
(1) Dewan Pengawas wajib mengadakan rapat sekurang -kurangnya 1 (satu) kali dalam 6 (enam) bulan. (2) Rapat sebagaimana dimaksud dalam ayat (1) dapat diadakan lebih dari 1 (satu) kali dalam 1 (satu) tahun apabila diperlukan. (3) Rapat sebagaimana dimaksud dalam ayat (1) dan ayat (2) dipimpin oleh Ketua Dewan Pengawas. (4) Dalam hal Ketua Dewan Pengawas berhalangan, rapat dipimpin oleh salah seorang anggota Dewan Pengawas yang ditunjuk oleh Ketua Dewan Pengawas. (5) Keputusan rapat Dewan Pengawas diambil atas dasar musyawarah untuk mufakat. (6) Dalam hal tidak tercapai mufakat, keputusan diambil berdasarkan suara terbanyak. (7) Untuk setiap rapat dibuat risalah rapat.","Poin yang tercantum dalam Pasal 30 dalam Peraturan Pemerintah Republik Indonesia No 96 Tahun 2000 tentang We wenang Pengangkatan, Pemindahan Dan Pemberhentian Pegawai Negeri Sipil:
Dengan berlakunya Peraturan Pemerintah ini, maka Peraturan Pemerintah Nomor 20 Tahun 1975 tentang Pegawai Negeri Sipil sebagaimana telah diubah dengan Peraturan Pemerintah Nomor 19 Tahun 1991 dan ketentuan lain bertentangan dengan Peraturan pemerintah ini, dinyatakan tidak berlaku.",0.236111,0.376471,0.818182,False,,,,,,,,
qa-covered-0072,True,peraturan pemerintah|34|2006,Pasal 92,Tulis isi hukum dari Pasal 92 dalam Peraturan Pemerintah Republik Indonesia No 34 Tahun 2006!,"Isi hukum dari Pasal 92 dalam Peraturan Pemerintah Republik Indonesia No 34 Tahun 2006 tentang Jalan:
Cukup jelas.",found,1,kg-a3af474b6305-5deb65393709efc824a2-0,"Isi hukum dari Pasal 92 dalam Peraturan Pemerintah Republik Indonesia No 34 Tahun 2006 tentang Perubahan Atas Peraturan Pemerintah Nomor 25 Tahun 2004:
diubah, sehingga","Isi hukum dari Pasal 92 dalam Peraturan Pemerintah Republik Indonesia No 34 Tahun 2006 tentang Jalan:
(1) Pelaksanaan konstruksi jalan dapat dimulai setelah pengadaan tanah selesai dilaksanakan sekurang- kurangnya pada bagian ruas jalan yang dapat berfungsi. (2) Pelaksanaan konstruksi jalan harus didasarkan atas rencana teknis sebagaimana dimaksud dalam",0.697674,0.484848,0.818182,False,,,,,,,,
qa-covered-0073,True,peraturan pemerintah|72|2009,Pasal 2,Apa frasa hukum dalam Pasal 2 dari Peraturan Pemerintah Republik Indonesia No 72 Tahun 2009?,"Frasa hukum dalam Pasal 2 dalam Peraturan Pemerintah Republik Indonesia No 72 Tahun 2009 tentang Lalu Lintas Dan Angkutan Kereta Api:
(1) Angkutan kereta api dilaksanakan pada jaringan jalur kereta api dalam lintas pelayanan kereta api yang membentuk jaringan pelayanan perkeretaapian . (2) Jaringan pelayanan perkeretaapian sebagaimana dimaksud pada ayat (1), terdiri atas: a. jaringan pelayanan perkeretaapian antarkota; dan b. jaringan pelayanan perkeretaapian perkotaan .",found,1,kg-aced410a168b-e6b085577de6d8490538-0,"Frasa hukum dalam Pasal 2 dalam Peraturan Pemerintah Republik Indonesia No 72 Tahun 2009 tentang Jenis Dan Tarif Atas Jenis Penerimaan Negara Bukan Pajak:
Cukup jelas.","Frasa hukum dalam Pasal 2 dalam Peraturan Pemerintah Republik Indonesia No 72 Tahun 2009 tentang Lalu Lintas Dan Angkutan Kereta Api:
(1) Angkutan kereta api dilaksanakan pada jaringan jalur kereta api dalam lintas pelayanan kereta api yang membentuk jaringan pelayanan perkeretaapian. (2) Jaringan pelayanan perkeretaapian dimaksud pada ayat (1), terdiri atas: a. jaringan pelayanan perkeretaapian antarkota; dan b. jaringan pelayanan perkeretaapian perkotaan.",0.382022,0.992,0.894737,False,,,,,,,,
qa-covered-0074,True,peraturan presiden|98|1945,Pasal 23,Berikan isi dokumen dari Pasal 23 dalam Peraturan Presiden Republik Indonesia No 98 Tahun 1945!,"Isi dokumen dari Pasal 23 dalam Peraturan Presiden Republik Indonesia No 98 Tahun 1945 tentang Lembaga Ketahanan Nasional Republik Indonesia:
Deputi Bidang Pengkajian Strategik mempunyai tugas menyelenggarakan pengkajian strategik permasalahan nasional, regional, dan internasional. Pasal24 Dalam melaksanakan tugas sebagaimana dimaksud dalam",found,1,kg-292ef27e1f09-cb0078b7b88ac4d0508f-0,"Isi dokumen dari Pasal 23 dalam Peraturan Presiden Republik Indonesia No 98 Tahun 1945 tentang Perubahan Atas Peraturan Presiden Nomor 10 Tahun 2019:
diubah sehingga berbunyi sebagai berikut:","Isi dokumen dari Pasal 23 dalam Peraturan Presiden Republik Indonesia No 98 Tahun 1945 tentang LEMBAGA KETAHANAN NASIONAL REPUBLIK INDONESIA:
Deputi Bidang Pengkajian Strategik mempunyai tugas menyelenggarakan pengkajian strategik permasalahan nasional, regional, dan internasional.",0.434783,0.906667,0.923077,False,,,,,,,,
qa-covered-0075,True,peraturan pemerintah|72|2009,Pasal 183,Apa bunyi dari Pasal 183 menurut Peraturan Pemerintah Republik Indonesia No 72 Tahun 2009?,(1) Asuransi kerugian yang diderita oleh pihak ketiga sebagaimana dimaksud dalam,found,1,kg-aced410a168b-7f27f499585c23f6caff-0,(1) Dalam hal terjadi perubahan data dan/atau dokumen sebagaimana dimaksud dalam,Asuransi kerugian yang diderita oleh pihak ketiga sebagaimana dimaksud dalam,0.347826,0.952381,1.0,False,,,,,,,,
qa-covered-0076,True,undang-undang|17|2008,Pasal 343,"Menurut Undang-Undang Republik Indonesia No 17 Tahun 2008, apa yang diatur dalam Pasal 343?","Rumusan Pasal berdasarkan Pasal 343 dalam Undang-Undang Republik Indonesia No 17 Tahun 2008 tentang P E L A Y A R A N:
Pelabuhan umum, pelabuhan penyeberangan, pelabuhan khusus, dan dermaga untuk kepentingan sendiri, yang tela h diselenggarakan berdasarkan Undang-Undang Nomor 21 Tahun 1992 tentang Pelayaran kegiatannya tetap dapat diselenggarakan dengan ketentuan peran, fungsi, jenis, hierarki, dan statusnya wajib disesuaikan dengan Undang- Undang ini paling lama 2 (dua) tahun sejak Undang-Undang ini berlaku.",found,1,kg-837cfb09010d-54c83ee8c5e5eed66300-0,"ayat (1) huruf a, huruf b, huruf c, huruf d, huruf e, huruf f, huruf g, huruf h, huruf i, huruf j, huruf k, huruf l, huruf m, huruf n, huruf o, huruf p, huruf q, huruf r, huruf s, huruf t, huruf u, huruf v, huruf w, huruf x, huruf y, huruf z, huruf aa, huruf ab, huruf ac, huruf ad, huruf ae, huruf af, huruf ag, huruf ah, huruf ai, huruf aj, huruf ak, huruf al, huruf am, huruf an, huruf ao, huruf ap, huruf aq, huruf ar, huruf as, huruf at, huruf au, huruf av, huruf aw, huruf ax, huruf ay, huruf az, huruf ba, huruf bb, huruf bc, huruf bd, huruf be, huruf bf, huruf bg, huruf bh, huruf bi, huruf bj, huruf bk, huruf bl, huruf bm, huruf bn, huruf bo, huruf bp, huruf bq, huruf br, huruf bs, huruf bt, huruf bu, huruf bv, huruf bw, huruf bx, huruf by, huruf bz, huruf ca, huruf cb, huruf cc, huruf cd, huruf ce, huruf cf","Berdasarkan konteks yang diberikan, Pasal 343 dalam UNDANG-UNDANG Nomor 17 Tahun 2008 tentang P E L A Y A R A N:
Pelabuhan umum, pelabuhan penyeberangan, pelabuhan khusus, dan dermaga untuk kepentingan sendiri, yang telah diselenggarakan sebelum berlakunya Undang-Undang ini, dinyatakan tetap berlaku sepanjang tidak bertentangan dengan ketentuan dalam Undang-Undang ini.",0.065041,0.661538,0.576923,False,,,,,,,,
qa-covered-0077,True,undang-undang|17|2008,Pasal 8,Tunjukkan kutipan teks dari Pasal 8 menurut Undang-Undang Republik Indonesia No 17 Tahun 2008!,"Kutipan isi Pasal sesuai teks asli dalam Pasal 8 dalam Undang-Undang Republik Indonesia No 17 Tahun 2008 tentang P E L A Y A R A N:
Ayat (1) Penggunaan kapal berbendera Indonesia oleh perusahaan angkutan laut nasional dimaksudkan dalam rangka pelaksana an asas cabotage guna melindungi kedaulatan negara (sovereignity) dan mendukung perwujudan Wawasan Nusantara serta memberikan kesempatan berusaha yang seluas-luasnya bag i perusahaan angkutan laut nasional dalam memperoleh pangs a muatan. Ayat (2) Cukup jelas.",found,1,kg-837cfb09010d-de3ccb970d05df06b786-0,"Kutipan isi Pasal sesuai teks asli dalam Pasal 8 dalam Undang-Undang Republik Indonesia No 17 Tahun 2008 tentang Perubahan Atas Undang-Undang:
ayat (1) huruf a, huruf b, huruf c, huruf d, huruf e, huruf f, huruf g, huruf h, huruf i, huruf j, huruf k, huruf l, huruf m, huruf n, huruf o, huruf p, huruf q, huruf r, huruf s, huruf t, huruf u, huruf v, huruf w, huruf x, huruf y, huruf z, huruf aa, huruf ab, huruf ac, huruf ad, huruf ae, huruf af, huruf ag, huruf ah, huruf ai, huruf aj, huruf ak, huruf al, huruf am, huruf an, huruf ao, huruf ap, huruf aq, huruf ar, huruf as, huruf at, huruf au, huruf av, huruf aw, huruf ax, huruf ay, huruf az, huruf ba, huruf bb, huruf bc, huruf bd, huruf be, huruf bf, huruf bg, huruf bh, huruf bi, huruf bj, huruf bk, huruf bl, huruf bm, huruf bn, huruf bo, huruf bp, huruf bq, huruf br, huruf bs, huruf bt","Kutipan isi Pasal sesuai konteks:
- (1) Kegiatan angkutan laut dalam negeri dilakukan oleh perusahaan angkutan laut nasional dengan menggunakan kapal berbendera Indonesia serta diawaki oleh Awak Kapal berkewarganegaraan Indonesia. - (2) Kapal asing dilarang mengangkut penumpang dan/atau barang antarpulau atau antarpelabuhan di wilayah perairan Indonesia.",0.242915,0.325203,0.882353,False,,,,,,,,
qa-covered-0078,True,peraturan presiden|12|2008,Pasal 6,Berikan isi dokumen dari Pasal 6 dalam Peraturan Presiden Republik Indonesia No 12 Tahun 2008!,"Isi dokumen dari Pasal 6 dalam Peraturan Presiden Republik Indonesia No 12 Tahun 2008 tentang Kami | Forum Diskusi | Faq |:
, Dewan SDA Nasi onal wajib menyampaikan laporan tertulis kepada Presiden paling sedikit 2 (dua) kali dalam 1 (satu) tahun. Bagian Kedua Dewan Sumber Daya Air Provinsi",found,1,kg-a53eb640e635-43592170e51465890ddd-0,"Isi dokumen dari Pasal 6 dalam Peraturan Presiden Republik Indonesia No 12 Tahun 2008 tentang Kementerian Negara, Sebagaimana Telah Diubah:
(1) Sekretariat Jenderal berada di bawah dan bertanggung jawab kepada Menteri. (2) Sekretariat Jenderal dipimpin oleh Sekretaris Jenderal.","Isi dokumen dari Pasal 6 dalam Peraturan Presiden Republik Indonesia No 12 Tahun 2008 tentang Dewan Sumber Daya Air:
Dewan SDA Nasional sebagaimana dimaksud dalam",0.433735,0.628571,0.733333,False,,,,,,,,
qa-covered-0079,True,undang-undang|44|2008,Pasal 23,Tulis isi hukum dari Pasal 23 dalam Undang-Undang Republik Indonesia No 44 Tahun 2008!,"Isi hukum dari Pasal 23 dalam Undang-Undang Republik Indonesia No 44 Tahun 2008 tentang Pornografi:
Cukup jelas.",found,1,kg-56b5cc0c3109-e368a934243995c47da3-0,"Isi hukum dari Pasal 23 dalam Undang-Undang Republik Indonesia No 44 Tahun 2008 tentang Rumah Sakit:
Cukup jelas.",[NO_CONTEXT],0.918919,0.1,0.0,False,,,,,,,,
qa-covered-0080,True,undang-undang|2|1992,Pasal 26,Sebutkan ketentuan resmi dari Pasal 26 menurut Undang-Undang Republik Indonesia No 2 Tahun 1992!,"Bacaan isi hukum Pasal berdasarkan Pasal 26 dalam Undang-Undang Republik Indonesia No 2 Tahun 1992 tentang Usaha Perasuransian:
Cukup jelas",found,1,kg-05a28c1a452e-9527f6d555246143eb20-0,"Bacaan isi hukum Pasal berdasarkan Pasal 26 dalam Undang-Undang Republik Indonesia No 2 Tahun 1992 tentang Sistem Budidaya Tanaman:
(1) Pemerintah dan pemerintah daerah wajib memberikan perlindungan terhadap tanaman budidaya dari hama dan penyakit tanaman. (2) Perlindungan sebagaimana dimaksud dalam ayat (1) dilakukan melalui pengendalian hama dan penyakit tanaman. (3) Pengendalian hama dan penyakit tanaman sebagaimana dimaksud dalam ayat (2) dilakukan dengan cara: a. pengendalian hayati; b. pengendalian mekanik; c. pengendalian kimiawi; d. pengendalian biologi. (4) Ketentuan lebih lanjut mengenai pengendalian hama dan penyakit tanaman sebagaimana dimaksud dalam ayat (3) diatur dengan Peraturan Pemerintah.","Berdasarkan konteks yang diberikan, Pasal 26 dalam UNDANG-UNDANG Nomor 2 Tahun 1992 tentang USAHA PERASURANSIAN berbunyi sebagai berikut:

UNDANG-UNDANG Nomor 2 Tahun 1992
tentang USAHA PERASURANSIAN
BAB XII - KETENTUAN PERALIHAN
Pasal 26
Peraturan perundang-undangan mengenai usaha perasuransian yang telah ada pada saat Undang-undang ini mulai berlaku, sepanjang tidak bertentangan dengan Undang-undang ini, dinyatakan tetap berlaku sampai peraturan perundang-undangan yang menggantikannya ## BAB XIII KETENTUAN PENUTUP",0.293103,0.285714,0.878049,False,,,,,,,,
qa-covered-0081,True,peraturan pemerintah|32|2009,Pasal 42,Apa saja hal yang dijelaskan dalam Pasal 42 dari Peraturan Pemerintah Republik Indonesia No 32 Tahun 2009?,"Berikut adalah isi hukum dari Pasal 42 dalam Peraturan Pemerintah Republik Indonesia No 32 Tahun 2009 tentang Tempat Penimbunan Berikat:
Ayat (1) Cukup jelas. Ayat (2) Huruf a yang dimaksud dengan ”tersortir” adalah limbah yang digunakan sebagai bahan baku yang tidak tercampur den gan jenis limbah lain dengan impuritis maksimal 3% (tiga perseratus) yang dibuktikan dengan sertifikasi surveyor da ri negara asal. Huruf b Cukup jelas. Huruf c Cukup jelas. Huruf d Cukup jelas. Huruf e Cukup jelas. Ayat (3) Cukup jelas. Ayat (4) Dalam hal kegiatan pengolahan menghasilkan limbah lain yang tidak dapat diolah, dinetralkan, atau ditangani oleh pengusa ha Kawasan Daur Ulang Berikat atau pengusaha di Kawasan D aur Ulang Berikat, izin Kawasan Daur Ulang Berikat dicabut dan yang bersangkutan dikenai sanksi sesuai dengan ketentuan per aturan perundang-undangan di bidang lingkungan hidup.",found,1,kg-a8f4ca9e338e-46666ea3da24c56d5d63-0,"Isi resmi sebagaimana tercatat dalam Pasal 42 dalam Peraturan Pemerintah Republik Indonesia No 32 Tahun 2009 tentang Perlindungan Terhadap Petemak Dan Karyawati Petemak:
Cukup jelas.","Berdasarkan konteks yang diberikan, Pasal 42 dalam Peraturan Pemerintah Republik Indonesia No 32 Tahun 2009 tentang Tempat Penimbunan Berikat:
ayat (1) huruf a, huruf b, huruf c, huruf d, huruf e, huruf f, huruf g, huruf h, huruf i, huruf j, huruf k, huruf l, huruf m, huruf n, huruf o, huruf p, huruf q, huruf r, huruf s, huruf t, huruf u, huruf v, huruf w, huruf x, huruf y, huruf z, huruf aa, huruf ab, huruf ac, huruf ad, huruf ae, huruf af, huruf ag, huruf ah, huruf ai, huruf aj, huruf ak, huruf al, huruf am, huruf an, huruf ao, huruf ap, huruf aq, huruf ar, huruf as, huruf at, huruf au, huruf av, huruf aw, huruf ax, huruf ay, huruf az, huruf ba, huruf bb, huruf bc, huruf bd, huruf be, huruf bf, huruf bg, huruf bh, huruf bi, huruf bj, huruf bk, huruf bl, huruf bm, huruf bn, huruf bo, huruf bp, huruf bq, huruf br, huruf bs, huruf bt,",0.2125,0.186667,0.105263,False,,,,,,,,
qa-covered-0082,True,undang-undang|17|2008,Pasal 145,Apa saja poin yang tercantum dalam Pasal 145 dalam Undang-Undang Republik Indonesia No 17 Tahun 2008?,"Berikut kutipan verbatim dari Pasal 145 dalam Undang-Undang Republik Indonesia No 17 Tahun 2008 tentang P E L A Y A R A N:
Setiap orang dilarang mempekerjakan seseorang di kapal dalam jabatan apa pun tanpa disijil dan tanpa memiliki kompetensi dan keterampilan serta dokumen pelaut yang dipersyaratkan.",found,1,kg-837cfb09010d-ec9dcdf662adb520fae2-0,"Berikut kutipan verbatim dari Pasal 145 dalam Undang-Undang Republik Indonesia No 17 Tahun 2008 tentang Perubahan Atas Undang-Undang:
A (1) Dalam hal terdapat perbedaan pendapat dalam pengambilan keputusan, keputusan diambil berdasarkan musyawarah untuk mufakat. (2) Dalam hal musyawarah untuk mufakat sebagaimana dimaksud pada ayat (1) tidak tercapai, keputusan diambil berdasarkan suara terbanyak. (3) Keputusan yang diambil berdasarkan suara terbanyak sebagaimana dimaksud pada ayat (2) harus mendapat dukungan sekurang-kurangnya 2/3 (dua per tiga) dari jumlah anggota yang hadir. 17. Ketentuan","Poin yang tercantum dalam Pasal 145 dalam Undang-Undang Republik Indonesia No 17 Tahun 2008 tentang Pelayaran:
Setiap orang dilarang mempekerjakan seseorang di kapal dalam jabatan apa pun tanpa disijil dan tanpa memiliki kompetensi dan keterampilan serta dokumen pelaut yang dipersyaratkan.",0.287879,0.8,0.807692,False,,,,,,,,
qa-covered-0083,True,undang-undang|43|1999,Pasal 1,Apa saja poin yang tercantum dalam Pasal 1 dalam Undang-Undang. No 43 Tahun 1999?,"Berikut kutipan verbatim dari Pasal 1 dalam Undang-Undang. No 43 Tahun 1999 tentang Perubahan Atas:
Beberapa ketentuan dalam Undang-undang Nomor 8 Tahun 1974 tentang Pokok-pokok Kepegawaian, diubah sebagai berikut 1. Judul BAB I dan ketentuan Pasal I menjadi berbunyi sebagai berikut: BAB I KETENTUAN UMUM",found,2,"kg-124baf9ba5b5-c9844639ee6dd3e26a50-0,kg-124baf9ba5b5-faf48173d422c6e74d16-0","Berikut kutipan verbatim dari Pasal 1 dalam Undang-Undang. No 43 Tahun 1999 tentang Pembentukan Kabupaten Daerah Tingkat Ii:
Dalam Undang-undang ini yang dimaksud dengan: 1. Daerah adalah Daerah Otonom sebagaimana dimaksud dalam","Poin yang tercantum dalam Pasal 1 dalam Undang-Undang. No 43 Tahun 1999 tentang Perubahan Atas Undang-Undang Nomor 8 Tahun 1974 Tentang Pokok-Pokok Kepegawaian:
Beberapa ketentuan dalam Undang-undang Nomor 8 Tahun 1974 tentang Pokok-pokok Kepegawaian, diubah sebagai berikut : 1. Judul BAB I dan ketentuan Pasal 1 menjadi berbunyi sebagai berikut: "" BAB I KETENTUAN UMUM Dalam Undang-undang ini yang dimaksud dengan :",0.439024,0.761062,0.923077,False,,,,,,,,
qa-covered-0084,True,peraturan pemerintah|76|2008,Pasal 39,Apa redaksi asli dari Pasal 39 dalam Peraturan Pemerintah Republik Indonesia No 76 Tahun 2008?,"Frasa hukum penting dalam Pasal 39 dalam Peraturan Pemerintah Republik Indonesia No 76 Tahun 2008 tentang Rehabilitasi Dan Reklamasi Hutan:
Ayat (1) Pendampingan antara lain berupa pemberian motivasi, mediasi, dan akses dalam rangka pengembangan kelembagaan. Pelayanan antara lain berupa penyediaan data dan informasi. Dukungan, antara lain, berupa bantuan teknis, dana, penyuluhan, pelatihan dan bibit tanaman sesuai dengan keperluan dan kemampuan Pemerintah atau pemerintah daerah. Ayat (2) Kegiatan rehabilitasi hutan dan lahan dengan tujuan perlindungan dan konservasi diutamakan karena adanya keuntungan sosial seperti pengendalian banjir dan kekering an, pencegahan erosi, serta pemantapan kondisi tata air.",found,1,kg-73aa438ddff7-f2fab6264146f6a93485-0,"Redaksi asli dari Pasal 39 dalam Peraturan Pemerintah Republik Indonesia No 76 Tahun 2008 tentang Perubahan Atas Peraturan Pemerintah Nomor 23 Tahun 2005:
ayat (1) huruf a, huruf b, huruf c, huruf d, huruf e, huruf f, huruf g, huruf h, huruf i, huruf j, huruf k, huruf l, huruf m, huruf n, huruf o, huruf p, huruf q, huruf r, huruf s, huruf t, huruf u, huruf v, huruf w, huruf x, huruf y, huruf z, huruf aa, huruf ab, huruf ac, huruf ad, huruf ae, huruf af, huruf ag, huruf ah, huruf ai, huruf aj, huruf ak, huruf al, huruf am, huruf an, huruf ao, huruf ap, huruf aq, huruf ar, huruf as, huruf at, huruf au, huruf av, huruf aw, huruf ax, huruf ay, huruf az, huruf ba, huruf bb, huruf bc, huruf bd, huruf be, huruf bf, huruf bg, huruf bh, huruf bi, huruf bj, huruf bk, huruf bl, huruf bm, huruf bn, huruf bo, huruf bp, huruf bq, huruf br, huruf","Redaksi asli dari Pasal 39 dalam Peraturan Pemerintah Republik Indonesia No 76 Tahun 2008 tentang Perubahan Atas Peraturan Pemerintah Nomor 18 Tahun 2006:
ayat (1) huruf b, huruf c, dan huruf d,",0.123077,0.253968,0.3,False,,,,,,,,
qa-covered-0085,True,peraturan pemerintah|72|2009,Pasal 26,Berikan bunyi asli dari Pasal 26 menurut Peraturan Pemerintah Republik Indonesia No 72 Tahun 2009!,"(1) Penyelenggara sarana perkeretaapian harus mengumumkan jadwal perjalanan kereta api yang termuat dalam Gapeka kepada masyarakat. (2) Pengumuman sebagaimana dimaksud pada ayat (1) dilaksanakan melalui media massa dan ditempel di stasiun, sebelum pemberlakuan Gapeka.",found,1,kg-aced410a168b-3f753deba831063b0941-0,"ayat (1) huruf a, huruf b, huruf c, huruf d, huruf e, huruf f, huruf g, huruf h, huruf i, huruf j, huruf k, huruf l, huruf m, huruf n, huruf o, huruf p, huruf q, huruf r, huruf s, huruf t, huruf u, huruf v, huruf w, huruf x, huruf y, huruf z, huruf aa, huruf ab, huruf ac, huruf ad, huruf ae, huruf af, huruf ag, huruf ah, huruf ai, huruf aj, huruf ak, huruf al, huruf am, huruf an, huruf ao, huruf ap, huruf aq, huruf ar, huruf as, huruf at, huruf au, huruf av, huruf aw, huruf ax, huruf ay, huruf az, huruf ba, huruf bb, huruf bc, huruf bd, huruf be, huruf bf, huruf bg, huruf bh, huruf bi, huruf bj, huruf bk, huruf bl, huruf bm, huruf bn, huruf bo, huruf bp, huruf bq, huruf br, huruf bs, huruf bt, huruf bu, huruf bv, huruf bw, huruf bx, huruf by, huruf bz, huruf ca, huruf cb, huruf cc, huruf cd, huruf ce, huruf cf","(1) Penyelenggara sarana perkeretaapian harus mengumumkan jadwal perjalanan kereta api yang termuat dalam Gapeka kepada masyarakat. (2) Pengumuman sebagaimana dimaksud pada ayat (1) dilaksanakan melalui media massa dan ditempel di stasiun, sebelum pemberlakuan Gapeka.",0.019608,1.0,1.0,False,,,,,,,,
qa-covered-0086,True,peraturan pemerintah|32|2009,Pasal 44,"Menurut Peraturan Pemerintah Republik Indonesia No 32 Tahun 2009, apa yang diatur dalam Pasal 44?","Rumusan Pasal berdasarkan Pasal 44 dalam Peraturan Pemerintah Republik Indonesia No 32 Tahun 2009 tentang Tempat Penimbunan Berikat:
(1) Izin pengusahaan di Tempat Penimbunan Berikat dibekukan dalam hal pihak yang melakukan pengusahaan: a. melakukan kegiatan yang menyimpang dari izin yang diberikan berdasarkan bukti permulaan yang cukup; atau b. menunjukkan ketidakmampuan dalam pengusahaan di Tempat Penimbunan Berikat. (2) Izin yang dibekukan sebagaimana dimaksud pada ayat (1 ) dapat diberlakukan kembali dalam hal pengusaha di Tempat Penimbunan Berikat: a. tidak terbukti melakukan kegiatan yang menyimpang dari izin yang diberikan; atau b. telah mampu kembali melakukan pengusahaan di Tempat Penimbunan Berikat. (3) Izin yang dibekukan sebagaimana dimaksud pada ayat (1 ) dapat diubah menjadi pencabutan dalam hal pengusaha di Tempat Penimbunan Berikat: a. terbukti telah melakukan kegiatan yang menyimpang dari izin yang diberikan; atau b. tidak mampu lagi melakukan pengusahaan Tempat Penimbunan Berikat tersebut.",found,1,kg-a8f4ca9e338e-9f7626e5bd4fc0d22cbe-0,Ruang lingkup pengaturan mengenai tata cara pengenaan sanksi administratif sebagaimana dimaksud dalam,"Berdasarkan konteks yang diberikan, Pasal 44 dalam Peraturan Pemerintah Republik Indonesia No 32 Tahun 2009 tentang Tempat Penimbunan Berikat diatur sebagai berikut:
(1) Izin pengusahaan di Tempat Penimbunan Berikat dibekukan dalam hal pihak yang melakukan pengusahaan: a. melakukan kegiatan yang menyimpang dari izin yang diberikan; b. tidak menyampaikan laporan berkala; c. tidak menyampaikan laporan realisasi impor barang; d. tidak menyampaikan laporan realisasi ekspor barang; e. tidak menyampaikan laporan realisasi penyerahan barang; f. tidak menyampaikan laporan realisasi penyerahan barang yang telah mendapat persetujuan ekspor; g. tidak menyampaikan laporan realisasi penyerahan barang yang telah mendapat persetujuan ekspor; h. tidak menyampaikan laporan realisasi penyerahan barang yang telah mendapat persetujuan ekspor; i. tidak menyampaikan laporan realisasi penyerahan barang yang telah mendapat persetujuan ekspor; j. tidak menyampaikan laporan realisasi penyerahan barang yang telah mendapat persetujuan ekspor; k. tidak menyampaikan laporan realisasi penyerahan barang yang telah mendapat persetujuan ekspor; l. tidak menyampaikan laporan realisasi penyerahan barang yang telah mendapat persetujuan ekspor; m. tidak menyampaikan laporan realisasi penyerahan barang yang telah mendapat persetujuan ekspor; n. tidak menyampaikan laporan realisasi penyerahan barang yang telah mendapat",0.039735,0.329114,0.165468,False,,,,,,,,
qa-covered-0087,True,peraturan presiden|12|2008,Pasal 40,"Menurut Peraturan Presiden Republik Indonesia No 12 Tahun 2008, apa yang diatur dalam Pasal 40?","Rumusan Pasal berdasarkan Pasal 40 dalam Peraturan Presiden Republik Indonesia No 12 Tahun 2008 tentang Kementerian Desa, Pembangunan Daerah Tertinggal,:
Setiap unsur di lingkungan Kementerian Desa, Pembangunan Daerah Tertinggal, dan Transmigrasi dalam melaksanakan tugasnya harus menerapkan prinsip koordinasi, integrasi, dan sinkronisasi baik dalam lingkungan Kementerian Desa, Pembangunan Daerah Tertinggal, dan Transmigrasi maupun dalam hubungan antar instansi pemerintah baik pusat maupun daerah.",found,1,kg-a53eb640e635-5e32b8adf8277e46979e-0,"Rumusan Pasal berdasarkan Pasal 40 dalam Peraturan Presiden Republik Indonesia No 12 Tahun 2008 tentang Kementerian Negara, Perlu:
(1) Deputi Bidang Koordinasi Peningkatan Daya Saing dan Kewirausahaan berada di bawah dan bertanggung jawab kepada Menteri Koordinator Bidang Perekonomian. (2) Deputi Bidang Koordinasi Peningkatan Daya Saing dan Kewirausahaan dipimpin oleh Deputi.","Rumusan Pasal berdasarkan Pasal 40 dalam KONTEKS:
- (1) Hubungan kerja antara Dewan SDA Nasional, dewan sumber daya air provinsi, dewan sumber daya air kabupaten/kota bersifat koordinatif dan konsultatif. - (2) Hubungan kerja yang bersifat koordinatif dan konsultatif sebagaimana dimaksud pada ayat (1) meliputi urusan antarwilayah administratif, antarkepentingan antarsektor, atau urusan kepentingan nasional. - (3) Dalam melaksanakan tugas sebagaimana dimaksud dalam Pasal 6, Dewan SDA Nasional dapat meminta masukan dari dewan sumber daya air provinsi dan/atau dewan sumber daya air kabupaten/kota. - (4) Dalam melaksanakan tugas sebagaimana dimaksud dalam Pasal 10 dan Pasal 14, dewan sumber daya air provinsi dan/atau dewan",0.378378,0.17284,0.955882,False,,,,,,,,
qa-covered-0088,True,peraturan pemerintah|49|2010,Pasal 1,Kutipan isi Pasal 1 menurut Peraturan Pemerintah Republik Indonesia No 49 Tahun 2010 berbunyi apa?,"Kutipan isi Pasal berbunyi: Pasal 1 dalam Peraturan Pemerintah Republik Indonesia No 49 Tahun 2010 tentang Perubahan Struktur Kepemilikan Saham Negara:
(1) Dalam rangka restrukturisasi dan/atau revitalisasi Perusahaan Perseroan (Persero) PT Waskita Karya ,yang didirikan dengan Peraturan Pemerintah Nomor 40 Tahun 1970 tentang Pengalihan Bentuk Perusahaan Negara (P .N.) Waskita Karya Menjadi Perusahaan Perseroan (Persero), dilakukan penambahan modal Perusahaan Perseroan (Persero) PT Waskita Karya dengan cara menerbitkan sah am baru sebesar Rp474.992.100.000,00 (empat ratus tujuh puluh empat miliar sembilan ratus sembilan puluh dua juta seratus ribu rupiah) dengan nilai nominal per lembar saham sebesar Rp26.655,00 (dua puluh enam ribu enam ratus lima puluh lima rupiah). (2) Saha m baru sebagaimana dimaksud pada ayat (1) tidak diambil bagian oleh Negara sehingga mengakibatkan perubahan struktur kepemilikan saham negara pada Perusahaan Perseroan (Persero) PT Waskita Karya .",found,1,kg-754fc94785e6-f592a6ad31cb1b172b98-0,"Kutipan isi Pasal berbunyi: Pasal 1 dalam Peraturan Pemerintah Republik Indonesia No 49 Tahun 2010 tentang Penambahan Penyertaan Modal Negara Republik Indonesia:
Negara Republik Indonesia melakukan penambahan penyertaan modal ke dalam modal saham Perusahaan Perseroan (Persero) PT Angkasa Pura I yang statusnya sebagai Perusahaan Perseroan (Persero) ditetapkan berdasarkan Peraturan Pemerintah Nomor 12 Tahun 1992 tentang Pengalihan Bentuk Perusahaan Umum (Perum) Angkasa Pura I Menjadi Perusahaan Perseroan (Persero).","Kutipan isi Pasal 1 dalam Peraturan Pemerintah Republik Indonesia No 49 Tahun 2010 tentang Perubahan Struktur Kepemilikan Saham Negara Melalui Penerbitan Saham Baru Pada Perusahaan Perseroan (Persero) Pt Waskita Karya:
(1) Dalam rangka restrukturisasi dan/atau revitalisasi Perusahaan Perseroan (Persero) PT Waskita Karya, yang didirikan dengan Peraturan Pemerintah Nomor 40 Tahun 1970 tentang Pengalihan Bentuk Perusahaan Negara (P.N.) Waskita Karya Menjadi Perusahaan Perseroan (Persero), dilakukan penambahan modal Perusahaan Perseroan (Persero) PT Waskita Karya dengan cara menerbitkan saham baru sebesar Rp474.992.100.000,00 (empat ratus tujuh puluh empat miliar sembilan ratus sembilan puluh dua juta seratus ribu rupiah) dengan nilai nominal per lembar saham sebesar Rp26.655,00 (dua puluh enam ribu enam ratus lima puluh lima rupiah). (2) Saham baru sebagaimana dimaksud pada ayat (1) tidak diambil bagian oleh Negara sehingga mengakibatkan perubahan struktur kepemilikan saham negara pada Perusahaan Perseroan (Persero) PT Waskita Karya.",0.405797,0.933798,0.965517,False,,,,,,,,
qa-covered-0089,True,undang-undang|23|1992,Pasal 22,Jelaskan kutipan resmi dari Pasal 22 menurut Undang-Undang Republik Indonesia No 23 Tahun 1992!,"Kutipan resmi dari Pasal 22 dalam Undang-Undang Republik Indonesia No 23 Tahun 1992 tentang Kesehatan:
ayat (4); 3. menyelenggarakan tempat kerja yang tidak memenuhi ketentuan sebagaimana dimaksud dalam",found,1,kg-951fa5b4b41b-fd82a3a3c2681f955103-0,"Kutipan resmi dari Pasal 22 dalam Undang-Undang Republik Indonesia No 23 Tahun 1992 tentang Perlindungan Anak:
Cukup jelas","Kutipan resmi dari Pasal 22 dalam Undang-Undang Republik Indonesia No 23 Tahun 1992 tentang Kesehatan:
(1) Kesehatan lingkungan diselenggarakan untuk mewujudkan kualitas lingkungan yang sehat. (2) Kesehatan lingkungan dilaksanakan terhadap tempat umum, lingkungan pemukiman, lingkungan kerja, angkutan umum, dan lingkungan lainnya. (3) Kesehatan lingkungan meliputi penyehatan air dan udara, pengamanan limbah padat, limbah cair, limbah gas, radiasi dan kebisingan, pengendalian vektor penyakit, dan penyehatan atau pengamanan lainnya. (4) Setiap tempat atau sarana pelayanan umum wajib memelihara dan meningkatkan lingkungan yang sehat sesuai dengan standar dan persyaratan. (5) Ketentuan mengenai penyelenggaraan kesehatan lingkungan sebagaimana dimaksud dalam ayat (1), ayat (2), ayat (3), dan ayat (4) ditetapkan dengan Peraturan Pemerintah.",0.625,0.376812,0.942029,False,,,,,,,,
qa-covered-0090,True,keputusan presiden|27|2006,Pasal 9,Jelaskan kutipan resmi dari Pasal 9 menurut Keputusan Presiden Republik Indonesia No 27 Tahun 2006!,"Kutipan resmi dari Pasal 9 dalam Keputusan Presiden Republik Indonesia No 27 Tahun 2006 tentang Pembentukan Pengadila N Negeri Airmadidi:
Keputusan Presiden ini mulai be rlaku pada tanggal ditetapkan. Ditetapkan di Jakarta pada tanggal 12 Desember 2006 PRESIDEN REPUBLIK INDONESIA, ttd. DR. H. SUSILO BAMBANG YUDHOYONO Salinan sesuai dengan aslinya Deputi Sekretaris Kabinet Bidang Hukum, Lambock V. Nahattands",found,1,kg-dfee6280a376-9efea19c8c25ee81567e-0,"Kutipan resmi dari Pasal 9 dalam Keputusan Presiden Republik Indonesia No 27 Tahun 2006 tentang Tunjangan Jabatan Fungsional:
Keputusan Presiden ini mulai berlaku pada tanggal ditetapkan. Ditetapkan di Jakarta pada tanggal 27 Juni 2006 PRESIDEN REPUBLIK INDONESIA, ttd. DR. H. SUSILO BAMBANG YUDHOYONO Salinan sesuai dengan aslinya Deputi Sekretaris Kabinet Bidang Hukum, ttd Lambock V. Nahattands","Kutipan resmi dari Pasal 9 dalam Keputusan Presiden Republik Indonesia No 27 Tahun 2006 tentang Pembentukan Pengadilan Negeri Airmadidi:
Keputusan Presiden ini mulai berlaku pada tanggal ditetapkan. Salinan sesuai dengan aslinya Deputi Sekretaris Kabinet Bidang Hukum, Lambock V. Nahattands",0.859649,0.762887,0.928571,False,,,,,,,,
qa-covered-0091,True,peraturan pemerintah|72|2009,Pasal 97,Sampaikan isi hukum dalam Pasal 97 dari Peraturan Pemerintah Republik Indonesia No 72 Tahun 2009!,"Ketentuan hukum dalam Pasal 97 dalam Peraturan Pemerintah Republik Indonesia No 72 Tahun 2009 tentang Lalu Lintas Dan Angkutan Kereta Api:
Perjalanan kereta api dapat dialihkan apabila terjadi rintan g jalan pada jalur kereta api yang akan dilalui dan diperkira kan waktu yang diperlukan untuk mengatasi rintang jalan melebihi atau sama dengan waktu tempuh perjalanan keret a api pada jalur kereta api yang akan dialihkan.",found,1,kg-aced410a168b-ed97be264f3ece5304c9-0,"Ketentuan hukum dalam Pasal 97 dalam Peraturan Pemerintah Republik Indonesia No 72 Tahun 2009 tentang Jenis Dan Tarif Atas Jenis Penerimaan Negara Bukan Pajak:
Cukup jelas.","Ketentuan dalam Pasal 97 dalam Peraturan Pemerintah Republik Indonesia No 72 Tahun 2009 tentang Lalu Lintas Dan Angkutan Kereta Api:
Perjalanan kereta api dapat dialihkan apabila terjadi rintang jalan pada jalur kereta api yang akan dilalui dan diperkirakan waktu yang diperlukan untuk mengatasi rintang jalan melebihi atau sama dengan waktu tempuh perjalanan kereta api pada jalur kereta api yang akan dialihkan.",0.351648,0.920635,0.953488,False,,,,,,,,
qa-covered-0092,True,peraturan pemerintah|21|2000,Pasal 2,Apa frasa hukum dalam Pasal 2 dari Peraturan Pemerintah Repub Lik Indonesia No 21 Tahun 2000?,"Frasa hukum dalam Pasal 2 dalam Peraturan Pemerintah Repub Lik Indonesia No 21 Tahun 2000 tentang Penambahan Penyertaan Modal Negara Republik Indonesia:
(1) Penambahan penyertaan modal Negara Republik Indonesia sebagaimana dimaksud dalam",found,1,kg-8a226186d582-22acb2500192afb19c35-0,"Frasa hukum dalam Pasal 2 dalam Peraturan Pemerintah Repub Lik Indonesia No 21 Tahun 2000 tentang Penambahan Penyertaan Modal Negara Republik Indonesia:
(1) Nilai penambahan penyertaan modal Negara sebagaimana dimaksud dalam","Frasa hukum dalam Pasal 2 dalam Peraturan Pemerintah Repub Lik Indonesia No 21 Tahun 2000 tentang Penambahan Penyertaan Modal Negara Republik Indonesia Ke Dalam Modal Saham Perusahaan Perseroan (Persero) Pt Konversi Energi Abadi (Pt Koneba):
(1) Penambahan penyertaan modal Negara Republik Indonesia sebagaimana dimaksud dalam",0.952381,0.831169,0.870968,False,,,,,,,,
qa-covered-0093,True,peraturan presiden|12|2008,Pasal 7,Tunjukkan kutipan teks dari Pasal 7 menurut Peraturan Presiden Republik Indonesia No 12 Tahun 2008!,"Kutipan isi Pasal sesuai teks asli dalam Pasal 7 dalam Peraturan Presiden Republik Indonesia No 12 Tahun 2008 tentang Kami | Forum Diskusi | Faq |:
Untuk melaksanakan tugas sebagaimana dimaksud dalam",found,1,kg-a53eb640e635-c798acfca916e77e8d61-0,"Kutipan isi Pasal sesuai teks asli dalam Pasal 7 dalam Peraturan Presiden Republik Indonesia No 12 Tahun 2008 tentang Kementerian Negara, Perlu:
(1) Sekretariat Jenderal berada di bawah dan bertanggung jawab kepada Menteri. (2) Sekretariat Jenderal dipimpin oleh Sekretaris Jenderal.","Kutipan isi Pasal sesuai teks asli dalam Pasal 7 dalam Peraturan Presiden Republik Indonesia No 12 Tahun 2008 tentang Dewan Sumber Daya Air:
Untuk melaksanakan tugas sebagaimana dimaksud dalam",0.550725,0.862069,0.647059,False,,,,,,,,
qa-covered-0094,True,peraturan pemerintah|32|2011,Pasal 65,Berikan bunyi asli dari Pasal 65 menurut Peraturan Pemerintah Republik Indonesia No 32 Tahun 2011!,(1) Pembatasan lalu lintas kendaraan perseorangan sebagaimana dimaksud dalam,found,1,kg-6463251901b2-1c5068a16ecee45f9f98-0,"ayat (1) huruf a, huruf b, huruf c, huruf d, huruf e, huruf f, huruf g, huruf h, huruf i, huruf j, huruf k, huruf l, huruf m, huruf n, huruf o, huruf p, huruf q, huruf r, huruf s, huruf t, huruf u, huruf v, huruf w, huruf x, huruf y, huruf z, huruf aa, huruf ab, huruf ac, huruf ad, huruf ae, huruf af, huruf ag, huruf ah, huruf ai, huruf aj, huruf ak, huruf al, huruf am, huruf an, huruf ao, huruf ap, huruf aq, huruf ar, huruf as, huruf at, huruf au, huruf av, huruf aw, huruf ax, huruf ay, huruf az, huruf ba, huruf bb, huruf bc, huruf bd, huruf be, huruf bf, huruf bg, huruf bh, huruf bi, huruf bj, huruf bk, huruf bl, huruf bm, huruf bn, huruf bo, huruf bp, huruf bq, huruf br, huruf bs, huruf bt, huruf bu, huruf bv, huruf bw, huruf bx, huruf by, huruf bz, huruf ca, huruf cb, huruf cc, huruf cd, huruf ce, huruf cf","Pembatasan lalu lintas kendaraan perseorangan sebagaimana dimaksud dalam Pasal 64 dilakukan apabila pada jalan, kawasan, atau koridor memenuhi kriteria paling sedikit:
- a. memiliki perbandingan volume lalu lintas kendaraan bermotor dengan kapasitas jalan pada salah satu jalur jalan sama dengan atau lebih besar dari 0,7 (nol koma tujuh);
- b. hanya dapat dilalui kendaraan dengan kecepatan rata-rata pada jam puncak kurang dari 30 (tiga puluh) km/jam; dan
- c. tersedia jaringan dan pelayanan angkutan umum dalam trayek yang memenuhi standar pelayanan minimal pada jalan, kawasan, atau koridor yang bersangkutan.
- (2) Pemberlakuan pembatasan lalu lintas selain memenuhi kriteria sebagaimana dimaksud pada ayat (1) harus memenuhi kriteria paling sedikit:
- a. memiliki perbandingan volume lalu lintas kendaraan bermotor dengan kapasitas jalan pada salah satu jalur jalan sama dengan atau lebih besar dari 0,7 (nol koma tujuh); dan
- b. hanya dapat dilalui kendaraan dengan kecepatan rata-rata pada jam puncak kurang dari 30 (tiga puluh) km/jam.",0.011173,0.110429,1.0,False,,,,,,,,
qa-covered-0095,True,peraturan pemerintah|76|2008,Pasal 30,Apa isi dari Pasal 30 dalam Peraturan Pemerintah Republik Indonesia No 76 Tahun 2008?,"Ayat (1) Cukup jelas. Ayat (2) Huruf a Kegiatan perawatan antara lain meliputi : a. perawatan tanaman berupa penyiangan, pendangiran, penyulaman dan pemupukan; dan b. perawatan bangunan konservasi tanah berupa perbaikan, penyempurnaan, dan menjaga stabilitas bangunan konservasi tanah. Huruf b Yang dimaksud dengan “pengendalian hama dan penyakit” adalah perlakuan terhadap tanaman dari gangguan hama dan penyakit dengan penggunaan pestisida dan insektisida selektif seperti fungisida, herbisida, insektisida spektrum terbatas, serta perlakuan fisik manual khususnya untuk hama hewan besar.",found,1,kg-73aa438ddff7-1a8f3e9c84063060e8b2-0,(1) Dalam hal hasil pemeriksaan sebagaimana dimaksud dalam,Pemeliharaan tanaman sebagaimana dimaksud dalam,0.047619,0.049383,1.0,False,,,,,,,,
qa-covered-0096,True,peraturan pemerintah|72|2009,Pasal 152,Berikan isi dokumen dari Pasal 152 dalam Peraturan Pemerintah Republik Indonesia No 72 Tahun 2009!,"Isi dokumen dari Pasal 152 dalam Peraturan Pemerintah Republik Indonesia No 72 Tahun 2009 tentang Lalu Lintas Dan Angkutan Kereta Api:
Ketentuan lebih lanjut mengenai tata cara perhitungan da n penetapan tarif angkutan orang diatur dengan peraturan Menteri. Paragraf 3 Tarif Angkutan Barang",found,1,kg-aced410a168b-34ad0d1bd289e0499d48-0,"Isi dokumen dari Pasal 152 dalam Peraturan Pemerintah Republik Indonesia No 72 Tahun 2009 tentang Jenis Dan Tarif Atas Jenis Penerimaan Negara Bukan Pajak:
Cukup jelas.",[NO_CONTEXT],0.492754,0.044444,0.0,False,,,,,,,,
qa-covered-0097,True,undang-undang|17|2008,Pasal 176,Apa saja elemen/komponen yang dibahas dalam Pasal 176 dari Undang-Undang Republik Indonesia No 17 Tahun 2008?,"Isi resmi sebagaimana tercatat dalam Pasal 176 dalam Undang-Undang Republik Indonesia No 17 Tahun 2008 tentang P E L A Y A R A N:
Ayat (1) Cukup jelas. Ayat (2) Yang dimaksud dengan “kapal tertentu” adalah kapal pera ng, kapal negara, kapal rumah sakit, kapal yang memasuki suat u pelabuhan khusus untuk keperluan meminta pertolongan at au kapal yang memberi pertolongan jiwa manusia, kapal yang melakukan percobaan berlayar, dan kapal swasta yang mela kukan tugas pemerintahan.",found,1,kg-837cfb09010d-31b5f5a4e94579eb24fd-0,"Isi resmi sebagaimana tercatat dalam Pasal 176 dalam Undang-Undang Republik Indonesia No 17 Tahun 2008 tentang Perubahan Atas Undang-Undang:
A (1) Dalam hal terdapat perbedaan pendapat dalam pengambilan keputusan, keputusan diambil berdasarkan musyawarah untuk mufakat. (2) Dalam hal musyawarah untuk mufakat sebagaimana dimaksud pada ayat (1) tidak tercapai, keputusan diambil berdasarkan suara terbanyak. (3) Keputusan yang diambil berdasarkan suara terbanyak sebagaimana dimaksud pada ayat (2) harus mendapat dukungan sekurang-kurangnya 2/3 (dua per tiga) dari jumlah anggota yang hadir. 11. Ketentuan","Elemen/komponen yang dibahas dalam Pasal 176 dalam Undang-Undang Republik Indonesia No 17 Tahun 2008 tentang Pelayaran:
- (1) Kapal yang berlayar di perairan Indonesia dikenai biaya pemanfaatan Sarana Bantu Navigasi-Pelayaran yang merupakan Penerimaan Negara Bukan Pajak. - (2) Biaya pemanfaatan Sarana Bantu Navigasi-Pelayaran tidak dikenakan bagi kapal negara dan kapal tertentu.",0.320988,0.381679,0.891892,False,,,,,,,,
qa-covered-0098,True,peraturan menteri|7|2006,Pasal 10,Uraikan teks hukum dari Pasal 10 menurut Peraturan Menteri Keuangan Republik Indonesia No 7 Tahun 2006!,"Teks hukum dari Pasal 10 dalam Peraturan Menteri Keuangan Republik Indonesia No 7 Tahun 2006 tentang Tata Cara Pengajuan Permohonan:
(1) PKBSI digunakan oleh pemohon sebagai acuan untuk kesamaan keasalan barang antara pemohon dan Pejabat Bea dan Cukai pada saat pengajuan Pemberitahuan Pabean impor. (2) PKBSI sebagaimana dimaksud pada ayat (1) dilampirkan pada saat penyerahan Pemberitahuan Pabean impor.",found,1,kg-00dd4dc49ca1-dda42c32a951f13aaeff-0,"Teks hukum dari Pasal 10 dalam Peraturan Menteri Keuangan Republik Indonesia No 7 Tahun 2006 tentang Perubahan Kedua Atas Peraturan Menteri Keuangan:
ayat (1) huruf b, huruf c, huruf d, huruf e, huruf f, huruf g, huruf h, huruf i, huruf j, huruf k, huruf l, huruf m, huruf n, huruf o, huruf p, huruf q, huruf r, huruf s, huruf t, huruf u, huruf v, huruf w, huruf x, huruf y, huruf z, huruf aa, huruf ab, huruf ac, huruf ad, huruf ae, huruf af, huruf ag, huruf ah, huruf ai, huruf aj, huruf ak, huruf al, huruf am, huruf an, huruf ao, huruf ap, huruf aq, huruf ar, huruf as, huruf at, huruf au, huruf av, huruf aw, huruf ax, huruf ay, huruf az, huruf ba, huruf bb, huruf bc, huruf bd, huruf be, huruf bf, huruf bg, huruf bh, huruf bi, huruf bj, huruf bk, huruf bl, huruf bm, huruf bn, huruf bo, huruf bp, huruf bq, huruf br, huruf bs, huruf bt, huruf bu, huruf bv,","Teks hukum dari Pasal 10 dalam Peraturan Menteri Keuangan Republik Indonesia No 7 Tahun 2006 tentang Perubahan Atas Peraturan Menteri Keuangan:
ayat (1) huruf a, huruf b, huruf c, huruf d, huruf e, huruf f, huruf g, huruf h, huruf i, huruf j, huruf k, huruf 1, huruf m, huruf n, huruf o, huruf p, huruf q, huruf r, huruf s, huruf t, huruf u, huruf v, huruf w, huruf x, huruf y, huruf z, huruf aa, huruf ab, huruf ac, huruf ad, huruf ae, huruf af, huruf ag, huruf ah, huruf ai, huruf aj, huruf ak, huruf al, huruf am, huruf an, huruf ao, huruf ap, huruf aq, huruf ar, huruf as, huruf at, huruf au, huruf av, huruf aw, huruf ax, huruf ay, huruf az, huruf ba, huruf bb, huruf bc, huruf bd, huruf be, huruf bf, huruf bg, huruf bh, huruf bi, huruf bj, huruf bk, huruf bl, huruf bm, huruf bn, huruf bo, huruf bp, huruf bq, huruf br, huruf bs, huruf bt, huruf bu,",0.157895,0.167401,0.137931,False,,,,,,,,
qa-covered-0099,True,peraturan pemerintah|72|2009,Pasal 11,Apa saja hal yang dijelaskan dalam Pasal 11 dari Peraturan Pemerintah Republik Indonesia No 72 Tahun 2009?,"Berikut adalah isi hukum dari Pasal 11 dalam Peraturan Pemerintah Republik Indonesia No 72 Tahun 2009 tentang Lalu Lintas Dan Angkutan Kereta Api:
ayat (3) dan lintas pelayanan kereta api yang berada pada jaringan jalur kereta api provinsi ditetapkan oleh gubernur.",found,1,kg-aced410a168b-daef36b756cc1e4266b9-0,"Isi resmi sebagaimana tercatat dalam Pasal 11 dalam Peraturan Pemerintah Republik Indonesia No 72 Tahun 2009 tentang Jenis Dan Tarif Atas Jenis Penerimaan Negara Bukan Pajak:
Cukup jelas.","Berdasarkan konteks yang diberikan, Pasal 11 dalam Peraturan Pemerintah Republik Indonesia No 72 Tahun 2009 tentang Lalu Lintas Dan Angkutan Kereta Api:
ayat (1) huruf a dan huruf b,",0.405797,0.6,0.615385,False,,,,,,,,
qa-covered-0100,True,peraturan pemerintah|32|2011,Pasal 21,Apa yang tertulis dalam Pasal 21 dalam Peraturan Pemerintah Republik Indonesia No 32 Tahun 2011?,"Tertulis dalam Pasal 21 dalam Peraturan Pemerintah Republik Indonesia No 32 Tahun 2011 tentang Manajemen Dan Rekayasa, Analisis Dampak,:
Cukup jelas.",found,1,kg-6463251901b2-8fb9eb01e8191090c42c-0,"Tertulis dalam Pasal 21 dalam Peraturan Pemerintah Republik Indonesia No 32 Tahun 2011 tentang Pelayanan Meteo Rologi, Klimatologi, Dan Geofi Sika:
Cukup jelas.","Berdasarkan konteks yang diberikan, Pasal 21 dalam Peraturan Pemerintah Republik Indonesia No 32 Tahun 2011 tentang Pelayanan Darah:
ayat (1) huruf a, dilakukan oleh: a. menteri yang bertanggung jawab di bidang sarana dan prasarana lalu lintas dan angkutan jalan melalui penetapan rencana kebijakan lalu lintas yang berlaku pada setiap ruas jalan dan/atau persimpangan di jalan nasional; b. menteri yang bertanggung jawab di bidang jalan, meliputi penetapan rencana kebijakan pengaturan penggunaan jaringan jalan dan gerakan lalu lintas melalui penetapan kelas jalan nasional; dan c. gubernur, meliputi penetapan rencana kebijakan pengaturan penggunaan jaringan jalan dan gerakan lalu lintas melalui penetapan kelas jalan provinsi. (2) Penetapan rencana kebijakan pengaturan penggunaan jaringan jalan dan gerakan lalu lintas sebagaimana dimaksud pada ayat (1) dilakukan dengan memperhatikan: a. rencana induk jaringan jalan; b. rencana induk gerakan lalu lintas; c. rencana induk jaringan jalan dan rencana induk gerakan lalu lintas; dan d. rencana induk jaringan jalan dan rencana induk gerakan lalu lintas. (3) Penetapan rencana kebijakan pengaturan penggunaan jaringan jalan dan gerakan lalu lintas sebagaimana dimaksud pada ayat (1) dilakukan dengan memperhatikan: a. rencana induk jaringan jalan; b. rencana induk gerakan lalu lintas; c. rencana induk jaringan jalan dan rencana induk gerakan lalu lintas;",0.772727,0.118721,0.856164,False,,,,,,,,
qa-missing-0001,False,peraturan menteri|55|2014,Pasal 84,Apa isi legal dari Pasal 84 dalam Peraturan Menteri Agama Republik Indonesia No 55 Tahun 2014?,"Isi legal dari Pasal 84 dalam Peraturan Menteri Agama Republik Indonesia No 55 Tahun 2014 tentang Statuta Sekolah Tinggi Agama Islam Negeri:
(1)Ketua memiliki kewenangan pelaksanaan anggaran Sekolah Tinggi sesuai dengan ketentuan peraturan perundang -undangan. (2)Ketua menjalankan kewenangannya dalam pelaksanaan anggaran Sekolah Tinggi sebagaimana dimaksud pada ayat (1) secara bertanggung jawab, akuntabel dan transparan. (3)Dalam menjalankan kewenangannya sebagaimana dimaksud pada ayat (2) Ketua dibantu pengelola keuangan Sekolah Tinggi yangwajib menatausahakan dan mempertanggungjawabkan sesuai dengan kebutuhan Sekolah Tinggi berdasarkan ketentuan peraturan perundang -undangan.",not_found,0,,"Isi legal dari Pasal 84 dalam Peraturan Menteri Agama Republik Indonesia No 55 Tahun 2014 tentang Statuta Institut Agama Islam Negeri Palu:
(1)Ketua dan Sekretaris Lembaga diangkat dan diberhentikan oleh Rektor. (2)Masa jabatan Ketua dan Sekretaris Lembaga mengikuti masa jabatan Rektor dan dapat diangkat kembali dengan ketentuan tidak boleh lebih dari 2 (dua) kali masa jabatan berturut -turut. (3)Ketua dan Sekretaris Lembaga dapat dipilih kembali dengan ketentuan tidak boleh lebih dari 2 (dua) kali masa jabatan dalam jabatan yang sama.",[NO_CONTEXT],0.404762,0.022989,,False,True,,,,,,,
qa-missing-0002,False,peraturan menteri|15|2020,Pasal 258,Sampaikan isi hukum dalam Pasal 258 dari Peraturan Menteri No 15 Tahun 2020!,"Ketentuan hukum dalam Pasal 258 dalam Peraturan Menteri No 15 Tahun 2020 tentang Organisasi Dan Tata Kerja:
(1) Pusat Data dan Informasi Desa, Daerah Tertinggal, dan Transmigrasi merupakan unit organisasi Badan Pengembangan dan Informasi Desa, Daerah Tertinggal, dan Transmigrasi di bidang pengelolaan data dan informasi pembangu nan desa dan perdesaan, daerah tertinggal, dan transmigrasi. (2) Pusat Data dan Informasi Desa, Daerah Tertinggal, dan Transmigrasi sebagaimana dimaksud pada ayat (1) dipimpin oleh Kepala Pusat yang berada di bawah dan bertanggung jawab kepada Kepala Badan.",not_found,0,,"Ketentuan hukum dalam Pasal 258 dalam Peraturan Menteri No 15 Tahun 2020 tentang Uraian Fungsi Organisasi Jabatan Pimpinan Tingg I Pratama:
Kelompok substansi fasilitasi pengembangan kelembagaan dan kerja sama sebagaimana dimaksud dalam",[NO_CONTEXT],0.330435,0.023529,,False,True,,,,,,,
qa-missing-0003,False,peraturan menteri|107|1945,Pasal 36,Apa isi legal dari Pasal 36 dalam Peraturan Menteri Keuangan Republik Indonesia No 107 Tahun 1945?,"Isi legal dari Pasal 36 dalam Peraturan Menteri Keuangan Republik Indonesia No 107 Tahun 1945 tentang Penerbitan Dan Penjualan Surat Berharga Syariah Negara:
Segala biaya yang timbul dalam rangka pelaksanaan penerbitan dan penjualan SBSN dengan cara Private Placement , baik yang dilaksanakan secara langs ung oleh Pemerintah maupun melalui Perusahaan Penerbit SBSN, dibebankan pada Anggaran Pendapatan dan Belanja Negara. BAB VIII PENUTUP",not_found,0,,"Isi legal dari Pasal 36 dalam Peraturan Menteri Keuangan Republik Indonesia No 107 Tahun 1945 tentang Tarif Layanan Badan Layanan Umum:
(1) Terhadap mahasiswa tertentu dapat diberikan tarif layanan sampai dengan 0% (nol persen) dari tarif layanan akademik sebagaimana dimaksud dalam","Isi legal dari Pasal 36 dalam Peraturan Menteri Keuangan Republik Indonesia No 107 Tahun 1945 tentang Tarif Layanan Badan Layanan Umum:
(1) Terhadap mahasiswa tertentu dapat diberikan tarif layanan sampai dengan Rp0,00 (nol rupiah) dari tarif layanan akademik sebagaimana dimaksud dalam",0.352941,0.349515,,False,False,,,,,,,
qa-missing-0004,False,peraturan menteri|15|2020,Pasal 138,Apa yang tertulis dalam Pasal 138 dalam Peraturan Menteri No 15 Tahun 2020?,"Tertulis dalam Pasal 138 dalam Peraturan Menteri No 15 Tahun 2020 tentang Organisasi Dan Tata Kerja:
(1) Direktorat Penyerasian Rencana dan Program Percepatan Pembangunan Daerah Tertinggal merupakan unit organisasi Direktorat Jenderal Percepatan Pembangunan Daerah Tertinggal di bidang penyerasian rencana dan program percepatan pembangunan daerah tertinggal. (2) Direktorat Penyerasian Rencana dan Program Percepatan Pembangunan Daerah Tertinggal sebagaimana dimaksud pada ayat (1) dipimpin oleh Direktur yang berada di bawah dan bertanggung jawab kepada Direktur Jenderal.",not_found,0,,"Tertulis dalam Pasal 138 dalam Peraturan Menteri No 15 Tahun 2020 tentang Uraian Fungsi Organisasi Jabatan Pimpinan Tingg I Pratama:
Kelompok substansi penyusunan kebijakan teknis, rencana, dan program sebagaimana dimaksud dalam",[NO_CONTEXT],0.346154,0.026667,,False,True,,,,,,,
qa-missing-0005,False,peraturan daerah provinsi|10|1956,Pasal 1,Tulis isi hukum dari Pasal 1 dalam Peraturan Daerah Provinsi Sumatera Utara No 10 Tahun 1956!,"Isi hukum dari Pasal 1 dalam Peraturan Daerah Provinsi Sumatera Utara No 10 Tahun 1956 tentang Anggaran Pendapatan Dan Bei,Anja Daerah Provinsi Sumatera Utara:
Anggaran Pendapatan dan Belanja Daerah Provinsi Sumatera adalah sebagai berikut : 1. Pendapatan 2. Belanja Surplus/ (Defrsit) setelah Perubahan 3. Pembiayaan: a. Penerimaan b. Pengeluaran Jumlah Pembiayaan Netto Sisa lebih pembiayaan anggaran tahun berkenaan a. Pendapatan Asli Daerah b. Dana Perimbangan c. Lain-lain Pendapatan Daerah Yang Sah",not_found,0,,"Isi hukum dari Pasal 1 dalam Peraturan Daerah Provinsi Sumatera Utara No 10 Tahun 1956 tentang Pemerintahan Daerah,:
Dalam Peraturan Daerah ini yang dimaksud dengan : 1. Daerah adalah Provinsi Sumatera Utara. 2. Pemerintah Daerah adalah Gubernur dan Perangkat Daerah sebagai unsur penyelenggara Pemerintahan Daerah. 3. Gubernur adalah Gubernur Sumatera Utara. 4. Dewan Perwakilan Rakyat Daerah yang selanjutnya disebut DPRD adalah Dewan Perwakilan Rakyat Daerah Provinsi Sumatera Utara. 5. Pemerintah adalah Pemerintah Republik Indonesia. 6. Pemerintah Pusat adalah Pemerintah Republik Indonesia. 7. Badan adalah Badan Usaha Milik Daerah. 8. Badan Usaha Milik Daerah yang selanjutnya disebut BUMD adalah Badan Usaha Milik Daerah Provinsi Sumatera Utara. 9. Badan Usaha Milik Daerah yang selanjutnya disebut BUMD adalah Badan Usaha Milik Daerah Provinsi Sumatera Utara. 10. Badan Usaha Milik Daerah yang selanjutnya disebut BUMD adalah Badan Usaha Milik Daerah Provinsi Sumatera Utara. 11. Badan Usaha Milik Daerah yang selanjutnya disebut BUMD adalah Badan Usaha Milik Daerah Provinsi Sumatera Utara. 12. Badan Usaha Milik Daerah yang selanjutnya disebut BUMD adalah Badan Usaha Milik Daerah Provinsi Sumatera Utara","Isi hukum dari Pasal 1 dalam Peraturan Daerah Provinsi Sumatera Utara No 10 Tahun 1956 tentang Pembentukan:
Dalam Peraturan Daerah ini yang dimaksud dengan: 1. Daerah adalah Provinsi Sumatera Utara. 2. Pemerintah Daerah adalah Gubernur dan Perangkat Daerah sebagai unsur penyelenggara Pemerintahan Daerah. 3. Gubernur adalah Gubernur Sumatera Utara. 4. Dewan Perwakilan Rakyat Daerah yang selanjutnya disebut DPRD adalah Dewan Perwakilan Rakyat Daerah Provinsi Sumatera Utara. 5. Badan Adat adalah Badan Adat yang dibentuk berdasarkan Undang-Undang Nomor 11 Tahun 1956 tentang Pembentukan Daerah Otonom Propinsi Sumatera Utara, dengan Peraturan Daerah ini. 6. Badan Adat Aceh adalah Badan Adat yang dibentuk berdasarkan Undang-Undang Nomor 12 Tahun 1956 tentang Pembentukan Daerah Otonom Propinsi Sumatera Barat, dengan Peraturan Daerah ini. 7. Badan Adat Sumatera Utara adalah Badan Adat yang dibentuk berdasarkan Undang-Undang Nomor 13 Tahun 1956 tentang Pembentukan Daerah Otonom Propinsi Sumatera Tengah, dengan Peraturan Daerah ini. 8. Badan Adat Sumatera Barat adalah Badan Adat yang dibentuk berdasarkan Undang-Undang Nomor 14 Tahun 1956 tentang Pemb",0.262295,0.277311,,False,False,,,,,,,
qa-missing-0006,False,peraturan menteri|25|2017,Pasal 54,Apa saja elemen/komponen yang dibahas dalam Pasal 54 dari Peraturan Menteri Sosial Republik Indonesia No 25 Tahun 2017?,"Isi resmi sebagaimana tercatat dalam Pasal 54 dalam Peraturan Menteri Sosial Republik Indonesia No 25 Tahun 2017 tentang Lembaga Konsultasi Kesejahteraan Keluarga:
Ketentuan lebih lanjut mengenai penetapan tipologi dan tata cara penghitungan nilai tipologi sebagaimana dimaksud dalam",not_found,0,,"Isi resmi sebagaimana tercatat dalam Pasal 54 dalam Peraturan Menteri Sosial Republik Indonesia No 25 Tahun 2017 tentang Standar Nasional Rehabilitasi Sosial:
(1) Rehabilitasi Sosial melalui kegiatan sebagaimana dimaksud dalam",[NO_CONTEXT],0.626866,0.051282,,False,True,,,,,,,
qa-missing-0007,False,peraturan menteri|19|2022,Pasal 43,"Sebutkan ketentuan resmi dari Pasal 43 menurut Peraturan Menteri Perindustrian Republik Indonesia, No 19 Tahun 2022!","Bacaan isi hukum Pasal berdasarkan Pasal 43 dalam Peraturan Menteri Perindustrian Republik Indonesia, No 19 Tahun 2022 tentang Statuta Politeknik Aka Bogor:
ayat (2) huruf c mempunyai tugas: a. memberikan pelayanan berkaitan dengan surat pengantar perusahaan, surat pembimbing prak tik kerja industri, surat pembimbing tugas akhir; dan b. mengelola dokumen berkaitan dengan seminar dan sidang.",not_found,0,,"Bacaan isi hukum Pasal berdasarkan Pasal 43 dalam Peraturan Menteri Perindustrian Republik Indonesia, No 19 Tahun 2022 tentang Statuta Politeknik Sttt Bandung:
(1) Direktur diangkat dan diberhentikan oleh Menteri. (2) Masa jabatan Direktur selama 4 (empat) tahun dan dapat diangkat kembali untuk 1 (satu) kali masa jabatan.",[NO_CONTEXT],0.45098,0.035088,,False,True,,,,,,,
qa-missing-0008,False,peraturan gubernur|24|2015,Pasal 35,Apa yang tertulis dalam Pasal 35 dalam Peraturan Gubernur Riau No 24 Tahun 2015?,"Tertulis dalam Pasal 35 dalam Peraturan Gubernur Riau No 24 Tahun 2015 tentang Rincian Tugas, Fungs I Dan Tatakerja:
Dengan berlakunya Peraturan Gubernur ini, maka segala Peraturan yang mengatur tentang uraian t ugas pokok Dinas Perindustrian dan Perdagangan Provinsi Riau serta peraturan lain nya yang bertentangan dengan Peraturan Gubernur ini dicabut dan dinyatakan tidak berlaku.",not_found,0,,"Tertulis dalam Pasal 35 dalam Peraturan Gubernur Riau No 24 Tahun 2015 tentang Rincian Tugas, Fungsi Dan Tatakerja:
Bidang Perencanaan dan Pengadaan Barang/Jasa terdiri atas : a. Seksi Perencanaan dan Pengadaan Barang/Jasa I; b. Seksi Perencanaan dan Pengadaan Barang/Jasa II; dan c. Seksi Perencanaan dan Pengadaan Barang/Jasa III.",[NO_CONTEXT],0.377358,0.035088,,False,True,,,,,,,
qa-missing-0009,False,peraturan presiden|57|2020,Pasal 23,Apa isi dari Pasal 23 dalam Peraturan Presiden Republik Indonesia No 57 Tahun 2020?,(1) Direktorat Jenderal Perbendaharaan berada di bawah dan bertanggung jawab kepada Menteri. (2) Direktorat Jenderal Perbendaharaan dipimpin oleh Direktur Jendera l.,not_found,0,,"(1) Dalam hal terjadi perubahan data dan/atau informasi yang terkait dengan pelaksanaan tugas dan fungsi Kementerian Koordinator Bidang Kemaritiman dan Investasi, Menteri Koordinator Bidang Kemaritiman dan Investasi dapat meminta perubahan data dan/atau informasi kepada Menteri Koordinator Bidang Perekonomian. (2) Menteri Koordinator Bidang Perekonomian dapat memberikan perubahan data dan/atau informasi sebagaimana dimaksud pada ayat (1) kepada Menteri Koordinator Bidang Kemaritiman dan Investasi.",[NO_CONTEXT],0.117647,0.0,,False,True,,,,,,,
qa-missing-0010,False,peraturan menteri|2|2020,Pasal 320,Apa yang tertulis dalam Pasal 320 dalam Peraturan Menteri Koordinator Bidang Kemaritiman Dan Investasi No 2 Tahun 2020?,"Tertulis dalam Pasal 320 dalam Peraturan Menteri Koordinator Bidang Kemaritiman Dan Investasi No 2 Tahun 2020 tentang Organisasi Dan Tata Kerja:
Asisten Deputi Strategi dan Kebijakan Percepatan I nvestasi terdiri atas: a. Bidang Strategi Percepatan Investasi ; b. Bidang Kebijakan Peningkatan Iklim Investasi ; c. Bidang Percepatan Kebijakan Pengadaan Lahan; dan d. Kelompok Jabatan Fungsional .",not_found,0,,"Tertulis dalam Pasal 320 dalam Peraturan Menteri Koordinator Bidang Kemaritiman Dan Investasi No 2 Tahun 2020 tentang Organisasi Dan Tata Kerja:
Bidang Pengembangan Sumber Daya Manusia terdiri atas: a. Subbidang Pengembangan Sumber Daya Manusia Bidang Pelayaran; dan b. Subbidang Pengembangan Sumber Daya Manusia Bidang Perikanan.",[NO_CONTEXT],0.591837,0.036364,,False,True,,,,,,,
qa-missing-0011,False,peraturan pemerintah|29|2000,Pasal 37,Apa saja elemen/komponen yang dibahas dalam Pasal 37 dari Peraturan Pemerintah Republ Ik Indonesia No 29 Tahun 2000?,"Isi resmi sebagaimana tercatat dalam Pasal 37 dalam Peraturan Pemerintah Republ Ik Indonesia No 29 Tahun 2000 tentang Penyelenggaraan Jasa Konstruksi:
Cukup jelas",not_found,0,,"Isi resmi sebagaimana tercatat dalam Pasal 37 dalam Peraturan Pemerintah Republ Ik Indonesia No 29 Tahun 2000 tentang Lembaga Penyedia Jasa Pelayanan Penyelesaian Sengketa:
(1) Lembaga penyedia jasa pelayanan penyelesaian sengketa dapat melakukan kerjasama dengan lembaga penyedia jasa pelayanan penyelesaian sengketa lain. (2) Kerjasama sebagaimana dimaksud dalam ayat (1) dilakukan dengan memperhatikan ketentuan peraturan perundang -undangan yang berlaku.",[NO_CONTEXT],0.469136,0.08,,False,True,,,,,,,
qa-missing-0012,False,peraturan pemerintah|6|2021,Pasal 221,Apa saja poin yang tercantum dalam Pasal 221 dalam Peraturan Pemerintah Republik Indonesia No 6 Tahun 2021?,"Berikut kutipan verbatim dari Pasal 221 dalam Peraturan Pemerintah Republik Indonesia No 6 Tahun 2021 tentang Penyelenggaraan Bidang Kelautan Dan Perikanan:
(1) Penyusunan batas wil ayah kerja daratan Pelabuhan Perikanan sebagaimana dimaksud dalam",not_found,0,,"Berikut kutipan verbatim dari Pasal 221 dalam Peraturan Pemerintah Republik Indonesia No 6 Tahun 2021 tentang Penyelenggaraan Bidang Pelayaran:
(1) Pengawasan terhadap kegiatan usaha angkutan laut sebagaimana dimaksud dalam",[NO_CONTEXT],0.709677,0.057143,,False,True,,,,,,,
qa-missing-0013,False,peraturan menteri|16|2022,Pasal 36,Sebutkan ketentuan resmi dari Pasal 36 menurut Peraturan Menteri Perindustrian Republik Indonesia No 16 Tahun 2022!,"Bacaan isi hukum Pasal berdasarkan Pasal 36 dalam Peraturan Menteri Perindustrian Republik Indonesia No 16 Tahun 2022 tentang Statuta Politeknik Ati Padang:
(1) Direktur sebagaimana dimaksud dalam",not_found,0,,"Bacaan isi hukum Pasal berdasarkan Pasal 36 dalam Peraturan Menteri Perindustrian Republik Indonesia No 16 Tahun 2022 tentang Statuta Politeknik Ati Makassar:
(1) Direktur diangkat dan diberhentikan oleh Menteri. (2) Masa jabatan Direktur selama 4 (empat) tahun dan dapat diangkat kembali untuk 1 (satu) kali masa jabatan.",[NO_CONTEXT],0.621622,0.068966,,False,True,,,,,,,
qa-missing-0014,False,peraturan kepala|24|2011,Pasal 53,Tulis isi hukum dari Pasal 53 dalam Peraturan Kepala Badan Pengawas Obat Dan Makanan No 24 Tahun 2011!,"Isi hukum dari Pasal 53 dalam Peraturan Kepala Badan Pengawas Obat Dan Makanan No 24 Tahun 2011 tentang Kriteria Dan Tata Laksana Registrasi Obat:
(1) Kepala Badan menyampaikan p enolakan sebagaimana dimak sud dalam",not_found,0,,"Isi hukum dari Pasal 53 dalam Peraturan Kepala Badan Pengawas Obat Dan Makanan No 24 Tahun 2011 tentang Perubahan Atas Peraturan Kepala Badan Pengawas Obat Dan:
diubah sehingga berbunyi sebagai berikut:",[NO_CONTEXT],0.676923,0.055556,,False,True,,,,,,,
qa-missing-0015,False,peraturan menteri|16|1945,Pasal 32,Jelaskan narasi hukum dalam Pasal 32 menurut Peraturan Menteri Pendayagunaan Aparatur Negara No 16 Tahun 1945!,"Narasi hukum dalam Pasal 32 dalam Peraturan Menteri Pendayagunaan Aparatur Negara No 16 Tahun 1945 tentang Jabatan Fungsional Pem Adam Kebakaran:
(1) Tim Penilai sebagaimana dimaksud dalam",not_found,0,,"Narasi hukum dalam Pasal 32 dalam Peraturan Menteri Pendayagunaan Aparatur Negara No 16 Tahun 1945 tentang Jabatan Fungsional Asisten Penguji Prasarana Perkeretaapian:
(1) Dalam menjalankan tugasnya, pejabat sebagaimana dimaksud dalam","Narasi hukum dalam Pasal 32 dalam Peraturan Menteri Pendayagunaan Aparatur Negara No 16 Tahun 1945 tentang Jabatan Fungsional Asisten Penguji Prasarana Perkeretaapian:
(1) Dalam menjalankan tugasnya, pejabat sebagaimana dimaksud dalam",0.77193,0.77193,,False,False,,,,,,,
qa-missing-0016,False,peraturan bank indonesia|3|2024,Pasal 11,Apa saja elemen/komponen yang dibahas dalam Pasal 11 dari Peraturan Bank Indonesia No 3 Tahun 2024?,"Isi resmi sebagaimana tercatat dalam Pasal 11 dalam Peraturan Bank Indonesia No 3 Tahun 2024 tentang Lembaga Alternatif Penyelesaian Sengketa:
ayat (1) dikenai sanksi administratif berupa: a. peringatan tertulis; b. pembatasan produk dan/atau layanan dan/atau kegiatan usaha untuk sebagian atau seluruhnya; c. pembekuan produk dan/atau lay anan dan/atau kegiatan usaha untuk sebagian atau seluruhnya; d. pemberhentian pengurus; e. denda administratif; f. pencabutan izin produk dan/atau layanan; dan/atau g. pencabutan izin usaha. (2) Ketentuan lebih lanjut mengenai tata cara pengenaan sanksi administratif diatur dalam Peraturan Anggota Dewan Gubernur. Bagian Kelima Rapat Umum Anggota",not_found,0,,"Isi resmi sebagaimana tercatat dalam Pasal 11 dalam Peraturan Bank Indonesia No 3 Tahun 2024 tentang Perubahan Atas Peraturan Bank Indonesia Nomor 13/Pojk/03/2014 Tentang Fasilitas Pendanaan Jangka Pendek Bagi:
ayat (1) huruf a dan huruf b,",[NO_CONTEXT],0.321168,0.02,,False,True,,,,,,,
qa-missing-0017,False,peraturan menteri|28|2021,Pasal 155,Apa saja hal yang dijelaskan dalam Pasal 155 dari Peraturan Menteri Kelautan Dan Perikanan Republik Indonesia No 28 Tahun 2021?,"Berikut adalah isi hukum dari Pasal 155 dalam Peraturan Menteri Kelautan Dan Perikanan Republik Indonesia No 28 Tahun 2021 tentang Penyelenggaraan Penataan Ruang Laut:
(1) Peta KKPRL sebagaimana dimaksud dalam",not_found,0,,"Berikut adalah isi hukum dari Pasal 155 dalam Peraturan Menteri Kelautan Dan Perikanan Republik Indonesia No 28 Tahun 2021 tentang Organisasi Dan Tata Kerja:
Dalam melaksanakan tugas sebagaimana dimaksud dalam",[NO_CONTEXT],0.766667,0.0625,,False,True,,,,,,,
qa-missing-0018,False,peraturan pemerintah|1|2014,Pasal 87,Sebutkan ketentuan resmi dari Pasal 87 menurut Peraturan Pemerintah No 1 Tahun 2014!,"Bacaan isi hukum Pasal berdasarkan Pasal 87 dalam Peraturan Pemerintah No 1 Tahun 2014 tentang Pemilihan Gubernur , Bupa Ti, Dan Walikota:
Cukup jelas.",not_found,0,,"Bacaan isi hukum Pasal berdasarkan Pasal 87 dalam Peraturan Pemerintah No 1 Tahun 2014 tentang Perubahan Atas Undang- Undang Nomor 24 Tahun 2003:
A Cukup jelas. Angka 21",[NO_CONTEXT],0.666667,0.08,,False,True,,,,,,,
qa-missing-0019,False,peraturan presiden|77|2020,Pasal 31,Uraikan teks hukum dari Pasal 31 menurut Peraturan Presiden Republik Indonesia No 77 Tahun 2020!,"Teks hukum dari Pasal 31 dalam Peraturan Presiden Republik Indonesia No 77 Tahun 2020 tentang Tata Cara Pelaksanaan Paten Oleh Pemerintah:
(1) Pelaksanaan Paten oleh Pemerintah sebagaimana dimaksud dalam",not_found,0,,"Teks hukum dari Pasal 31 dalam Peraturan Presiden Republik Indonesia No 77 Tahun 2020 tentang Kementerian Agama:
(1) Direktorat Jenderal Bimbingan Masyarakat Kristen berada di bawah dan bertanggung jawab kepada Menteri. (2) Direktorat Jenderal Bimbingan Masyarakat Kristen dipimpin oleh Direktur Jenderal.","Teks hukum dari Pasal 31 dalam Peraturan Presiden Republik Indonesia No 77 Tahun 2020 tentang Kementerian Agama:
(1) Direktorat Jenderal Bimbingan Masyarakat Kristen berada di bawah dan bertanggung jawab kepada Menteri. (2) Direktorat Jenderal Bimbingan Masyarakat Kristen dipimpin oleh Direktur Jenderal.",0.485714,0.485714,,False,False,,,,,,,
qa-missing-0020,False,peraturan menteri|13|2007,Pasal 45,Apa frasa hukum dalam Pasal 45 dari Peraturan Menteri Agama Republik Indonesia No 13 Tahun 2007?,"Frasa hukum dalam Pasal 45 dalam Peraturan Menteri Agama Republik Indonesia No 13 Tahun 2007 tentang Pendidikan Keagamaan Islam:
(1) Pendidikan diniyah nonformal diselenggarakan dalam bentuk : a. madrasa h diniyah takmiliyah; b. pendidikan Al -Qur’an; c. majelis taklim; atau d. pendidikan keagamaan Islam lainnya. (2) Pendidikan diniyah nonformal sebagaimana dimaksud pada ayat (1) dapat diselenggarakan dalam bentuk satuan pendidikan atau program. (3) Pendidikan diniyah nonformal yang diselenggarakan dalam bentuk satuan pendidikan sebagaimana dimaksud pada ayat (2) wajib mendapatkan izin dari Kantor Kementerian Agama kabupaten/k ota. (4) Pendidikan diniyah nonformal yang diselenggarakan dalam bentuk program sebagaimana dimaksud pada ayat (2) dan memiliki peserta didik paling sedikit 15 (lima belas) orang harus mendaftark an ke Kantor Kementerian Agama kabupaten/k ota. (5) Pendidikan diniyah nonformal yang telah terdaftar sebagaimana dimaksud pada ayat (3) dan ayat (4) diberikan tanda daftar oleh Kementerian Agama. (6) Pendidikan … 15 (6) Pendidikan diniyah nonformal yang telah terdaftar sebagaimana dimaksud pada ayat (5) berhak mendapatkan pembinaan dari Kementerian Agama dan pemerintah daerah . (7) Ketentuan lebih lanjut mengenai pendaftaran pendidikan diniyah nonformal sebagaimana dimaksu d pada ayat (5) ditetapkan oleh Direktur Jenderal. Paragraf 1 Madrasah Diniyah Takmiliyah",not_found,0,,"Frasa hukum dalam Pasal 45 dalam Peraturan Menteri Agama Republik Indonesia No 13 Tahun 2007 tentang Statuta Institut Agama Islam Negeri Kudus:
(1) Institut dapat memberikan penghargaan kepada seseorang atau suatu organisasi yang dinilai berjasa dan berprestasi dalam pengembangan Institut. (2) Ketentuan lebih lanjut mengenai pemberian penghargaan sebagaimana dimaksud pada ayat (1) ditetapkan dengan Keputusan Rektor.","Frasa hukum dalam Pasal 45 dalam Peraturan Menteri Agama Republik Indonesia No 13 Tahun 2007 tentang Statuta Institut Agama Islam Negeri Kudus:
(1) Institut dapat memberikan penghargaan kepada seseorang atau suatu organisasi yang berjasa dan berprestasi dalam pengembangan dan pembinaan Institut. (2) Ketentuan lebih lanjut mengenai pemberian penghargaan sebagaimana dimaksud pada ayat (1) ditetapkan dengan Keputusan Rektor.",0.284553,0.299595,,False,False,,,,,,,
qa-missing-0021,False,peraturan pemerintah|6|2021,Pasal 346,Kutipan isi Pasal 346 menurut Peraturan Pemerintah Republik Indonesia No 6 Tahun 2021 berbunyi apa?,"Kutipan isi Pasal berbunyi: Pasal 346 dalam Peraturan Pemerintah Republik Indonesia No 6 Tahun 2021 tentang Penyelenggaraan Bidang Perkeretaapian:
,",not_found,0,,"Kutipan isi Pasal berbunyi: Pasal 346 dalam Peraturan Pemerintah Republik Indonesia No 6 Tahun 2021 tentang Penyelenggaraan Bidang Pelayaran:
ayat (1) huruf a dilakukan oleh: a. badan usaha; b. badan hukum; c. perseorangan; d. koperasi; e. lembaga; f. organisasi; g. asosiasi; h. lembaga internasional; i. lembaga nonpemerintah; dan/atau j. badan usaha milik negara. (2) Badan usaha sebagaimana dimaksud pada ayat (1) huruf a dapat berbentuk badan usaha milik negara, badan usaha milik daerah, badan usaha milik swasta, dan/atau badan usaha milik koperasi.","Kutipan isi Pasal berbunyi: Pasal 346 dalam Peraturan Pemerintah Republik Indonesia No 6 Tahun 2021 tentang Penyelenggaraan Bidang Pelayaran:
ayat (1) huruf a dilakukan oleh: a. badan usaha yang menyelenggarakan angkutan laut; b. badan usaha yang menyelenggarakan angkutan sungai dan danau; c. badan usaha yang menyelenggarakan angkutan penyeberangan; d. badan usaha yang menyelenggarakan angkutan sungai dan danau penyeberangan; e. badan usaha yang menyelenggarakan angkutan sungai dan danau penyeberangan; f. badan usaha yang menyelenggarakan angkutan sungai dan danau penyeberangan; g. badan usaha yang menyelenggarakan angkutan sungai dan danau penyeberangan; h. badan usaha yang menyelenggarakan angkutan sungai dan danau penyeberangan; i. badan usaha yang menyelenggarakan angkutan sungai dan danau penyeberangan; j. badan usaha yang menyelenggarakan angkutan sungai dan danau penyeberangan; k. badan usaha yang menyelenggarakan angkutan sungai dan danau penyeberangan; l. badan usaha yang menyelenggarakan angkutan sungai dan danau penyeberangan; m. badan usaha yang menyelenggarakan angkutan sungai dan danau penyeberangan; n. badan usaha yang menyelenggarakan angkutan sungai dan danau penyeberangan;",0.349515,0.20339,,False,False,,,,,,,
qa-missing-0022,False,peraturan menteri|78|2019,Pasal 40,Tunjukkan kutipan teks dari Pasal 40 menurut Peraturan Menteri Kesehatan Republik Indonesia No 78 Tahun 2019!,"Kutipan isi Pasal sesuai teks asli dalam Pasal 40 dalam Peraturan Menteri Kesehatan Republik Indonesia No 78 Tahun 2019 tentang Organisasi Dan Tata Kerja:
, Bagian Perbendaharaan dan Pelaksanaan Anggaran menyelenggarakan fungsi: a. pelaksanaan urusan perbendaharaan; da n b. pelaksanaan anggaran.",not_found,0,,"Kutipan isi Pasal sesuai teks asli dalam Pasal 40 dalam Peraturan Menteri Kesehatan Republik Indonesia No 78 Tahun 2019 tentang Organisasi Dan Tata Kerja:
(1) Subbagian Keuangan dan Barang Milik Negara sebagaimana dimaksud dalam",[NO_CONTEXT],0.675676,0.047619,,False,True,,,,,,,
qa-missing-0023,False,peraturan menteri|15|2020,Pasal 76,Apa saja elemen/komponen yang dibahas dalam Pasal 76 dari Peraturan Menteri No 15 Tahun 2020?,"Isi resmi sebagaimana tercatat dalam Pasal 76 dalam Peraturan Menteri No 15 Tahun 2020 tentang Organisasi Dan Tata Kerja:
Dalam melaksanakan tugas sebagaimana dimaksud dalam",not_found,0,,"Isi resmi sebagaimana tercatat dalam Pasal 76 dalam Peraturan Menteri No 15 Tahun 2020 tentang Tata Cara Perencanaan Kawasan Transmigrasi:
(1) Rencana pengembangan kawasan Transmigrasi sebagaimana dimaksud dalam",[NO_CONTEXT],0.716981,0.074074,,False,True,,,,,,,
qa-missing-0024,False,peraturan presiden|56|1945,Pasal 11,Apa saja hal yang dijelaskan dalam Pasal 11 dari Peraturan Presiden Republik Indonesia No 56 Tahun 1945?,"Berikut adalah isi hukum dari Pasal 11 dalam Peraturan Presiden Republik Indonesia No 56 Tahun 1945 tentang Pengesahan Agreement On Trade In Services Under The Framework:
Undang -Undang Dasar Negara Republik Indone sia Tahun 1945; 2.Undang -Undang Nomor 24 Tahun 2000 tentang Perjanjian Internasional (Lembaran Negara Republik Indonesia Tahun 2000 Nomor 185, Tambahan Lembaran Negara Republik Indonesia Nomor 4012); 3.Peraturan Presiden Nomor 11 Tahun 2007 tentang P engesahan Framework Agreement on Comprehensive Economic Cooperation among the Governments of the Member Countries of the Association of Southeast Asian Nations and the Republic of Korea (Persetujuan Kerangka Kerja mengenai Kerja S ama Ekonomi Menyeluruh ant ar Pemerintah Negara -Negara Anggota Perhimpunan Bangsa -Bangsa Asia Tenggara dan Republik Korea) ( Lembaran Negara Republik Indonesia Tahun 2007 Nomor 51); MEMUTUSKAN : Menetapkan :PERATURAN PRESIDEN TENTANG PENGESAHAN AGREEMENT ON TRADE IN SERVICES UNDER THE FRAMEWORK AGREEMENT ON COMPREHENSIVE ECONOMIC COOPERATION AMONG THE GOVERNMENTS OF THE MEMBER COUNTRIES OF THE ASSOCIATION OF SOUTHEAST ASIAN NATIONS AND THE REPUBLIC OF KOREA (PERSETUJUAN PERDAGANGAN JASA DALAM PERSETUJUAN KERANGKA KER JA MENGENAI KERJA SAMA EKONOMI MENYELURUH ANTAR PEMERINTAH NEGARA - NEGARA ANGGOTA PERHIMPUNAN BANGSA -BANGSA ASIA TENGGARA DAN REPUBLIK KOREA).",not_found,0,,"Isi resmi sebagaimana tercatat dalam Pasal 11 dalam Peraturan Presiden Republik Indonesia No 56 Tahun 1945 tentang Pengadaan Barang/Jasa Pemerintah:
(1) Pengadaan Barang/Jasa melalui Penyediaan Langsung sebagaimana dimaksud dalam",[NO_CONTEXT],0.144796,0.010417,,False,True,,,,,,,
qa-missing-0025,False,peraturan presiden|11|2008,Pasal 99,Tuliskan kutipan lengkap dari Pasal 99 dalam Peraturan Presiden Republik Indonesia No 11 Tahun 2008!,(1) Arahan peraturan zonasi untuk sistem jaringan sumber daya air sebagaimana dimaksud dalam,not_found,0,,(1) Dalam hal terjadi pemberhentian Kepala Badan sebelum masa jabatannya berakhir sebagaimana dimaksud dalam,[NO_CONTEXT],0.296296,0.0,,False,True,,,,,,,
